8ff72abe
14bec70d
40efe4a2
fb03fc0e
d5210af8
3fdd562f
43962f6b
f938e00a
ee6dbf41
b2245206
8e03a248
f90be212
dcdf9e16
2b37489a
3fddb859
f2d23b04
3ac4ea3b
fddcf999
f99df643
5058a813
5659b0f9
50bb1ee6
a6b9ee63
bbed3765
a9e16f9b
bb06fca8
3ade2db2
beb49caf
8d55e2c0
1aba19d2
a249a7a1
ac58c85c
cca96adc
2d4d39ba
2ef949f5
072bb701
dca1f6e8
acd5232f
5ecfe8c2
3a206127
dabb6b64
5abeacf2
31d75bf6
427847bb
10262d14
b612be57
c0f4376e
33bb7272
064d764f
468d21fd
91f35d04
d1f54947
1ac9b02b
a1ccc1d8
fd343623
5062d6f0
f56dcdd9
26e9d93b
2c945054
a1b5e204
132aae54
bcbedf25
0cabd859
2a67b836
ef32c2ee
31f6fe19
b53b4c0a
4f50192d
81c69cf0
b653272c
36dbfe67
f04ddbaa
9ed025b0
42511a3f
d53a1453
44ce92e2
b0230cb7
2d91c3e6
f5dbecb2
fba4a2f0
5a554cfd
2ffaca3a
5a6b8fa7
28f3d0d3
bf399fd4
6726ee15
dcceb025
1a26d1d4
fa0d1af4
3646a202
bd090f12
2b315a0a
b4eb10a8
d913dcc2
0d4d08c8
fc1652cc
4eb8efcf
4dbe2938
42e74e8f
43c436fd
3ebce070
2628d923
6af73427
003b3651
be9ce1b1
df520533
23f0271c
ecb544f5
ab02f5cb
1b4de859
6f312122
d734b3fa
1e782f79
a4dc44f4
98d45f46
63163828
b16de2ee
c527de0f
b53bbc99
04b96540
6cac4136
a819684f
345a059b
b1ad3200
e9d7e223
0bb455af
5b6820e1
2954ff97
a8be2a30
fff131ae
a8680e54
c024b92b
d41a2501
0bd1cc4b
0615fa59
374e37c4
5aa1272f
545d3ddf
d1e5fdc6
1aecfc50
0705a1dc
229e5af0
3802a123
263c2aae
29b351e8
200a98b9
30bcd166
461127ca
e49d4c3d
39c2ade1
11c902fc
522f5a51
d4034c4e
a000343d
a8ddbcfa
2aaef727
76ade611
02150b2c
9530e7d0
4cc0dc4f
37542008
1849d562
54698ff0
c1edf838
791159f6
f5420743
dbcd42d1
f41ba313
b7fecbb3
d3c8e9d8
f8268bcb
3ffc278d
0ea8f8c6
912aad0b
0ce0aa3b
4b99a5ff
6545d6fb
3cd9ec14
1e370b29
029331c5
fba1e7b4
14a10684
9cf14296
9dcec91c
c9af4e33
014c42e0
4e2c4b0e
c8e44bef
dc39eaeb
a48dc317
3f73eeff
6395fdd6
f5b0fbb8
f595a3fe
21afdd6a
15462f93
ed9b53fb
f89114b8
adea0b0e
b7c3b3de
362ef8e2
3aa0b75d
ddf41026
dcc645ca
7c2b28d9
119fd2b0
9d6210eb
2344aaf6
5b2028f5
e8445410
68059b42
d04edfed
04317f8e
fb00d130
f50306ad
c5d337a7
0d06f518
f903ece2
e6f214db
01bc08d0
f6e61f1d
093b15fb
050ad522
13e2cc2b
d211ecec
f7fbfff1
fd0accfe
f7d2ec27
e8e7d3d0
12d1c8ee
0e0edcf5
1cf402d4
d420ef07
030cc8ea
fe0f1f1f
37e80aef
05fbedf0
c1d7bb1a
b2fe1005
130f23eb
cb27d0e7
173c1bf8
4acbfe17
ff090317
ec44f90c
1404d2f7
18400752
05d408f4
1a190a32
c8fcfbfd
1ed50025
1fcc10f8
e9e90bfd
e5f3ec21
062027d2
3bc00a0d
ea15fae2
e415edf0
3c1ff91f
0215e622
e2fff229
eaf3e21e
da0d1220
eaec2921
a7fae439
11eef202
f0110eee
d5eeeb0c
23fdf5d8
e628e303
191cbad1
f70e01fe
04d4cb00
d7ca1b16
1f30f701
0afe09fb
e61cdedc
e8d4ecea
d4fecef0
deb7e901
0dd1e61c
022ccc2e
ded3ed0b
eeeefd25
f22ad626
bd2e20f2
1be802dd
1314092f
e21629dd
e93221d2
061de0f4
f7f5e838
073c210e
f20036e2
be141235
d80e0900
cf180107
c11209df
df161a0b
d023bffd
cff216e5
f4fd0436
d7f41b2e
38dff40d
112ef319
cfda30e6
122b223a
d702e618
2633d72c
0f07f0e5
0803d309
01d0301f
bac810f2
dc14ff06
fb1cfb0e
e9e1241e
25dc21d3
c8d720c8
ba30dad3
f8d0ccf1
cffbffcf
f5212be5
2307eadf
0d0a2425
012cccf1
060336d6
cb2f0b15
26aef615
c42d0f42
c9d30121
fed7ddba
0bc9ee00
fcdf2fdb
d41a10f2
c7cbf108
36e81ce1
f9f71208
08e81d13
36eaf307
d615fefa
340f2af0
e4f812de
dac9f13a
d8d31b30
07edf9da
f0e82dfa
d0d63a06
e023d039
e2d00108
f806fe1e
e8e60a35
1e0718f7
0f04e027
ff095c0a
da2a2a03
0ff0fee4
f30f0320
2109fff6
160811e9
d1d8f126
ed16d3fd
12f8381b
dced1bd6
fb091203
f708271f
fc2bed29
19291dd3
1c11d3dd
e92725c6
12ec1a19
d305f0fa
d2f01f2d
1dded4d2
f21fe4d5
f3e11b09
ccf5071f
08e0e01c
0421f6d0
f60cd1d3
f42c010b
10fb162a
0add0dd2
c71e222a
fb1f0e0f
230d250f
e12ada07
cc27251c
05d202fa
12d1140b
c727fefd
cb19d8cc
17362a15
d313e1e5
25e1e40b
fae71f20
fadfd62f
04fce4d4
f3f3082e
fe1ff7f1
dd14caf9
29e312db
ced2e6c8
07f8f700
ea1bdc27
d109dbc8
f70f24ec
f3142005
e103d7ff
f31ed00e
f01b2be4
e12d1a1d
17f70e23
def0d0cb
21fcef2c
1c0824ea
d52e17d2
f5d00307
d5eff6ee
2c29ecd7
1a212730
05d8e711
0e211f05
0c25d9ea
020df60b
1dea1d08
0ade02f4
ec1de419
19effef0
040afacf
0a29e907
07f1e214
1305cace
cdcb27f6
f71621ff
e2d4f4e4
fbec07f3
cedbf803
ce11e123
2329faed
cf2a16dd
dcf70109
d0e902cb
0e2bd0da
222f09f6
d9191df8
db171ce3
ece01113
e209dfd0
1501f71b
dcef12f5
11e1d914
fee8ea01
d0fe0ccf
e0fce8d0
ccf60b30
13d9cdd3
dcfe20d8
0001cb1c
e9cc1a2f
cbd7cad5
14e91721
12ed0cdf
e613151f
25172d2e
dae4d3d8
e1f3d2de
0a2bd20e
28da082d
0823d0f5
e4dd1b29
d6fce92e
ffe6dbb9
08d83532
d20b0f01
0ce32821
23e9f127
022b30dc
d3f126fe
2701011b
30ed03ec
e004f5fc
0839072d
12170dca
e010271c
09f9dd1d
10ec17e3
01070536
1912df0d
e6131704
ef2dde2a
f8fcf6fb
08fc12d9
23c9e0d0
d60bdfd0
d8f0cbfd
07fce127
0c1827f1
0133ecde
f0cafbfb
ca06d8fe
0a27e02a
fbfcf5ed
0ae82406
e5dbd1e1
07df3d14
fc0a2f23
f53308df
10eee7ed
d5ecf0e2
b31c18df
d3fbd11b
f5f8eb2f
c2e22719
f013d8cb
28ff1cec
e1ed1a08
d8fb24dd
f7fab0dd
e8fe1aef
1231aff0
2aee0011
cff7191f
fee3f0db
10d531a5
dfc713fe
b235d3c4
25f3f5f0
f40cdffa
b1e8d9f0
1f23f6f0
12f4ec00
d9ca0a1a
1748e3f0
d8febc22
1921d51c
e70dd8fc
35effaeb
21d1ba20
0703f8d7
d8bc4ccd
20031acf
d7fdf2ea
d9cb1534
0f2008ef
0c18c833
f4ea01f7
f8f00d0e
f0dee024
df15d911
ced809e4
df1a0b3c
24f4d2fe
f1ef1148
aaf01aed
ffdb2106
21bcf6b5
e915f219
dad5e0df
07c7f2bb
18ee3903
d4d5e514
23f31311
e13731ec
2ff42625
feee1b20
2aea1cca
02ee1613
222dc5ce
da06451d
a20f19d9
02f520f7
fe0b18ff
f9fae6f3
b0e3bfe0
1fc50de0
1afc163b
dff7ead0
e8e63c1e
2b1f19ce
0f14302f
2908f826
fbc1cbdb
3531fa4c
f0eeaa23
cc180c0d
bf34f3ec
26270d26
01d73807
2d050dcd
e5fa05dd
111ffcf8
db26e738
0013e12b
dae6290a
00112cf0
d4dafcd8
141dea15
34f7e7f9
0edae748
22e8d92f
31fae601
c9373809
1dcb0d1d
d324e7fc
2423072b
13e70323
0bdf2808
0d183221
c80d2eda
2df5eb11
ce3416d5
311914ea
3a2cd5f3
352c27ee
f9153126
16c9c93c
1bd30e09
c316f211
f51b1a29
e1d4d2f4
df3404cf
d02011ee
f80ce40d
260f35ea
f000f00a
2430f213
e905dcd0
f2462316
d855fcd6
2b2e0eda
e63009f4
01cef224
dcfbf30c
b13d3605
d2d842e8
01c4c8db
1ff4f0d4
2e23e512
2af2d7df
2dcb032c
0bc908e7
18ff502e
f43b1009
05f22dd0
073829ea
1314e203
3318f736
071b1c39
f2052cef
f2e3cb2c
1b0dedd8
2d11df1b
e4c5ca05
e217e5d6
0cd2d5e1
02e010ef
dd23e5d8
1ecddcf0
21290af9
061e3429
281808eb
fabf13c2
f336f51f
cf13d413
14f0f7e7
23e00bf1
f0051aee
fcc7e20c
03f2db18
0fffc6e8
f1cee30e
fe212af0
e224ddea
2c23de05
ff200c00
db0c1ecd
443e0724
f8e2dbd8
d305c045
d2d111fa
e8db200e
fe221cee
dfd8eb0f
2a0611f3
d8d7f2f7
03da03c3
f513c30f
d031171b
cb24d5f3
0a06e1ff
17e2150c
f60af9ed
4324eef4
01f22d0e
f1401326
2dfb0ff3
2c213234
3c3af0da
e90a0801
2825dded
ebf8f8ef
fd2409d8
cdfc1b07
0f2adcf0
fa0315f9
e2ff24f2
100606f7
cf2c1d1b
ee17fae6
e6bbedf8
e62ffd2f
09ebd508
31f939da
e521dad9
1b06e6db
0916de17
160d0de9
1ae22fe9
f2f50928
f8ed3230
cf02d617
fe23dc1a
ece0f4ff
1be3fed7
22f0d116
ea0c2e1b
10221bf1
fcc01c2a
fdd924ee
261736e0
c4f72721
fbf8c518
22f4180d
3d1708ea
1c210313
edd0fc17
eb12cc30
f33f07cb
e10ae402
fd381bc4
f0fa2c16
180de710
f4eb093a
d907e12f
fc00e62d
2409c6cf
ef08df1d
12dbbc10
03e4da06
df0124dc
24da0e1a
29ed1feb
f521d819
ecc42a2b
17f7d849
cdfadf11
38e61402
10eff51c
dedcd1e0
0809180b
0e35ffd0
1c400002
fcd4151f
2d27c8dc
f728f7e5
11d31d2d
e93f041a
00d512ec
f331d8d8
edef05f0
031c1eff
d12af6c8
e925ea13
e4d72b0a
ec1cee03
f0b8ddf4
222613c7
f8f308e0
f0fa2dff
1fe0e13e
051614d7
00e4e11f
001bf821
ece821ef
e3f707e8
dbe81515
293b19f3
f8e60ae6
3f0bdb0d
10e82ccb
3ae3dfe1
f4bae00f
e024e129
2bd5e00d
e1e21014
0d0bb5d1
1c0c1408
e22ecd1e
fe24d4ee
d70008e9
f813181a
1ed6210b
30e0ebf0
ddeef81f
e0ea1113
28e7d629
d3ddcd16
0efb30df
fccfdc2e
fbd810f7
efe5f11b
dfe0d11a
23e3142a
2c19270b
d5ff1e00
f32f1bf5
1429f628
03fb10ff
f903e4cd
ff070f11
da211eec
e712e2c8
cd01dbe0
05e92c0c
271d0b1b
19d20016
e3161a00
29dcd8d6
0b27ca01
1dfdf5d2
25e4e5da
1b1df10f
ec24cd0b
1ad310e8
f5d0142a
131dd530
3214c9fa
f5facb0b
18e5f2f4
e605da22
1807e10c
32e9d2f7
1bc7e8f3
e2efcfe9
090922d8
e1ddf608
df0010ca
1e10d5e9
0a1c15d3
22022813
f4020814
0a301cfa
d709f4e9
06f02f33
d3e2f211
1b00e2e3
dfee10d5
31f1f628
0a172320
e4f4daea
2d25feda
f52c28de
03ecf2f4
d90d1cff
e3dbcdfd
2be1cfda
cce0140b
092c2a2e
1b22f70b
09f81824
e62a162b
14d0c618
fbd3eb21
03ed25e5
0d13ee14
de07f8ef
20e4ddce
20252cda
ccde1f0f
ec00081c
f1d61f17
1b2022fc
e2e4f8ed
fa2ff1d8
ec0befe3
13fdfffc
0e21092e
2507f41b
16060df0
3127ce2b
c6d42b10
09e1da08
1df22b22
001b11db
df0dd9e6
ef2c0f03
0df70de3
fe2931c6
46eed3f3
fae7e1e5
f4f501e6
00cd2cff
0300d6fd
e9d304dc
11e4fdd0
f012fafc
02fee1e5
f023adc6
1e2519db
2a2ae426
ca39df23
f6092b08
e5edf12b
f8d4e008
e921e2d1
132cd31e
26e1090c
26d614eb
201b0725
1f1f2dec
01160af6
2a0bda00
09e9e1f1
d400e002
e62b2726
10e406e5
ff1dcd22
21e2f2dc
fedad00d
0bf8d7e0
e1fce406
d6fc290e
160b26d7
f80bf9d3
16eb24fa
0ef60621
d334d0ca
f5ca3007
19d620d7
18f2082e
fbd7df0d
f626091c
c8ecffee
01ef2e17
1a24c318
25f31cf9
d32f01dd
1bfce02a
3701e3ee
03edf5fa
dcf2d34a
e401dbe1
10bd0e1b
31dc2d08
e62f0ec1
d5d3d5e8
f3f8c514
f3d00a27
ea0be6da
1ddad5dd
0fe2ecf7
e8100d07
131ee813
ed12ed0d
3fedd21a
11d1f6cf
fafee131
f5ee16cd
0813d8e8
ffe6f5ce
d50deac8
08ebd7d7
d6e720e8
ee2d0d06
d61b1b06
111cfd01
f00701f2
0e0d14ee
090fdffa
f4d1f520
1a0aea1e
021924cf
f411e92d
0410dafa
0c0f16e1
03393016
e22f2a14
0f0ec1e8
e0d7e120
d8cc12f1
ec1f2907
f4151a27
da33f2d6
0121e9f1
cafaddca
301f2421
420df0f2
deefff24
1409ef24
2315f00a
19151926
fc0e01f9
e62c25cf
16022bec
0bde07e6
cad22ee7
ea28eecc
e226e1df
dd2829fd
d12bf8fa
e5e511bc
3a1618e8
363be4f6
16df01dd
1619d516
24042bc5
24e0d62b
1dff04ee
270eded2
10eef401
ea04d714
06e3fe1c
e3c61aef
1904cad7
cf28f5e6
f056e6f8
11282908
32ed31e1
2b0e2420
dee506dc
f33ff838
fbf81403
fdf8e4ef
0bf0e50e
0ee5d8ec
d8d81cf0
230222f0
f10806ec
cefadffc
3409effb
dd0f041a
0efc0604
e2f31e2c
08281518
3c1ae4fc
31de1318
1ceb28f3
0712d100
d1edf1f7
38392c16
c7f6ff16
011b20db
ea1705ee
dd15f409
d5eadbd2
e8de0d27
e930f6f7
f6f1e333
0a0e2c1a
e6e4ec17
2a380f25
24b11afc
f1e5efea
1010d6d9
2ce30f23
321d2fcc
eff300cd
e4f816fc
d1111e0a
24f50d11
f9f901de
3ae7f0e6
001ad626
23182702
1e04f60f
1e31fff0
19311f21
fbb20105
03f6fcfb
ef2b221a
05d2ed05
052c28e5
0ae6f4ee
d1e2c2f9
2018261c
d4dffb06
15e3e61b
d0e4e016
13f1e7e1
0519e810
181ef5fa
16ffdc28
2ef81415
e50dfb1f
de0bedc9
e0c90c05
0d1bf415
d912fa15
ffd433e9
22f1bee5
08d937e6
2cdcf92c
0f20242f
2011dc21
fdd5e1fc
1cec17dc
2c1d0f03
fc2f3517
e4e3d228
0de600fd
26e0011a
ff2a1ceb
0b371edc
fb0efe1c
14122e1e
ce33d503
c9de112a
f8e2f946
04e40841
ec24ead9
091cc8e3
fe1bf2e1
ef131fe1
21f933dd
1e3013e1
1e250d0b
0fd2171a
fece0237
fec2fefb
d4142d17
16dd2522
10ffd00a
e819fa2b
d02913f2
d9c1dcf9
db19e531
d40f26fe
131ecd34
cf091cf8
210de7f4
e20910cb
06e0eeff
d5e70d0c
f902e4f6
fdddd6e7
fc24ede5
0d21faea
23e1f922
e7d10ad0
06e22d18
14f3291e
2bffddd5
e0f31cc8
ddde182d
1610d221
c30e1ff0
f317020e
16f0ed18
02132016
1001e9e3
df0612f5
30ead800
00f2dcf2
0b26f63d
ebf5daf7
3dd7fc33
f300effa
11fedcec
2611efdb
e0db060d
2a19eff6
03ed11f4
2c00f5f6
061111fb
22e5e622
d5280def
f0242a16
26e31feb
13ff22c9
0e2df905
f1253203
f8f5d81e
f3fa2204
eaed0809
0f30e3d7
f4d2e9f4
c91b092d
2815d1cc
fce5d7e6
f0c8df22
e11324ea
fa0ffac5
1519f716
0ef80d0a
eae62cd9
14180631
facfe22c
dbe82cd4
dcd3df0e
d2d9fee6
2b20ceeb
1d201236
27d4e130
e9eb1c2a
e11e09e5
01e7f0e3
f5e51cf5
06e2f3e6
fe21ccdd
fc01f015
2d0b17ed
e4edc6f8
01fe18f8
1cedfaf4
1a0e19fe
cf2a2208
e0dff0e7
2cf424eb
26f8dfce
0fedfdf5
f5e4da22
fa2dd73c
ea301ef7
d800e800
03d6e7f4
fa21f2e5
06061d28
070d131c
eff4ecd9
ece4e71a
e71ff71b
cafeeb13
26f2edcc
032ddafb
d3dbea1f
1e05e711
10e1f0d2
fd0615e7
29e0e1ce
1ce1e421
032b06e9
ebca0bcd
2225e7d7
d3dee221
e61524e0
1ef5dadb
cbe82711
efd6dd20
f9e0321a
d90fd502
ff1ff731
031b1213
e006f9e6
d5201ce3
df01d6db
222f1816
0be11e14
d620cfcd
e1d4f9d6
e225d82a
e3fe0103
2e15f6f1
dce40f02
101a1b28
1913d5e8
10ccfafe
ed230b26
2310e5d9
da25e2fe
d1e0d31c
d2fdcaf8
0e332aef
11f510ce
1a1f150f
e8f8eefb
e9e8f325
00ddcfff
04fc0bd8
d52d01cc
1bf1eaff
fde0e1f7
f224f626
cad52bdb
0f2d2f31
f4f50712
f0e7ffcf
23fcddda
f1fe12c9
08fcd9dd
2c231414
29f5fbef
0d29d91b
eeffe7e4
cf0223e0
fedadee0
e42dd3fe
fee5fb00
efdf0eda
34e2f218
07f119fc
e82d07fc
2015cd02
1a04c818
2f190007
c5e2da18
2c21d20e
d5f5da1b
22d5ef06
d1caf320
e8cecdeb
dff6e52e
2bf1fcf4
d11beafb
e0f620ec
2410f429
ccd3dcf5
eff1ded4
121c1cf3
d2e4d71c
fbfbf2d1
d2c503da
0604eaf7
1a1f2b2b
1f2211ee
072e14e2
0f0e05e6
20ebe7d6
f200150f
cdf7f4f6
e7de3006
faf4f5d3
212ff91b
e91fe625
10bbff2e
2810c8f6
e52526dc
19132f1d
e0e1e129
271ffce9
d2cd2605
e3fb29d9
d8e92c01
e9d6f00b
d809100c
c210251a
ec32ecda
e8242e0b
08d0250f
212fe5f8
e7e0edd3
0c29eee4
ced7cd0f
f6e129e1
e2f2fd17
e3c5efcd
faece8cf
ce04dc15
22fa09d2
d5f419eb
2af5e2f3
d7fd012a
dafdfaf1
fce104e9
011ef723
06ecf2f6
3212eae4
2af10ceb
000c1102
e205d5ea
e9d13222
26db2210
df2affd8
eccaf6dd
012bf8ce
040b0fce
240228e8
0b14ecf8
fbf726dd
0cd8d8f7
20130819
e622f60c
2920e4d4
03f5f80d
e41b21e1
27d91ede
011419e1
f215f3f5
ed151b12
dff2cf09
deeee0e6
efe20e07
d0fce4d2
cbcedb12
1bcdd0f8
1fd0ff1d
e4eae522
0f0a21e8
19c9f917
def10a02
f326db0d
211ae5db
04d4cb26
dcdce1cd
1b08fbde
c9e820dd
cd02d61c
d61de409
f20428ea
f225101e
e2d0dbde
080eebe5
1e2618f4
1c07d1f8
f2130a09
e6ffeff6
27f4e919
20e81ef9
20ebd9ef
fcfefc10
ed11f30c
cb03dbc7
f3262921
dc13052a
00e5dcfc
d1d61cf0
d009f21b
030fe203
00d9d1d2
02ebfbf8
17ccdfdf
2925dae0
0203d418
03cd1e01
f1d514cb
14d50102
fc0113cd
ff21d213
dd1b27ca
0408f013
17f528f7
eace0cd9
25251de4
16c411e4
00d8d30e
2cd01326
16cee0ff
c7d4e7f7
00f1e609
dfefd7e4
f4f8f1fd
0feaf8fc
ffe8ed2e
0fdb06f2
e6ebe0d7
e4f50af6
12d91ed5
e5182400
dd23141c
24d00932
222f0615
dd03f925
df20e7e8
ee281120
f2e4f90d
e90d2320
1b0f04f0
cfd82e1e
24e71c09
e81e2a16
cd2a24d1
04e11fcb
0c17f0e4
eb2e1724
dd2d24e8
23e91a03
d307040b
02f4ddd4
0dbfd720
100c0f29
de21ce14
0c12e6e7
d937f9dc
dedad624
e9e2d405
04f00f0d
27ff16cb
20f6f20a
e7e414f3
dc2ed0de
eff8de16
d70c03de
0c0812ef
28cdf623
2ae5d7e9
1aefdaf0
27ee17e0
0a24f200
d9f70b09
f622ebcb
fe201c05
f1e002de
340627e3
fbd9e6cd
e32ee80c
eeeaf91e
dafd0b0e
fef9dc1b
faf52521
e51d2120
18d7242c
f8db28f9
2f280edd
d7390bde
25daf722
e2030fcb
d3232ad4
e7dee8cc
f9d20f15
09420f29
d5ead3db
1af016da
22df0503
04efd7ce
1e0014f2
2afdfed7
c4041d13
18140d19
1629f719
e9eb16f1
d7fd14d6
fd2c04dd
e61d41ff
26d4f1d4
e4e4f203
28e4d432
da33f811
1f1dedcc
27c70c24
331e1e2f
24c600d4
e807dcef
d9d12a26
df2bea0f
20021113
b6e8c5d2
f6010000
1531edda
1a143810
def0cff0
dae71eec
29ca08ff
0dd9fb16
1cf439f4
d0ea0b08
3513ed22
dbedd328
cafbeada
fa073210
1e350b32
eff40405
c3e216da
081a27e5
fc0324f7
19d12ce0
ea1013dd
ddcf09c8
f025e6c5
f2cbf7cb
f5ef00be
fa2c0ef0
cafdea05
f2db200a
ec26d236
1d10f52d
1619f435
f60bfcfc
dabae92d
dce8e6d7
00f82212
cfd12709
200b1d0c
c1f9d1ff
2be4c7c5
e4e10503
131013ce
0f28db1e
39cbf71c
35e2e8f4
19ea260a
11f3251d
e3ee0a2e
ed1df8f9
c8dad238
0ef0e4d3
e520ff06
0405faef
11ffe7d9
04dee9ef
29cd070f
04eddded
06ef1b0a
fd40f1da
25ddd3f9
dfe423d5
2cfcfef2
23dc1201
d5edfe0b
d123101d
c514121b
dbf71cf9
e30233d4
13ed2211
f4e905e4
efdae3cd
d8ef0f09
25d7fa07
d60809f0
161e29e0
dbf80cb3
241e070d
ea2007f9
29c7e8d7
17e0121f
24f4dbf9
dbd00c3b
0131030e
2022d703
f7f9eafa
e82731df
bc170e00
2c0010df
27221335
bc00ebcd
280f12f0
262bce00
2beb2ce6
34350fea
e105e901
0d10cde6
fa0e0afb
bcde24f4
fd23d8d6
17e2e5d5
cff202f1
09f107fa
0fdef21b
27aefce3
0225fe18
e7d607d5
d60aeb28
db1033d4
e1202521
10eddbf8
2d1123f4
33c62a1a
0903d2bc
33210315
39242b1d
08f4ede0
0623bb20
e5df05ff
daef00d9
02d0e524
051f3a3c
02d7f9e8
e7181de6
1634141c
3840e524
fbf1dc38
4617d8fa
231c1a29
1317f323
f31912dd
efd7e9dc
c5e5ebc6
d7f4ebf0
e302f8f3
d81a031d
e4f8e2ff
d2dbdb05
031cd626
c7eaece5
e81516e9
d31eec01
0605fc09
fff71bc8
e70cca2e
cef2ddd5
f21810f4
f51321e2
de211cca
0110e71c
0913ee0e
2621f4e4
120a32e6
f3fc0d2f
0214d2ed
ea28e902
fcf5e20d
d5300af7
3d1fea11
e8c8e70b
04d70f1e
cb0a2a24
33e7f4fc
071d26d4
12bdecd3
fdfddc1e
def3f1dd
d0fce6dd
d701ec2e
dcdbf003
c9ced0f6
1df904f6
f425ee3b
0cfcfcd8
162e232e
f305cee2
f40debff
18bdee00
2a02efd0
2af529f7
d90629cc
cb07bb02
2bcae2fb
1a06cdd7
f432121a
d4f42f0e
1b02f321
e1f11e0f
ff0de8de
160f200f
1dd8f11a
e5cc1620
09fde135
26d30d1e
20e10e35
36fbe70e
15f71ae4
cf27e713
e5e9331b
3ce00b01
d6e5fb29
fc27f20c
19d7ce1c
232b2ec8
e03c0113
d0ef2be2
f0eddf01
00cfd0c9
d3fe250f
20f7dbf6
f13712e3
f30c0cd3
13e4160d
e80cfa25
d313e0e2
240af7fd
dac9cb3a
fe0339e2
fee31215
06ea29f5
06121710
e6f9d2f8
370eef0d
17020416
1a35ca10
cad4f609
24f925ce
3303fa0e
23ce2ddf
2b36db13
de30df08
1b062119
d83d25f7
2a0e23fd
f627d400
cbd5f6e5
f61e2704
dbfd010a
e6d9d6f9
e1c41120
f6041514
08eae6fe
e1d8eee2
3ce0e90b
d72614fe
0341f724
e5d8eff5
32f9d7d8
0103de12
2403f9f7
fce1ccd4
f6232ad5
df1130e9
e0032e0e
f7e7f0ef
2acd0316
e9e4111f
0cee0fda
0c2c142b
06d9d1cf
17f819d9
13e70df3
10d5c8d0
dbda052b
23d81f12
051332fa
1ffcf6f1
0917e1e9
e0032623
eb16fcd8
28db0e2c
0ffcdbe3
1017cf19
ee0bf004
13d9241e
e4fd00cc
2921d8f1
11f9d4ef
eacdffd4
f1ffd725
1027d314
cf16f513
fc07e5e1
27d3dce0
bdef13d4
19d5df08
e620d001
d0cfd7f6
ee0606c0
2eeae123
30da2326
16e60dd0
e01cf1cb
0033dbfa
e9c624de
e1ebc7e5
e8081ecc
13140905
1ad9252a
0b14c607
f2dbf70a
c1ea0520
cb28d018
1dd1fbd4
e7e5ef08
e8050f11
17ed0bcd
d2f4fdde
29e309dc
2512c81f
f9fc1aea
22210e31
21fdf8c6
12f01300
0a11cf03
0befd3d2
342726d8
06e1de2e
24ead807
f3cc2b17
fc01cbfd
22dbd607
e1062113
2cf8fad9
06f32de3
dc06e0ec
e1d8c816
30f6c9c6
ef05daf9
cdf00808
d0160a22
d12be2e1
e8d416f5
04280c19
16ccd0e2
18cfe113
cf03e8fb
f02c10ed
10f5defe
22021617
18db17f7
f2f5e416
2fde12f2
faddfd0d
d0f2f00c
e7e1e0f0
d310cdfd
dafbf3ee
f0bde7c8
d5e923ee
f923030b
23eaf6e8
2624021e
0611d41c
fadb09c7
e6ec1424
2b130df8
f0f8c6ca
e2050600
3cfc15e2
ebe605d8
1516e21f
d4e70e24
f8e217dd
27e0d831
fd14ef26
f12be2f1
1ecc0122
12d40fd2
04de0ac8
00e5d507
222607d1
0011fee0
2122e923
f615f205
240000e6
d80bdff9
fec9f3ca
162dca24
21e31dcd
eb161619
ee28fe0f
d5e01a2c
d2c9fa2c
ddd0f7d0
e30a1b11
11141af8
ec2ed026
d1d8f5fb
d0dbca04
15fe2105
e413deee
160dc9d7
16fed8e0
c4fc19ce
df11d9e9
220910cb
fd29ef25
0c19e005
e304daf0
cf1de6ef
17e6ccb7
ebd3e747
fe350ef6
c74205dc
f1e91714
dbece516
1dd5f6db
cff6cf15
fed209dd
bc1516e0
e5f23cfa
0f16240f
f2fc28ea
fcddcd22
3010e2da
080bfd1e
f7ddfc06
e8e90b0a
e9d711eb
f633c129
02eef204
0202e528
1103c3ce
f7b4c62c
e425e3ff
ff170819
fbef3613
f2e3bf1e
f1e73dea
283ef735
2929cb1e
e824f342
fdf205c9
e2d33134
1ee2e32b
0415f241
efc6ed01
eae0facf
fef9c2cd
18dce0da
eeece42e
d12aec09
fc21d830
4626d7eb
dce403f4
e817ef00
38c808d9
3bd3001b
0f09efd4
cbbf340c
eee8ff14
f700d4ec
d9f0ebf8
dd0e271b
fc252811
2617d325
16fffc2d
e4e9cf23
f11aebf9
ebe81b09
f816e9e3
33460718
040716f4
dc1f22fb
26d903f0
c7070d43
c61523fb
0626f6fb
240cf2fb
f101f21b
07f81ee1
12dd19d3
0b2811e9
d33b06ed
dae04602
391a0f03
e70fe3d8
0905e739
190b1613
1a26cb12
0a1e1b13
c81cf008
ff310409
ea142125
e52005ee
e8fff1ec
f8f4ecf0
22e2ede5
13fffe40
ea31e40e
19f4fe02
3c192125
03fa0f0c
2720d818
2434ea01
161019e6
e2e9ff23
f2f92111
e63e3bd6
ec0fd9f5
28f8ccfc
04f9f4da
29f7d121
31f2eeeb
050d24ed
e712e21b
02190c00
f7f906f9
283814d2
21442bfd
352e28f1
02260608
e2d111f9
0f224a17
24ed2e27
dff72018
0308eb19
053936d6
eef8cd03
fc1a0edb
3be9f702
d4f6f3c3
040d2cf8
fa2b40f8
e32c4ef5
e74af201
313f0d02
edea1d0e
dadbdd0c
2000ee1f
f3fd4a29
0ede2e56
24041721
2b244503
32cef528
00ed27e4
29d307e9
01e70be4
dd2e2032
d712e1da
e3f4e51a
0345ea17
2ce502e9
f3e0f902
d1ebe9fb
df05270d
390a07f8
e5252707
2af6d4f6
f6e6e402
d015f8f5
211128e3
f6fa2adf
c513f326
29f5f726
32d11532
2634fbda
f0cdea2a
defb18f5
e3d2f5db
cef3ebd4
f3baf8f2
db01e6f8
1c2bfc22
0e28cae5
29c702cb
f1d01ce8
f60018fb
d538df0f
ccce0317
03f6f3e9
0619f8ca
ead021f4
1a0e18d3
c80ded18
e902e217
ece2c8d5
01d0f9d2
22da0611
2dec23e7
dee6e9e9
edf9e4d1
1507eff8
111111e8
1efb1224
c9e31813
cff42412
19c9c9f7
f4f52622
0ac9e0fb
2805d609
24201aec
dbee1f19
09e4f604
e202f61b
d913e9e4
d42ec520
2a29fb09
0817ffc4
17d114f7
0bf4eadf
ce081634
0b16fc15
f312fef3
fb2a18ee
dfefd326
15b6fefc
f1000633
ebc8cb1a
1edc08fa
180514f5
e3d6d9ef
fffddee0
00dee713
1cde15f0
271cc2f8
101cdc04
1f25eadd
ede7dff1
d9062313
fc181a27
3313dae8
0cf0e002
dd12d307
02e40ffb
1ffeeae5
2c25dce4
ceccd311
2bfddfe2
fbdbccf4
17ecd9dc
03eafe07
0a18f0de
d7db1231
10f41111
e616dce4
de320b2b
e72e0c31
10ffd80a
da22f306
2929d6f6
f2002c1d
081efc1a
ccf3d01c
fd1600ce
f42bfff2
f3da060a
fe0ac1d5
d4f31ad5
1c2ce8f3
cef1f2ca
33c7f01d
de02cd17
1e03f2d6
2fc5e919
f43018f1
170a1bf5
03e9e9fb
f73b15da
2606f71a
e518d7e4
eb13ebd0
ffd1ebd0
2407c8ce
2aed2930
f03604e8
dbfe28dc
1425011a
ccd5cef6
1dd3fc03
16fadef6
ebd30d23
cf1118ee
01222ac7
fbe8d4dc
eaf4fcd5
e90fd7db
d7d1ecd8
042810dc
db3e0029
272e231e
fff8e730
d51531ff
14f82f09
ee04d924
f8fefeda
11ddd4d2
d917d8f2
d7efdbe1
d7ddcc2f
10f010da
22440df2
f025280b
ffcd20fc
0bfc1828
e1ecc4d2
0ef32b21
14f116f6
edc1c2e0
e71e2e13
260dc914
edf20804
c92e1be4
09f11023
e6eee8fd
f0ede720
cbcfd8e8
1b2de9e5
d9c405c6
2cfae61b
cfd90dc7
17dcd6e1
fada0bec
fd2efee3
d1fbd9df
0d04f7f0
0d2af9f1
160d00be
d9fbf525
ec23db1d
11313ae2
0f0f200a
e805d6c7
0731e5f5
dffbe9c8
23eb06cb
f8f602dd
270ad10f
fc032f07
dd061312
25d3330e
1a00fe26
353bdad8
36ec02d2
f8c01424
d825db1c
c7c601b9
d50edf18
2103270b
0a4f250b
d8f04602
eae60425
05e1edeb
f5012e1d
040cc322
23112915
f2bcf1cd
3f1add23
15dd181b
fb2907fe
1e472634
0032250e
f42e0500
cc0afe10
f822ecce
1401c619
2b073512
21d01425
102315e8
0be1f8e9
2abdf238
f80b2112
03d52a22
fa25d7f1
ed01ded5
d11225e8
071035ef
39f9e31d
ddfe030f
fcfb2e10
d013fb21
fcf8ff41
030ded00
d4f3ffdf
0bd1ce14
1b032239
0b101b12
f5f1e120
ed37efec
3c40f018
0af40dec
d32a01fc
db2709ed
f8dd1702
fa04402e
05edf23d
e0071dee
0f1e0dd4
0919e4fe
d3f92ffa
fc02daf7
1ffcce27
eef1eb38
e21fdb01
d1e7e208
2d27d4d7
400fecb0
05ffec29
35df1020
f5fd0cdb
d3e63134
e91ae302
270af712
fbeef1ff
ec2df041
1fff3cdd
fd20e424
3ae9431e
28020af0
421e2be9
2be9e208
4c3c3024
12e4df09
013ee2db
e527f133
3e0120e2
e310fc34
022d071d
0e4801ce
033641f7
ddf3ebff
fa171e26
21d6170e
32fb2808
24cb2e1e
3d0dfdcf
dc2226fb
37fd213b
28d5f8e4
f50606e6
ed28f605
3cf2f7e3
212b224b
e934dbd6
dd2be1d4
13dcda24
fd0ae416
f4f0d0e4
36261fee
df10060c
de34e5e8
29ed291c
08fd28d5
ef0cd5f5
e5dfe801
1aedede5
d3290218
d319fadb
f6101628
022a1224
eeed2e1f
ffd825d7
df30f4d3
28ffe30c
02ea042d
061529f0
f31e291c
d8f933e3
0432ecc6
3ce4cfe8
e415e0e0
0b0407cd
d2faf9d0
c9e8f6ef
0e312e28
082feceb
25fb0bfb
26f5fee7
fdf1cb18
20de2324
dbe4f7e5
f7f6da28
1fff261e
22fcfe03
07051cd4
dd1bf229
240622ee
19d41adc
f70118df
2bffdd15
e43404ef
f3f5cfe8
f3ece21f
0416d0e8
e0fcd608
daccd5f9
fff90af2
d7dffd08
27f30a00
2d110fde
ca0cdad4
25e6e1d6
0fe8e923
f226ca00
cdf10208
f028fbd1
1c2727cd
ea28fe06
12d4e1d8
0a0fff01
26e8ebfb
e905fbd7
d923f4e2
c0d22117
2bd0e4f4
14cc0f1f
2c13f0f9
d9fadfec
08e9f7da
01ef1208
06f42500
0e0400e6
121ae70c
c42a002c
25291e20
202d2beb
07251b22
ca2af608
1403f61a
c7091632
0df7f6f9
29f30400
f10ce509
13220bf6
26d4f709
fbf029df
141304cd
12d8d51f
dd2ef511
fdf61504
e9e9e2ca
28df1efc
f8f4fe19
d4e6f813
14210a1c
0b01f129
e21ddf05
2313d102
dc1c111b
1ff6eb01
e1fc3918
2721fb24
2cdffb14
280c2535
f2df19df
05d61a00
080d082b
2f06d9d6
1116dd14
fef81b26
eef61acd
11e7e6d4
2cdeddf5
f1061615
f3ef1704
f800f5f1
c507e82c
e5ebd41e
fccacdd0
051e1642
0bd829d4
1a2ed9d1
fdf4eee7
17ff21ec
d2dee91c
22dbd9df
e0111d0e
1bc6d616
212c300e
d4f6ed29
1b3f2be7
19f8e530
f0e31aee
d4290104
d5e403fc
df26cfe6
050917fc
d3040cdf
efd322d8
f4cdd8f9
ee11371f
d32bf013
170ae8fe
230ae8f0
27d0f7fb
3def2414
d218defc
f62b24e7
d8fd312d
db150010
dbf33f30
05fefaf2
e634e102
f1f5ffe1
3d19f1f4
021c09e8
03e537fa
27dbe011
0f15d9e1
2e1cebf6
280ac100
e4d80f03
d522d0de
f62312d9
15c4d5e7
1705f8ec
2fd4fff8
10f8f6cf
10d3edc2
ffdaf0e0
ff250be1
ee2025ef
f009f0e9
dad52ece
08e202ff
1ad918ed
27040bc8
2af1f3d5
fed6ccd1
15e118eb
e0d8d802
c70f2f03
e216ee06
00c1081b
29cd1222
ea10e2fa
3b121b0c
fac92b21
d71e2f0f
f6d40bd9
0be9cee2
e13afbe6
2a17eeed
40f90d1b
23e11108
f7e71c09
efe5f2d4
10151fdf
14033810
2de80f1d
1bd5331f
13281d1b
39facc26
f61c0012
ec39f7f1
1af2e2d8
fdcc1ad3
0bf530df
1b1de724
18fd1bea
c708d7d1
d1e9e11c
3803f120
0de31af1
023212dc
2516d035
c1270af7
db20fb1d
061be2ef
f40f013f
db3a2935
09d60614
db292afb
1e1128fb
f8f7d9f8
f6defc1c
0ae5e9e3
3a36ef0d
d4e1dbec
05f421e0
0a2efe02
fcd0c3d6
e3133719
3313dcef
2725f705
da1827fc
070302fd
f4de0810
0beec8e2
1a2a2beb
25def508
12e0d622
f70e25dc
31ef11fa
fb24f3e1
11f101ef
e118db07
f2dfdd1b
14d41722
271ce103
3c380aff
1a1018ee
dd26e230
29300cd9
0d0beb04
e90ae5f3
19d20815
e6d3f2e7
d4cd0def
04090a0d
0f210e29
d925de18
002008ec
1102edcc
081808f2
f0160fdf
0d24fdf7
00f7343f
d00acd3b
16212722
1e230f10
2ef73606
2127cfe6
15e8ea18
0ee02306
222e1d2e
0623fefe
01e0d62c
04e5de0a
df14eef9
eb28f7f5
16f31d05
06e80be3
2c2d0dd3
f8fb2bca
00e6be1d
f3dbdcc9
09f4d206
b1d51ccc
cee71319
dd0109c8
161ac42e
fd172356
08e4e249
cce9e1e4
ed32fb3d
d922fdd9
2cbb1ff9
26a336e6
47f7020a
f4e40009
dba0f6d6
f5039695
b431eb1d
beee341a
c8ad3e28
e84d05db
2fd8c3f3
1b4d134d
53d8e937
e9b4bce6
fb2d0902
cf1ab8e3
41f90100
fffe07f0
2fff24e2
e0090efc
1bdee322
f3efd5cf
f20dabfd
9feb3f0c
ceeb3a30
c6103ccf
e5fdd7b7
f8132102
4dde062e
c0f6cde6
f141c50a
0e0fbd06
47f23803
d4c2d00b
f91228da
eedcff15
25b0f628
fc22b507
d310fb09
a8222414
c0b2fe39
1022370b
2b2df827
5202064a
58e9f326
1ff3140e
f93ae704
0dfefe41
53fa3317
efd905ea
10ef180b
d002f5d0
eed4d1f9
1cfeb9e3
e71bff04
e6e06833
17c23445
0e1a2a06
14f2cf2d
3f520848
4f1aed15
c30bf8b4
0d2ae916
1e0c0706
f7e2240e
ddfd2ce3
3becf9e5
2be204f6
19060cfd
4423cae9
d0fbf229
a21341fa
e6b43af3
1df4041e
e52cbcf8
22463348
24d7054b
11c816e9
e3050b13
eef5c1bd
2803fd3b
e42cfb22
1a0438d9
effc35ed
f8c5020b
fa060d14
1902f832
c1da1c1f
f40417f5
121b1f0e
2612ed56
475c4905
3efb072e
dd1b15d6
c11b10f7
c516f000
fa0b3722
18073ffd
330bf5d1
27c60d2a
1ce8ec11
36f61025
e633d808
cd150633
f1e53b17
d73248f4
fb50f1ff
4f3e0b27
103129ef
3727c2d1
ebfde339
d0fad832
4b231400
ff11ffed
370e52fc
270b02f1
0b050e1b
1d01e9d1
e849100b
dd300efa
ec015443
cb2e03e2
1c2fe1de
191760f6
0e25cb0f
1e0c05be
f92e0504
ccf8240b
d3f60202
04dff813
cd1000fd
ceeef3c6
ce00e7f4
050d0d1b
0f0ce0f4
de11f6cf
30edef0e
d3bdf029
fc2c12e2
22cfc702
09e004b6
f7f5feea
e415cadf
2c120dcc
ed16cf1f
d9d82519
0cf20d1c
f821e0fc
020d01fc
27ffdee2
ebe2e4f6
f5fbfc1d
2637f4c2
16ff30f2
1b0e1a30
fafb05de
0301f8b8
011e1d3d
25ea2df2
dae3efeb
0a00260e
bc0f29eb
d8d42c23
0b29e3cf
f9d4fd11
43231afc
31dbe21c
f8fd1d0e
37e7e0df
d9f3dc28
3714f8fa
0bfd0a19
eef3db14
2be6f81e
d7f001e8
e52238cc
0a17c8eb
0c0d0d2d
f91fdbe3
fc0e15e8
0ec9eded
2cfcefdf
e60f17d5
3004bc04
39d7d6d4
f8c0bdfa
e6cd2913
f5f6f7e0
dbd8dd05
ff210f46
05d9f41a
24e13627
df35fe02
def22503
3323de23
001c1021
0f02de19
f212fd11
0ceee304
fbe2d40a
3b0cfabe
0add1110
41fa13e0
22f1bdde
1e36fcd5
033d0dfa
fc182ad1
01101222
fe18e8eb
0afbda21
dcf93531
022ff007
fae8ecf6
14011322
04f01323
f6f9dbf9
330ee518
00f3e4e0
e7e3dd3c
1dd811a9
0a130af5
2df22b17
0dd011d9
030dee55
e406dee9
0e20da0d
d8d813ba
fa142014
22fa0f0a
e1d809e9
0f3115ec
08f2e82d
f4222ff1
fcc8c821
f40e08c7
e3b61a06
d92a0de2
f73a2933
131e0fd0
e1012e1b
e83febf3
d2dbe5dc
d428e0d3
02092124
e402ef0d
fdf63628
02d92cfb
11030423
2f2be4c7
fcbf123a
2926f6ee
2ad8c2e2
060bd203
08352e43
2ec21fdf
112c1c17
21010720
31112be8
e63f1e22
292dfb2d
e6280200
14cd270e
2f323013
2fdff5f1
31f3fffa
08ed1120
db231a32
0ffddee8
d00ef4cf
e707040c
0713dad5
ede60f10
e8a2c217
ecb7e91d
e312d711
e0e7fef7
04dfaff6
abdba5c0
1881fdd7
cbe6e8b1
c0e91335
2b1b0214
f9f80c0a
10e92542
1504d8cf
f8cf23d8
05feff46
3035baf9
08bc2202
e4c10fec
26e6ccba
051c2d0c
0eb609d8
e000a7ec
01dac3e2
dddc0eed
15bcfd08
2b14e207
2d01d4dc
2206ff0a
f6fe0a29
ceee07c9
002705fc
f135c1f7
2e12070c
f9d6cd08
0bede7ec
d3cf2c24
fce1cfe3
c6fdffeb
20f3e310
b2e9f8cf
d8bb2a3d
0f0fd4d2
b2fcefc5
170f0a3f
e1f82116
bd2e00d4
1bdcf531
1ed5c604
15d8f932
baf0e0cf
2a02cfbf
14b83bd0
c8c6cce9
dddce4d2
db8aeae6
001236cc
1bb727e5
f60e141b
39f6caf4
150a190b
fa201601
d5d7f419
f403ff39
01ebf2dc
35c31e0b
c4e20e07
dee11b17
e6132bf7
de07ddcc
ec290cf8
1cfdc0fa
c4fce6f3
f0b94cf3
f4432203
efdbe20e
f10cfeee
1706e719
bb0ecc13
1925b800
f72f011e
000cd7e2
f8dafbe6
f2fdfbd1
e4fd3637
25bcbc09
2d1fedd3
2202d516
ddfb0d06
fc0d000c
21ef191a
edcfd6fa
2af41811
ff1ef523
18e2dbd0
fb30e92d
10f71514
17fc03ec
dac5ebfd
20fee3f8
d1be0900
01e90b1b
f923ecd4
e0f010ec
b32c23f9
211455e2
d013ea1b
e1efeaf1
131bd039
28e0230c
f5c7e308
1a31d229
093deff0
e8fee207
e7c633f5
2d05cc00
25e71cd9
f1e0f7c7
0fe72310
da12e7d9
bffce2e2
0b09f812
fb450ef4
0009e2e7
10d81115
f6ef28df
fdeb04d6
dc0dfc26
ec280de4
2be1ee04
f0e73fd4
27ffeacc
23d9e90f
dde00cda
ddf7e3cf
26f9fd1b
0e030eee
e1f52638
e63219eb
f739f317
340f311b
0919d538
d20a26fd
0117d1f8
0b23cb09
041bd01c
d9f030d8
cf21db15
19081e1c
1c02f4f6
eecec519
1225e2ff
24080ade
f0ef3220
cdf3dfd5
e3f7f4c5
12181dec
ee08f5f2
18fbdcef
ebee28f0
d7d4191a
f117f4e1
2919e1da
ce31e1cf
ce0c2fee
d8d70d23
d80c1122
0d00d61f
eaf21aed
0708ddd8
f72e26ef
2207dc00
ec19de05
1eef1612
dc23df13
25e8fc11
eee62ff9
13eddfe8
f6e12104
17cf01ff
2bddecff
27221ff2
0e0b12fa
c7f5eafa
f8eae2f0
0deae42f
eee1d802
eb27f527
06d0e907
d5fa1225
fc3c2000
2dd5d4e5
e0f441ea
d10a1523
e9f7db2e
dbfdd510
ccddecf3
eeca18ed
ffd313d7
ea19df0d
1aca0118
dde2eb2f
05fefd22
f91924db
09ec2118
d5321e29
331808e3
0a021426
011011c8
0ff600e9
1b02161b
15ec08d6
172c19d8
1c22f61a
ed05dff3
debafa1a
18f70810
1b27f824
f316eb19
3ad6f40a
12ca14fb
2b03e7e4
efe127cc
0e2ec5f5
2ef205d3
0232f9df
1bf9ecd7
cacee324
12db0c23
dce40bd4
f8f4d1ef
1cfb2bf6
171b22e2
2903e6fb
2c0fe3e8
38ed0e2e
13e32515
dbf8f9ed
e5f4f3ca
04c82f1a
d6370114
e8e5f629
0f0222d5
1b06d2d6
eae80d0f
e8e32be7
d8ce02fe
022902ee
24d41533
f803f8d1
ebd720fb
ff1c13f3
212f30d1
181aff36
03cb1e01
0c0fec01
f9d421e8
c5e1f0f3
dcfc2a1e
171af3f2
e1f326e1
ea01f3ff
0dcc0ff3
f6e0c60a
07d307f7
11f01f0d
fe1e0137
3628220f
e4d60e0c
37010e31
2cc2ed1e
f3e1ec3c
2223d022
02f4ecf2
071a2dff
1a08e126
d1d9f127
1afef2e8
231af125
0426edf7
d6102233
25f5fff0
05212b27
d11df11f
0ef7f2e7
140206dd
1001dbfb
ee03e808
ea04d2e5
e50bac0f
2705ded6
e318082a
00eff402
1e141319
dfd41b24
f90305f4
f7c3b8ee
3809daf0
d4011908
0bf5ec06
daf4cafe
f3b3eac4
fe301112
ef17dcaf
def836c8
c8f902d5
dcfde819
1ae019e7
ea1318e7
ebf60a27
051719ee
03200d07
2cc5ffc8
08e7f113
05c9db17
0720e417
d9dca70e
b8d6eb07
d5eb2c0c
f3e41d08
def202c1
e52da80c
ecd4e7ea
1904e504
ef3ecf1a
da23d024
08f90406
252ce113
f3fdbfc1
e235e302
1fefe61e
02e0e3eb
0bf8ccb8
b1ecc6fc
f1413921
eaf6eef0
190d24fe
ee21a1d1
dced0dd2
03d9c2fa
dc35dff2
000917f5
34d0df34
2d1c33d9
1e10d704
fd2d00cc
dcd5edf8
d01eddde
cdccc217
fc09e3fb
fbe9e2e4
31e41afb
26140b2b
de46de05
eccdd8d7
dc120a07
22260bfb
cd2a0c14
38f8e712
2b13ebd7
08cdd814
02db2af3
cb20fbd4
ee01f1dc
12d100be
addfe5cb
f84e022c
f50f080d
e832010f
db3aefd8
20d304d4
e811f8e2
e6251dd9
cd2ae22c
fe291006
0f120cfb
caeedfda
0d24e5cf
03f6d628
0adddd19
e6b8deea
e9f8efeb
081a090b
1e0805c8
05f020d9
e026f9e7
def228dc
e520b115
1d2ee3f7
111f1fd5
1605d63d
1b141d01
e8cdda00
382dfbfa
ebc806f2
d22f3c14
d5dffac4
0d0fe80e
e405e2ec
02191ed5
1e00232c
fdf0d1e5
ed2506ff
0a30b7e4
ff09e21b
fe1ede2b
0e161407
40ee1c28
22c6bbbe
2a2e0df3
cafed0fe
c92fdff1
0dceccf1
e7c9fbef
fa57e935
3d0f2ee2
eef22007
2506e22e
f207e3cb
e1e8c319
1a033419
2621d6fc
dd2b1be2
31f9fa38
25f3c5b4
e8070024
e7d9c4fb
1a1e2be3
dbfcdcd8
c626cb09
ee1a2ffe
f0cf08f9
d42b071c
21c92609
dc0bcc2d
f31d2528
21c30108
04131fd4
dced0d14
1b0de5e0
f0d90de8
c6f70007
d11ffb13
e6e2c7c8
c8023de7
da182514
1b1cf420
d129f01a
0ef7c10d
23e72412
060a191d
18faf92c
16c2e215
2d0ef924
f31308db
1b1903da
d5e8f1f3
0a2cefea
d0f20813
23c8d7d6
be1614cd
220d24ec
d7091126
23d8ff42
1cf0e9c5
e3e602e5
f8e91b00
032ed3f9
e4e60008
10272b05
fbe0d8e5
23f61b04
18d6e0ef
fbd330eb
16022ad9
d5e9cc0f
25cf35dd
ea1a2d0b
fd091ad7
0406d1e7
010b06db
f4e20de3
cc2ff42d
d426f5fa
34f101c7
25071531
cc0e1fe5
09e4e623
060f1d11
1dd80afe
2ff401f8
32101e09
fb19f420
17c1f504
ebdcccf0
1ce009dc
cafcedce
1dfcf434
f9e8e7f1
2024fded
32c4fcc4
f4e0f910
d21cf600
f70ad803
31e81802
eefff409
d1edfcec
13f7f930
1212d938
1239f2de
0025f2c7
2a161639
ff28c12d
e108e1f3
0218252a
0fdff40d
f4c3e8cb
0ff4f3ec
12f3e5e0
d5bdcf04
0efe18db
041e1728
0e2a29e5
e906dd02
19bb19de
f0f31cf5
d7eef719
22deedfb
192327f1
f001da2d
1ccc0cdc
00f2d2f8
1bf7e902
ded8042a
dd14e629
cb0f020c
2821ce18
d41709d7
da1431da
f7f8280e
06d5e8fc
fa04f614
11d3e0f2
e904e3e6
d7f3dfcb
1fe4f905
d1d1fdeb
160d080c
eee327e1
11082f2e
c6d421f5
f912f525
08dc051a
f10101f1
cdeb1d16
ec16e515
20222d1d
d6e322ec
faf31932
18f7d1e8
1012df1c
f1fa14f3
06161a0c
d0ee01ca
fe0b2223
20fdedd2
0dcb26c8
dacb1127
253611d8
e1fae201
0325f507
1eeac8c5
13ca0a1e
e7eb1cf4
1d0c06ee
e318f42c
2523fd24
1c520022
2d36f1d4
f41d43f4
2827e24b
dfe7f6ed
1800e311
17f6164e
040829f5
4f2224e9
f3d90ecf
f83d1630
1632f8c2
4b06040f
df093bdb
c93e0e23
2f05333c
1917f6da
37e81f0f
fbfa3cd9
d2021529
00031f1c
44dd2646
03e83701
e10bfcde
f7e7262c
2c130113
1d42fef3
f42231cd
4b2917ec
fedc25df
ef19c538
feec2dfe
fe09e3e2
11fd0608
fde72427
d5d6ce06
21d5e30b
3b1cc8fd
d6f406fc
23dc251d
1211300e
102f11c7
0af2e72d
311ee4da
090f13cd
0b12ec08
fa1af417
2bde27f1
084400f9
1bee4017
f9f90e06
f016f415
2515ea17
312d362e
081feb3f
0df425fe
2a0107c9
d31b12ea
cff4e8fc
de27e9d6
2a22ebe7
e80f07f3
d5eecf03
19eef1f3
d6ddd7fa
03d837e8
e6e5ea03
04e21d09
02c4041d
3702c8fe
e9f02921
ece11c0f
11d5380b
082203ef
c838db16
01de370d
00dec922
c60914da
c707d6df
ee0e2c06
de182315
0112fedb
e50cdfe3
da1c3216
2d2ad7cc
e9d210fa
05011122
e6eee32a
d91104cf
ee282b17
f3ff0a08
f2df0b15
f4390fd7
ecdcdcd7
14190f09
07fdda00
cc140d0b
f9302300
e12235f1
f7152236
0e11db1d
2d14d402
19eade24
2cdf1336
dd12efe0
d2f3edec
c729d8f1
2306e538
18f5d911
edecd40a
f2effbf2
15322004
01c90dfa
1b344bfa
20fd05ef
f7c92631
0815382a
1b0c2f21
0ae3f2e9
26e5e805
fcf2eefc
d2f1f6e8
1f261d13
2ed71ff3
03edea0e
1102d7fd
f4f608fe
041ad1bf
e4060ffe
f23511ed
411cfaf7
d6b9f5d9
d2e9e92a
1e0431cb
cc13d3e0
08e4f6fe
15292eb9
cdf2fdfa
2405db2b
2ef5f425
320b232d
17051ade
cbf4f115
f42cdefb
d406c5e0
190a34d9
1a2f060c
15f141f9
f718cd08
011706d7
120904d6
0cd2ed15
29fb3221
0f0d25d0
0a1ce021
e1f12d2f
efc9171d
e1e01ec3
12d1c7fd
2133250a
0034e127
02080fd3
17e2f000
06e7ffd5
d1fccacf
f3d8fee2
1ed8cf07
0ae506c1
1cef251b
f9ddd7d9
efdbf62c
decfd00c
cb26f0d6
0729d9e4
f22add0b
ebe419d8
c60dfe19
22e70714
e324d3e0
f4d04003
ffe9cbd9
ca2b1600
06e1f519
13e1edc3
dece340a
0123231c
f601c81c
3000d21e
16dde41f
d436e507
d502f1f9
fd3b29fd
101d0017
191c08f0
00f90d35
0fe435e7
ecfbcf2b
32fe2a33
d41ed0d4
19e3f1f8
07f9030a
2de3efd7
f5cfe707
3bd60ee4
cfd20c22
1307eef2
2ce10233
27160bfd
022c273c
f801eb11
292d0cfa
dee60e10
1813fef3
1ecae1e5
1e18da0d
dbfc0427
fcdd0ad6
cc12e70a
0af00311
1a1bcd24
220cddee
e50afcc4
17da0bf2
14e6ea12
eaddfce6
02dd12dc
0314210f
f6d43a21
f3090d22
0526cc31
fbfee50e
d22a0f09
ec2405ee
e016fad4
11e1d737
040cd502
e30c1005
f1d90af9
0c2df9ed
ef34dc21
e7b93114
e9032ad2
07ef03f8
1e062fc7
f609ebe6
000206f2
e22502de
15df03e9
d91f2ade
132f2aea
07e6dbe3
1c0620f3
172010df
2208d40e
cd2cdcfa
f311dae4
04bded35
cef8cbd0
27ed1135
f2c04be4
eb12ef04
ddf7fe08
c0d1fbe0
dd02c519
d1e82c27
ec1029e3
ff2add04
f030dc0a
fa28cc21
3211fc05
fe0ef51d
e1132100
f8f31af5
d22402db
24d2d3fa
e5fe3fe5
10f7f127
231ce7d8
feeee5e4
dddee4ea
0ee4eefd
031aeb13
f2102af2
e8e80022
09f1ce01
0623cfc6
d5ff27ee
07d9d4db
ea1c282b
002725fd
d8f408d9
25000c26
cec605ec
fefeccfd
2008f0ea
22f9f02b
f2fa07f8
1e05fae6
2edd27df
d1d720f7
db05ec26
f6c6ca0d
e01e05e1
2f03100a
eaf60634
cdeafcda
dc1122c9
04262527
f9fdeb01
d62bc3ee
2806e100
e2161827
2a1311e9
13350700
cf11fd0a
0ef1e235
1ff61af8
20dbf8e4
18f1e223
18deda25
1803e32c
e5fb1d1d
e9ef1f13
f61ed6df
0b00fb07
06010720
2c1eca17
04321d22
27d5dce2
f0d501eb
26d218e9
e4d42911
dfd9effd
f1d70829
18d3fe32
f6ec16ec
f2dfec2e
d3f0dbcc
01f1101d
dcdf0d01
feecd21e
1ad3d6f2
07cadd2b
1011df01
da1206ef
e1dad1e1
35e6d90d
e3eb1d13
1b02cd0f
e1dd23dd
f9fb05eb
2f371728
e51324f6
fc13291c
18fd0f23
e60402fb
e42321d4
d9090728
00ea0cff
f0deef24
ccdd201a
eee9eae0
0c290614
0e1d25e9
07da011c
ece80d1c
2ad31f1f
043521fa
21edf1f0
e5d22ae5
2af91104
facc10de
2dfd1bfd
1ee2d601
04ff2af3
df3022e5
0bf8dad7
29eef7f1
0c11dcd5
050aff08
f923cd2b
0ecef42d
fcdf050f
1adfc42a
3107f029
f2e910ef
e1cf0810
dcdc0f19
fc171e26
f9e30d29
f6fb0c0f
1620e8f4
1435d930
1633ef20
27f102f2
eaf2f20b
e5db2309
25f033e0
ea22f8d4
e4010806
e6ff29fd
12ff312b
d5e8ec13
1702f9d7
0729d723
150fd61b
deee2711
1d0dd403
150f30f0
f4311b13
ddeedf11
eedddef3
f10eeb2b
0e292113
2eea1c0c
f20005e8
ed103821
220c29fe
24f9eeff
f1f71f04
12dae1e4
2325f4d6
0f121aeb
d7d50dda
f7d127f8
28e7dc26
23faff22
ed351f19
34d6e007
1b16ff21
fd16f3ff
09d4dada
f2ef1729
2a08f01e
da28dc14
d90800f0
e4f8e4e2
e0cf07d9
fcd716dd
20321e30
dfe40537
01271d0c
f5e9f70a
22e8e230
2a331421
1adcf010
023410e6
f4b9dad2
14bb392c
35e03221
fef733c6
f829afda
d00110de
13d8c50a
292cd726
da3522ea
df2bbb38
10d2f9ee
d8102311
f033e9e9
413d00e4
20a91306
d84201f7
2ccad5fd
3bb3e22b
2ff4f8e0
dcda0df0
de2fb6f7
2113dd1c
ddd3d7ac
dcd71206
fce2f81f
2e2ff51b
d5f5ee0c
d71f1dcc
d3db1f16
040b1936
1abcf9ec
d829c937
f2f6f4cc
3ce416ed
212ac9f8
f2d60300
e90dc2e4
f2270ce0
c7e0e3cc
eae80d01
d7db291c
1afb08ee
d3e133d0
eededd0a
fa3e2a18
2a03fe26
f1192f27
194a162a
11ef0600
1e09160d
1411dcfa
2bc536fd
28f5ce0c
ce012dd0
1cea0ae1
04df0e01
e2122efc
ef19e21a
ce270809
1743d634
f62333e0
fc100c10
f3e9df0d
f445cb45
ded4d9f8
12d709e3
fef2f505
22c1edf0
c308c603
26fff429
f9d618ee
242bfd1b
fdf5e931
08fbd6e7
e641f4ea
d10e01cf
cf201ad6
41e3f505
03bb250c
2c25d519
eddd12cc
151010f7
2240e602
f30b2925
1ced020f
031ee321
091a2c25
242e1edc
0421f828
da340d19
fc083527
de0be54b
f7f5f82a
33e304df
0800dd14
df03f0f7
19b5f61b
01eff4ea
e745caf9
ccc6072c
ece4c7f4
d9f4f0c9
e717030b
2afacff2
3923ed44
3001d604
12072ce8
0ce3e21f
cb29e928
fff01cf2
18ef1af8
282d23e8
03d5df26
390ae905
def72406
ddffd5fb
2114fa03
1bff040b
ed1418de
0006ef25
2936043d
ff18cce9
e91b2d0d
e23227d7
2b12eed7
00ea18eb
320a19fd
efd31ccf
09e4fc04
fd30e0f3
f532f109
e5fc2f23
e928f305
d6e903f8
5b01f1e5
d831d4fc
e61ee016
e9f813e0
f6290918
ed1f0ada
fde331c8
00f80f19
fc2625f9
230ddaf7
121c11c2
2400f522
39f30519
0a3b2822
e4170f0f
06eed8ff
4b27dcdd
0533de1c
06d107fc
e724f7f6
cb13ec20
ef190115
1e2135fd
421c1539
fddc03f7
0e2ae71f
d91b36be
c53bce28
1dcff6f9
e96020c5
fcea1730
0e1ae30f
13d2d835
dd0f263c
38d142f4
282bf4fd
0dd0da03
5c2e224f
55dfd909
3526eff0
1630eacb
e7f917ec
1a0cf7c2
094d1202
10f032ec
0b4c31db
ebe7f3cf
e62417f0
5acf072a
0d690115
2eff17f9
2810d411
00400c23
32441112
5b3d4ec5
2c4c1950
27471cfa
d621ce08
1af521fa
d214223d
4220f1d4
205f1106
e0e143fa
23f2d0e0
f428d7df
e9fe2820
e3f61609
fafbf6ce
0234df03
fb3418ed
51e843c7
2338cb1c
0bfbd3eb
e7dde12d
fffae806
bff1304d
31d7f3ed
1453db07
dde94231
20f0051d
dedcdd35
16f1e5fd
1e0f26ee
3325391d
d40032ec
30f3e017
0ad50c0b
2813d7e9
35dde000
0df20347
03fdee1d
e14224ec
303d07d7
e551eb2d
e2e72dfc
dcde2101
65df0817
db0c0c17
061b3339
e9fd29e9
112103ff
0d2b08d4
3cf4210d
0c16d536
3ff4d4cf
24271900
19183bf0
fbd81c32
00173814
c129e234
2d301cf5
21e731f1
24ebde0a
ffffe5f7
e205231b
edf21bd5
ee0d362b
eb160ce4
20461fdc
183bfd23
13cecaf8
26f3d13a
f0f0fd0e
12e53541
471bfc15
e819040c
09353925
22d233cf
e812f8ff
edd52e1d
03140318
31fcf30a
14fae8ee
37ea01fa
35220400
20181ef8
14dfe9d9
18fc2741
ed0c13ec
051a0ef5
02f2e1f9
eed1fbce
121410da
ced7f4dc
3acf1d1b
2905eb0b
d22b03d4
35d4081f
0934dce5
eb0520f4
fcefda2a
1a1023e7
d31632fc
e515d90d
dc3e05f6
e51bd1ef
0306ef15
f1e3d2d9
f2310b32
d0e2ec0d
0d07d82e
03140a2c
e3df0ee0
211f1111
f01412fc
f6e1f4f8
f7dd15e6
e8c4fb0b
e332ddec
ebdeedf1
def12816
e8201e0d
00fcd5fa
0011d1d4
0cd820e2
2810ffe5
02d00f1e
e413030d
1630e9fd
0fd70cd4
fdf9050a
04e8db32
dbebc3d6
1f1210bb
02152912
d2c003ee
f52f3a21
0a121ddc
22131f0a
1520df23
0edaf3eb
10e1fd1b
2813e0e7
0e03d5ec
f6d91e0f
d3042b04
2aebe823
142412ff
17e7fbdd
dadb26c8
e51b16e8
f708fbcc
05f6d5d3
c0d8e202
09f51b07
f41413d4
dce92d20
25f011d5
2be6d821
e41df7e7
0f19cee0
cdd5e2cd
201e0f1a
0ffe03f3
0dbefa01
1410f7f9
12eaf726
c6f9de0b
1d0a2622
b901c512
fb0b1b2d
1c2ecff8
e7d22c1e
ebff0b23
dc03cee7
f5f50319
fb2511cb
272d2f09
221af5d8
fcdee819
db00df18
c906e2f1
d519100b
0031f316
12efcf06
b1c821dc
e2effbd6
1fd1f325
d1013fcf
e808f511
0413cfe2
332e10d3
001acf01
f6e2fcd0
12fb29d3
fc272918
16d7d9f8
eb25cc36
d7130ddb
0f11ed1a
14fd20ed
fcbfd9ee
ebe00adf
1febe0de
f4c728d9
cffd2eeb
ceda2f14
00ef15e8
e70edfed
08dbe5d8
ee342904
e6dfe9c4
08cbe815
d82320e1
19bec8ea
23071cef
dd0bf8d8
fb01dc2e
d014f9d6
171a0ec1
26e035cc
e41e29d8
f1f61e1b
19ccd026
e1e5e2e3
e211121b
1fe4e1dc
f209e324
d5f3fbeb
1b0e220d
ec11ed16
0d27f839
0627ee0a
fbd11d3d
e6f91aed
f741d7df
e6bf2416
1cd317ed
21ecf617
1120fa10
f3f0dc1b
f4fbf2c5
d8b50215
df1836f7
31f011c2
df10f308
f0f73300
0df2defc
20ce26ee
0fe8dd2c
0dde0c18
28ecfecf
08fe22e1
dfda01d0
2be900e1
20d21ff9
0e182834
32f4370e
f2c41330
4526f01f
0ee80ec3
2e342ddf
2fe74cf6
1f1517f7
cefc18e2
d31221e5
c8e40a0c
032512f1
cae511de
da03fafb
fefafa0e
f7f7f90d
06e041f5
fff7d0e7
f309dee0
0d2cd9f3
402e1fa8
df3cea14
d931f4f0
4213f7f9
cae60a20
a5fcf030
c7eb1b01
cc2f1212
04ec11d4
fef91517
1e2504f5
2c4bdf30
33eedef8
edfc1ccf
ffe0f4ed
fff723d6
24b2ddd8
3bf4d3cc
1411f5f0
d00f08eb
dae938fd
eafce02a
d5e20b30
ff12ebb8
2b024617
fbe30ed2
dc2ae0f0
f9bc3d11
0cb308f3
0522300d
16c8eb21
46ef4728
3eeae8ca
173feed3
020411f8
2dd2e4de
daf91f08
fe2d2530
1cfdd3f6
eb1e2608
e71a0952
d3e5ea27
d624ec14
08d0f828
0a113927
fa1c2bdf
f9d4430f
4739e438
2919f0e5
1cf2ddfa
04524611
0628e4ca
eed9fd3c
a61d121f
e7ec1404
ea0519de
1a0b3d02
f9ec0c22
37ef1b20
f236ee18
fa0ab5e9
fd08fb01
1ec9e927
0be126e0
16d91aec
f2220c06
25e404ef
c4e31de7
d3004622
cd3bec0a
0dffdacd
3230f0a8
10380df9
d8bf04e9
02e70ff0
f0b74325
f5bdf3f7
0e230dbf
0cf7fee1
3e1ed4ea
2eeae301
2cf625d8
0b40141a
f1013005
e40b37da
11fdeb0d
3242c9f7
0f1218ef
03fa3e33
e2181902
f0dd0e06
0200270c
1d1a391b
2d3bea10
d1f7f4f4
09401c35
35d03798
14e9062c
37222629
03d7ff03
f93441fa
d4e11bcf
04cd111f
02f9e928
f0e600f3
0cdeeed7
28d4dded
d30f1b28
29262df0
dbefdbc9
f2232dcc
1ffa08e9
06e7e8f5
13d42706
002bdadf
d4e1fced
e91ae6c9
da2bfeef
05e926dd
1933f7d0
13e60b0a
f8d4ee2c
eacb1efc
f50c1bfb
e5e814d0
e02b2118
cfcf0ef6
dbf1e00f
061cd8cf
08ed1efc
d012e6ff
21fa261f
0c2601f1
ab07d017
e9e0d4cf
222aeffd
e00001de
fe171c17
e520ddee
f0fb2708
e3d123e6
fd0629bf
1e0acef4
17e61b33
071fce15
d8fae9d2
f8ef1e22
e326f9d5
15f1fb22
b51adfcb
1dec1822
cbdefc06
2ad7ffe6
15d5d517
2f0607e8
200ccbda
110f1a1a
162510c2
03e5defc
1e2ee11e
1de6ed0c
eb341d3a
2d07e421
2adb1431
fce40eea
b30f3612
e92e27ed
cf13e5f7
041b30d9
fe24eb1e
0517f3e6
f1e1f3c8
f802c608
f2e3f203
eedcd8cc
fc1a0aba
1be01413
f51afc01
d9e5d506
e302160a
fa10280b
0bdaf638
ecd8e501
23ecf818
efec0324
02d600cd
0fdb29c5
c4cb11f3
182dea09
f20225d8
d7282e00
21142bda
d322edf5
192cd9e4
11fec9fb
08e017ec
e0deced8
2ae32c0e
f1f6e4e9
f2dc1f21
1bea02de
162dfdda
05031fe0
f63af2e2
fbe10503
e11909f8
15e01c1e
e00efacc
efea3727
08faf442
2c0d0fff
d5f51bfd
e1ecf214
c1dade1a
e934f1e6
e0e9f1fb
d7030fc3
f42233da
d80c20e7
fdfd12e1
2ed91414
eff22df6
eef50a1b
14ff0ff5
18211e04
f2f5e0f4
38b8d4ea
eade1739
152bc6ef
f7c9010f
df10c5e5
10def9d1
f7fbe11c
24011bf1
cdf01108
c4baec1f
eadbcc2d
f9f9e016
dd280831
151201e5
dd3208d2
ef061802
08df0fcd
0e03ff08
020ec4ca
22d429e7
f1e6e0eb
cb040410
d42b0ff8
ed01df01
36f5fdef
21072405
1aee1208
e1e52e0d
efebebd6
1e2f0af5
da26d7fe
d4dc120c
0ccfd628
1cf3e9ca
e62c1317
f0cfd9f9
18f6ecdc
06010ff8
0efd1dea
172a07e4
1cf62818
11ee1102
ef02220e
090cd1df
00d801fa
fafa2dd7
f6eaf923
18192222
dc090b24
cac9fefd
ff0fee17
d723c8d8
fdfcfccb
081ed3f3
091c1c0d
f1f5d7ce
07f8d625
e8e8ce01
ee2d1c1e
f3dd0e0a
e70211cc
01060525
1a12102c
22edd123
ec07f5e8
d923c7e2
273335f4
e1dd13de
31fad911
2024f42a
f004f80d
f5f5db1e
1be40b03
e92dcce4
d8cf1b27
caf802cb
1023f700
d430e4d9
1a131626
fd282adc
f00be6e2
dee01722
e2fed817
c0f6df18
00e61f1d
11e62208
210203da
da21dbf6
fcd4e5d2
cc031303
da20d0d1
ed20c9f5
1ed4d62a
ddd0d505
1f21eddf
01f01632
31c915fb
d9d2cb31
070725e3
1d171026
291e01f6
fcfc14c2
dbeee403
cbd00907
08daed26
eeebfefd
0e1dfae2
f608dccd
d318d122
ef0b14d5
d7f7ebd5
25e5140c
19c6d928
282ac6d6
ce28cdec
faf2eddf
2e242af8
d412fd00
d8fccdc9
08e03620
f6e20b1a
0532c8e2
e31ad709
141ac60f
fed5e5df
1927c8d5
e3ddfa23
1ff317ff
0df1071e
16d61018
cf16c8c7
1ecc15d3
ceeb2a21
0de1f8dd
0fd8f6ef
fa1a2e19
f8fdfc1a
0bdceae5
1ed0e124
17d7c9e1
223003f7
e8011a03
00fbdf20
e2071ef6
2bc0e0d0
d124e22f
e01308d8
d9e11d1d
061aed0e
09f8e308
09fd12eb
291cf21d
23e5fff9
0affc7cd
edef2a22
f40505cb
cd151be1
19d33119
fcf017ed
00f0f101
e900d2d6
e10d18dd
171e0cea
f3280dd2
f815b6e1
0bf114ef
0159ec38
e50ef8d5
c9e042ef
20da25e1
ed0bd8f9
0fc4d0db
ec1511f4
10dbff04
c911c0f8
fe16c4c3
28f723d3
f0e5bfe6
c2e8dcef
ced1f6d8
28e1fdf3
b7fae8f0
dc0b1fe2
c8f518ff
03d92118
f7ccfa5f
03dc601f
eff3e92a
fb11eaf2
20c645d4
f0f4f2f8
ce18bef9
ed02f406
e128c8f2
c9e948f5
2a3cf826
efef0504
26121e24
2016d02e
17162808
e00a4fed
07c7fff7
e71e03fd
e608cbe0
ea26e5d4
fbcc17dc
14b6dee6
05dedfbb
e6dc02d8
1fe8fe36
06f2db0a
ffdd0ede
24f8f8ce
d30bdfed
01f82efc
c4f7ef0b
1cd3f522
0af1f12e
2cdc1ed1
f0d80e0c
c81dd7dc
04fc0600
e7ead721
e512e127
1724e9e4
d5e3ae10
080812d9
eceb0cd2
3e26e2dd
2734fd14
e6391d00
c7e2d9df
b42014d8
221cf6f2
c4e1053c
07330eaa
07cffd02
f50f17e7
c3c6d8cc
1dcae9fb
f21cc1cf
29ed242a
12f30cff
1acb3ef2
efd114ee
0d00ec18
0ae0e4fc
b9d1cdcc
e910dddf
e217d204
10c62ef9
f0c5e809
09d7ced6
ebb748f4
ee33da20
01080933
25d6dbde
f5dde11a
0c18eaf1
04d71004
21d00c26
dcf9220b
eb54d337
21040fcc
e6ea11dd
1ffad02a
f9e1042f
08ecdbc4
22e415d7
22cd271d
09fdd8c7
ef17d1ce
2dc3d533
09f9b7f2
fbd5e406
010b14e2
04dffcdc
fe000c0d
f9ee0cc1
d1f5f4fd
271adb47
21e9d454
ed0c5102
f8f016fb
cce9eece
2adf3a16
f1c90850
0007eb2a
1fdee2e0
c733d0f7
b82854fc
2a1ae60a
d9cdf9f2
e309f53b
2014062f
05030b28
27f003e3
d5c4f2e5
08e6eb34
02f91d0e
160e1b22
da09f304
c7d1f204
12ffca08
0306f3db
dc0523d8
fedf0811
e3fef81b
0243f4eb
f3ec0b15
d721d1c0
0c160bf8
f2dc200b
23efeb0b
20e258e2
e2dd0b2c
e1fe1dcd
31002024
fff2f415
3249f624
3bd4262d
dafcf3e5
d1162afa
3b1d1220
f7e81304
1338e4f8
08570d1f
e626041c
efe337f0
eef0f316
ea03f011
0efffdfd
dbd1041a
e2d11fd6
f1cff1c9
fff5f1df
e6d507f7
15cd151a
161cf604
0c2523ca
2223d7dd
07f1382a
e6edfdd7
2222cb16
edfe2917
2aed05d5
37f92df6
df0f0315
0ddc1dce
39f00607
29d8f72f
1f0cec07
0104ea10
1b36ea02
f718f7f6
d5c3ecfd
15e2dee9
143becf4
045c20f2
0c4ce82d
2cfbe51d
290a2b0c
33da1b23
ecf4dac5
fd22dfd0
1dd2fdd0
20c5f617
14f2d50f
0906ed16
e21522e2
e710aac6
020e0b0a
0317eae5
04ebe00b
dbd0d4c7
2229dbfb
ef0a0848
e64ae709
00ca3522
1f09f0e4
e4fa2bf9
ee0d23f7
4517d849
2430d70c
201aea27
d03de0ea
c0ed3a40
1915fb15
ddfaca10
d8ea0d08
c235f3e7
1051e60b
30f8e026
cb04062f
f9ec1145
f1dce70d
d6e229e7
e92102eb
060318de
153029f1
3e1aee39
cdef15f2
da34f8ba
e6d22edc
3150e2f5
11dc22f6
11d6e9e4
eb01e507
1bd7be34
312a3b0f
231e21e2
ea0d25f3
e89a2a15
1a0139e2
f3ed1116
f10ee418
4129c4f9
0a06f30b
e609ddea
ecf02106
11f3fb00
dcefee16
f66120cf
1c0ed53c
3e0ce20f
ff05df16
33f70bf8
f5c8e8f6
feedfee9
d3201bec
e7fabe12
f1182f07
ff35e146
ebf816fe
cfffc9ca
e01348ec
f0012ff4
f5093422
3e05e024
23310a07
d5f80437
04f5251a
ede92f1d
24103601
ee06d31e
f5e52a07
3200e235
f534f944
450edf0e
150315e7
0edff10a
1b24f7ef
ec1ee100
dcdf1f21
3100fddb
06f7f2e3
25f344f8
ebecdb1b
08efc910
02f9f51e
010505ce
06cc16d8
00e41306
daecfc1e
fc00dcf9
df23fecc
e6ce37e7
fd00ee05
3c20d2d9
01ece204
e200e614
d4dbf6f5
d6fbe92e
0fefee33
213233cd
e014fc1d
0ada0ad2
df150606
c7d8f338
222009f3
ebf5f1ff
0f20fcd7
f8032208
d10a2210
1d0bfde9
18d5f0f8
f622d81b
0a0fee01
f6d8ee0b
e8f01b25
f6012a36
d8facd22
16ce21f5
061bf8e7
2806f223
f4f80deb
1ac21aca
07ead015
d2fdec10
3c280602
442421ed
ee05eeeb
1901112c
15f004f5
e1e11a00
27cffb41
2e140ad1
f51e1214
0b09260e
ce092ded
f3f420f8
f40cdae4
cee7de1d
2601f619
fa10e1df
1d2dfd0e
fc24e6f3
d70af4ff
17ea1406
ecd322e0
e30c3aee
0ad2d4e5
19dcf7ef
f21fd6fd
1c21ed03
0fd0f411
13ddf020
eccfe917
1bdef819
dacc21e8
19060ed6
1609d6f6
3cc5e1e8
2409dbda
cccc11e1
fd05deeb
04f3160a
fbfa0f0d
0b1c45bf
07fb0dfb
ef20d717
33f711fb
032f1015
d52f10c3
30c9e6c9
09fe09ec
06d2feff
14ec16bf
272817ff
f0f7fee0
e4e4e0e7
08f50a35
cc1dff11
11de23f9
1aee1f3d
fb160ef1
261cfa1f
18de2ff5
e7060b06
0eddd521
18e70b0e
f4e4fbf5
f72621f1
04dee7d6
2d13fb25
18bfe0e2
14d8f319
e4e6daea
22e9d405
131528d5
4a2f0cf0
18ed2028
fbdcf515
fe001ed0
3a092a04
cbecd239
36ec2616
f91fdc0a
f7eb0f29
d8f51208
d90f02e2
dc041c1d
3137e3f0
1526e10d
19ec1909
230ad014
291a194e
0cfd0fec
f9e22cea
f8f01b19
f41ad2dc
26ec04dc
0e34eede
ff22fed8
19fc06e4
17100d1c
13142036
1118d1ed
fb20ce05
02f7edf0
09f812f8
ddf8ecee
1727011f
0a0503ce
f8c9ece7
3618d804
d6d40824
21eb0741
2fec0618
e33103d0
f101e506
d721fd11
07eaf3d4
ebd0fbf7
1d1e3ae2
f3f8d4fe
f2fb0b1b
0900e9fc
eb1c1225
e41bdf10
20ff2324
ed01e3fb
161eed24
25d8f413
2ddaeeee
fefb13dd
0b29f628
23cffbf9
3e0a28fc
03190704
ce07f9ec
d2cc04f6
dbfc2af7
dfed1fdf
2af70be8
2622281e
d2f2e5f6
f430dbe6
eaed052a
0ad3ead6
deeb221e
db2a181e
dd100a1e
e919ddef
e2e1f4db
d7d1150c
032de9ec
1634e04d
0e1f14fd
d905e1eb
d3261105
1cfde32b
dce128e3
0ed8180c
0c1502e3
e90bca24
013e20ca
1b0230f5
13391acc
e0dedefe
e925e5e2
2c02e0f8
0ee6df09
1ae0e317
defffe04
f715ee0b
2d371d09
1236f5d8
e91300e6
e737eb10
f6d6f5e3
07250f2d
0cfc1421
dcd1d821
051cf326
cefd1c09
fcc7eefe
f003fd22
d2031eda
0a45fa3c
03dae623
da071a30
1c17f5f9
0204c8dd
e8df1417
f4daf2d4
16da1d1a
d5df2304
1efb39fb
d1f2f10e
04eaf305
00d5dce2
ee0b1f22
e30f1c05
0608f11f
fd35e03f
e3c00ae9
1c0716f3
2514f224
e2f217ef
cee1f0d7
112bebe6
1800cde3
191ad637
1aeb221b
efded508
11e6db29
dde9f2c9
d7df2827
1df1d023
1d1706fa
0940021d
0c19ec21
e8d60a2a
16cf1b42
1800ef05
e10a0408
fb03effe
eff30a11
e4e110de
3012f612
d91a020d
1cebffd9
ee0b20fe
f803f232
eac516fb
03d31106
f8e3f71d
e7ddefe7
123500ea
fa0007f3
f7d832f2
cdd6d0e2
023df2d1
0412dd0e
2e2ed0f5
11dbfcd8
f2f416d9
0dfe161e
f9051f0e
fdee0cf3
182e210a
ccfaef09
d9331330
fe0fc124
fdf2ec06
08f01720
faf40709
07d818ef
d81afb27
04faf7f4
0e201d15
f8366e3a
deded8e8
11ed2d20
32e10bef
0a6dd6da
0816f9e1
3cd7f40a
2706253e
f5e11a3e
110410e4
d733fdda
e643020f
28d5ce32
f9e40907
111af00c
df4b0828
3afcd5d0
13321d21
14152321
f9bcf728
1cf824f2
162100f3
ce2e26e0
cb34e564
f8d2f1d8
efdaebfe
3bef1909
f0ec022b
f3d8f6f9
eadb180e
e35afd05
f725461d
1527785c
f9f4e5fa
decc0ae0
3813e7e3
fa3cef4a
e7e00f34
650d0333
02400117
ecf4eb55
3a063e06
2912e72c
db0ffc00
1e24ee54
37ecdde1
75fee6f3
e5482a2c
4af1e9d6
012f11d6
4c2afd15
33c6f5f5
fcfa2ff6
1b59efd0
05431cf9
e403da53
1b05f1e5
1611cb55
5911dde4
eaf8dcd8
c2042614
dae5ff29
d73020e1
4129310b
002f3e3f
ce0e40eb
e3dac5f7
3bce2d05
20fdf87e
d2130ffe
2ef9c9f1
f22125de
1830f712
1fcb1c02
f61ef12a
1e322dff
f30b261b
f51af01f
3227f9fb
1a0c2ef0
fe21f6d8
2f1b44f2
4be3fd35
e2baff30
15e3fd22
1de4eb4b
221ee2f8
d60b0e0f
1adcff06
00291251
19fc20f3
e105e5ec
e60b07d9
0905f0f2
f9102520
064f2ddc
1e0a7748
de0b0412
01042810
63d6f7ec
1f35bf01
fa18e3be
4816d722
c5e7271b
0dce0d6a
43120b1b
27dddcf2
e342cef9
e5bbec5d
f4f91dd6
2a0ef0ef
f80bdbd9
3ad42317
04273411
1a22e06e
f8eddf02
24dff7ea
f6040a57
00cc02e3
0f03db4c
36f5bada
e0f5fb2a
54c8ede7
05dbf41f
e8d9fd26
d0d21714
c51a1fff
f15c54f6
ebe3673f
e1e6ee06
030bbee7
1cd31d05
fc5bf500
bef5082b
4f0a1e1d
fa29fdf1
f4e7231b
3cf024fd
ea050803
fd00ec19
1b211d0c
19cbf9d4
691440df
fb0305d2
2b06e1d0
26df7ef2
11d72766
21fdf949
081cfcee
ee36fd1e
19021605
1c0cfb48
1029d509
18efd739
1d1ef0cf
16e8f2eb
d6dce024
0ee9f4eb
d6f91506
36376ada
1f0a6766
1cd83fcd
d91ebce7
15e0fd15
e62d1f1b
fce7e214
2ef1eb4a
f70dcde2
222acf08
1c1901e5
2ae51842
e008db08
ede90335
2deee700
30630af8
1c3bff00
ecd8fe39
1cf447ee
f817ef35
05ed2704
e318fff8
f23427f7
f8e2d4e9
1403e018
17d1f1ef
19131849
24eff10f
d0d90929
232b120e
fed8e5eb
d933ee19
0f0618c0
f9062b0a
ee230014
c71b0714
491f16fa
291bf2e7
03cdf4be
0323f1e2
2c19e7e1
da1f2246
6dd6f711
e1ffe525
1013ebef
242221dd
12e6f1ef
11db0618
db27f5df
11e21cf7
2edb70ec
23d10f47
f3bff1e3
f40f0c1e
fdfced00
0ebee7c5
fe01da23
4112b8e7
0ad10a40
64df252f
13f9cde5
d8ed0428
26f501d4
0a24ee0c
4d4c5bfc
0cf0f70f
ce0018fd
f7f202d9
5eed10e3
e71422d8
10f82c39
d01106d4
0ad6e606
ebe81b12
60e03c1a
d81dea27
d4baeb1f
dee2e3ed
1c0ac8d1
35200df3
f134eb16
0b262cce
1fdc4e27
d2e2eb3f
21fde053
2011161e
02fe181b
3f075fb3
d6df2408
662008fa
e1f1161b
51132225
1f1e1ed3
0f2a2211
d8cfefdf
d51029da
21312cb8
1f05f91f
0e091e22
d736f7f5
3fea0024
19302c0d
ded7dc26
f0cdddf7
1f151332
02de24fb
110be9f6
fc4fec28
27d13e04
fde1e035
ec15e7d4
35421a1f
25fbf2ed
f7cfe5ef
21eb46cc
f027ff49
d7e1eb09
0ae3f2e5
dadfefe6
3205c1f5
21eeff8a
f221420d
f3d10bc7
f7d30d23
e51915f0
dcdaf223
f6d21e20
c8cc27f5
9704cbca
1492e2cb
26fcb7d4
cd81f11e
c6e0b000
25d7b6f0
980ec7de
03dcf5e6
a7ff20af
f3f9d5ee
eb0dd6d7
e6c5e5ac
2bcfd817
cf1d2abf
d5b321f0
a8ddbf37
d80030d2
b6ce0ecc
c11ff91e
f11d17dc
fe1a071a
0bf0d925
19e7d423
2f10cf21
2abcfaa9
ff153ff7
fbf2140c
fecbef10
cc220bf7
f9f4aee2
21f423e3
c5d91aef
c306b9c3
f884bfd5
d40bf0f8
ed8fd31c
dc079b27
43cfd1f2
9709a8d0
fd09efd8
bfbdf9cf
14fb20fd
03e6f11e
2ad343ac
e6cef0d1
d334fce4
b9a943dd
f39afa17
04d218c2
bbedf1e8
b824e91c
c514e7cc
e61021f5
12edc918
0a23df1f
2e42940b
ea05f3c4
dec449d0
ec0fd1eb
091ce034
e6d417bc
def1e4fa
0f0903f0
f204d229
b9f1bc07
21e9cfa6
df06ffd8
f8dfeee4
e405dbf6
59f8cfcf
adfcedfd
bc0fe50e
e4da1ff0
e40c022e
0dd32809
03b026ab
1bf2d11d
ee40fc02
ced60325
dbe4af06
cd1d11c0
0708f4f3
f90acd0e
0027fcc7
d1f71fda
2824c7ec
051af4f0
2130d7e3
e924e025
f8e12af6
02e6dfe0
e9dbda28
fafe20e8
e0ebc427
0b1efbd8
e4012125
a60fdac1
ecb4e2b5
dd01d422
dfdd0b0f
01f5c907
30ebdd03
add2e1ac
ca211b0c
f4ead2d9
df0cf443
140fceea
0bb6d8bb
ecbfe019
f81020b9
2ee207f9
e9e6c2fc
0521eee9
41d127e8
d611c118
f9d011dd
d7ffd3d0
f7d4e517
f91fec02
1c2aeef2
d318f9e1
e5d9f7fb
24f100ea
20270736
e903e5ea
c52be309
e7df19f7
f9f817e0
d1bef2c7
d5c600d8
dcdaf417
f1b9d11d
061fb001
1bb2f41b
a6ddc3f1
0d191ff1
9f0905c5
e500dfec
dac90cec
3aecf6bd
14f4f5fa
ee0c11e8
fee50c05
29c9d953
1fffd8f4
ebe628c7
f43beff1
f719fedc
013afae8
e920f710
dc5f00e6
f90babf5
ea0ff700
e50cf3f9
e9de03f4
f5ddf56a
fef61fc4
d812d227
1b053203
f6f7200a
f3b7d0ee
17f5eed9
0418c718
0cbffb06
fd09f013
48b8fce3
06f8dfc5
f7191a07
c7d925ba
e31d0804
e3ebe901
1caf19a5
ebdee6f7
1b0f200d
fbd1091d
ecfdc240
033df7da
08e205b8
ee31f21f
e81424e7
0fe12400
f4071203
144212f9
f929e20e
193ccd54
f2fe0300
cb0c2606
04212a30
05080ff5
bad4f111
d41e0017
f2d0d4da
f1d5cce9
1bef3ec5
20e2c500
04d0d42a
34d6fdf9
fed307d9
d70808ac
08d1cef6
fc23e709
dbc9f6fa
e1f3efe2
2c281ef1
0fcd2de7
e31be6f5
47291c00
2ab0dd42
f2120634
52f6f9bc
b7f80c21
e9e014f4
221ae50e
0e06f7dc
dc1e2a19
4225fb11
0b2fe613
c7121608
1bd1cbf1
530def1b
f213df0c
e726f11f
e51301e5
d5d1e3d7
f0ece00a
24ba3cce
ed28dffa
e7d0faf2
3227fd03
12ba11f2
ed120bee
0fce0b04
ea132314
00c9e547
d8d2f5ed
0dd50cc4
1be62629
001721d4
14df4922
1ecac005
032cd92b
49c923fa
c24419d5
f7060904
2b040103
0712e9e6
ed35d7e4
2e290b07
f10dd41e
d6d81700
1f101919
09f01643
083129b8
18eaed19
0bf2f30c
d7f10417
1a14dbbe
241727d8
13fb1a09
d5c30d21
4dfef72a
15a52813
ede60bec
030cc3fd
03f6cd1d
051edcf3
efe5f4e2
2ee1e00d
fcbc2721
1e1cf906
4b0145d7
5cccef02
fcfb3538
52cbe502
cc5ff715
1508333e
f824d11a
2c23e7fc
00ddf1d0
0d05f606
d025d1e5
eff61820
d4edf522
0611f7e1
faebdd22
f8f41c08
f5071405
fffdf106
e40ef7de
2e19f81d
0022e4ef
d5dcf9e1
d81927e2
01d7d525
2cfaf610
dd2b1afe
e50cf625
250f0f1c
23ec0ff1
e904eef9
11060120
f12415d7
18dedb16
fa1c1c22
ee0ef70c
13d42304
f4d7f8fb
1aee0df2
2b1beaf7
f40a2f08
05272bd0
1301f20d
e1030509
25d9d4ea
d20f0bde
f61809fc
19d21127
e6d603fe
240f3207
17eb262c
31de17ea
04d2f200
fafe09e0
23feef2e
f3efe3eb
01f121fb
eb0adbfa
df1e0c1e
e702fd14
2c101a0a
2af108fa
dfe50af1
200d1d1c
fd2105ed
e6e1da26
f3d12b02
240805f7
d5e10a17
0df1f1e9
d80a24f7
02ff2fdb
020f122a
0cd7db2c
f5270705
0c0601dd
2d1610fd
f3dbe715
dbdafb32
13e42d1f
1b2400f5
282b2023
e812f2f4
f21606f0
ddeed9f1
fc1eeb09
e105d2d6
09292d1f
dd18dd1b
e316d62f
dff9fdd4
e4e12203
d3fdf81b
2ff5fb28
2a181124
f108d7f9
29111f06
20e9f302
0614ff00
27d7e7d5
f7ea2bf1
07e7ee2b
14d7ecf5
211af716
df240029
2df3fbdd
131af830
ffda151c
e2fb291a
151ffcf5
28082b14
e6ece8fa
f70329fe
27e81018
e8f92321
2d181ef3
23f9122e
18df0608
e2f31c1d
03d521f8
ded8210b
f8292b25
e208f323
fcd41efb
0626ddef
1a262804
d81518f4
042c2a1e
ee181914
f0e70c00
08fcda03
1adb26ec
072d1f21
d318ef17
d9dae4dc
2fdcf1fc
0fe42102
d51927fe
f7eefa1c
df09f8f2
120ee503
f2fb1cdb
e3011126
1cee10f0
d21df01e
f723e0e1
151328da
2ff6f926
dcf61633
25fb2aea
fc1cfe21
211722e2
f02917db
ebdf03ff
ff07f20f
e9150aec
dc161add
11f3e61f
252412d9
29e71d2a
fce0dae8
e418dad6
311a2716
02091209
edeaecfd
0ff90f07
d6fe2deb
23df10ef
d506e6ff
0bd7e01f
f3ee2225
08efde13
d3ddf40b
2aebf31a
040d06d6
1bde050c
29f5ea07
26ffe527
ffe810dc
17e9e7dd
ded7d2d6
0805e213
f11020fc
f629d727
e1e6e4d4
f0e6da03
30e01726
03f9fc0d
2ce2ffea
0aeb1829
0eeae9f3
da10f0de
e1faff06
f4201d07
dc1d27f3
18dc050d
fc10f023
27df1a24
2eea0912
dbe2ea23
11ecf71f
0a17e4d6
f7eadf19
11282aef
240114d8
160fd0ed
d9ecda03
dc0bfd1a
d4d9251e
14f82700
fcfaf6f7
f3dfe729
e210f113
da24f72a
dc1f0620
06f9200e
f603f01c
07ebe1f3
e1f9f118
ececfc23
22e00909
eb22110d
22270124
27e9d2d8
2b2827f3
edf3ecdc
f021221a
d427f205
e51d2bfd
f9f9e2ff
1b0ade1d
f6fdee2a
ee051205
02d30c00
f71de6d5
052028ed
f40626ea
ee0a190a
fedbfae1
0c07ea10
ead20ed7
ebf72af8
de031d09
dc2af51c
142bf4f8
2825282d
f2e4d830
1714f523
05f70d1a
fee4e2d5
d9fa1014
f0ed0de5
23181df2
ef0117d6
d3dcf320
090ffa13
0fd9dff3
f0d91721
eadeefec
d30bda11
ff1e27ee
e9e515e5
d228d0d6
191c1721
d712e6ed
dadcdb04
f3262729
1d26f6f3
07d70b02
27150101
eb1dde01
2be8d5dd
d8e5d81d
e72d20fc
d2d52e20
21e0fb10
ece70b2a
dcec2bd1
2dda08ff
e323f11f
eee9282b
02db05da
fde4f32b
e20ee720
24eb1f0d
d4f2ee1d
f71fdbfc
e8f01e23
07efdff6
fffb17e9
e40ce416
f7de0c1d
12ee04d9
f005d221
14f60e1b
1b1701ee
f431e2fd
2f1e0ff9
40d1d1e1
f1d004e9
1c22cc27
e2ed2418
fcfb1106
d9f4ccf6
1f01bbf0
1f2300f7
e512de0e
14e71fe9
f3f50e23
25d2c2fb
e7e5e203
e3e7e9df
17f9d51c
dc37c912
202837ba
14fc1b1d
dade17e4
e80f3523
e5e9e6c7
021cc924
d52a15d6
0bc7f32d
f8d50106
1fe90acb
ecd00bba
ca060b26
ec1514d8
16fbfbfd
d3f7dccb
082101ed
3632efe0
07c31bcc
e5293619
1c090f10
d70c26fa
d6f3332f
f1edeed1
23170d09
c61ff82d
f1c80307
f9d4d3d9
19fe0b0b
eec9d0fa
02f01ff7
3d19032d
c61502fb
d711f21d
bffed618
eed60d0a
13e5fb29
04c809fc
fd10e5cf
16e6db09
e2d4f710
c1d90f10
2b1bf3ee
06d7d8d8
042007e0
dfd8f0aa
29160110
0027ce04
fbea05c6
e9e01b33
eee12226
c416f629
e1e4f80a
d2d32105
200c01db
d3e50205
041806e7
16df1307
eed1f2fa
21f2c7f0
1539dee4
15fa2225
b62717e3
34cb182b
cc21ee24
002710e3
080a1fdf
00e22ccc
febcdb30
31ccd818
19ef00da
132cf8c2
f8d22e22
0c09062c
e8ec0d04
11d6f017
bd3be6f9
dfef40d1
d81d03ec
1ef1e2f9
160421f4
0adfd322
330808e7
e221e4d9
1df82227
efccf0f8
d6e1080b
c9e9cbd9
f12de3e3
0e3820ec
e4def5de
1ad51d02
fe1bfe1f
eaefedc6
2dd902fb
111a141d
1724f311
2e1ee5f3
0f1a1f04
0819f307
18effa24
f80817d9
25eed81f
0e38da01
46ed1dd5
2fe81816
12fec424
1927ebce
dff21718
011415e8
1f1ef3ce
0efcebc7
e431ef2e
0e03d1df
d803e40c
fcfc1a03
e614dc20
f408ef3e
1af40f4b
20f817f9
f60938d8
0746d41c
d806f5e7
25d3de29
d4f02208
2122fad4
0dfbf722
2cd1f6f4
17161a06
211e1ee9
1fecd5dc
dae8fa30
2403d80e
dc164a0a
331d0fcc
19f303d5
191309f6
13e0d71a
0318f121
35291841
3df81329
f91841d0
455ffe09
ec1b05f9
3047d81a
f427d941
10f8061b
e4382224
23f907e7
e2e10feb
120816c1
cde8122f
0b0f51f1
edf2e010
02cdc906
dcd7de0f
1f3106dd
e8f6d20d
fbfbd714
0cdfe402
1611d1f4
03111e1c
f2fdfbd6
0ac9cef5
0805140f
f805ea05
eb15081e
09ef11ea
1c0a3a24
eafbe011
d32fd0f4
3603e4f1
1728a620
111436c6
dff529dc
d5f5d811
e929e218
f52318ea
ffdf05f5
0e10e9ea
0f1af712
ef1fe511
06daec3c
f0020401
f1f3f8e4
061510fa
e2e62200
0ddf09e1
21fce1f0
02f80fdc
14f81c0c
192701df
001c07d0
12d1c7dd
f32e1429
1e1dce1d
df342def
0223df05
e22214dc
cc30d413
15eefb10
1ec72bda
cefa02d0
27d2d204
3b36f4f1
03d1e9e2
4011091b
df28c91a
083de725
f2190145
19f6d2eb
240a231f
11d61517
3f05252e
05d50e01
cff8e5e5
132d23d7
e80a1a27
dde3dc27
0ef53c0c
fe23dcea
1212faea
e01abbf4
ff2c0d1a
ee15f512
f5efcd03
272bede4
f8efe419
1120d50e
251215f9
1927f40f
d4fe11d8
170efeec
e3d61426
0720c70e
2bffdefc
24f22aec
28d6050e
2f332a12
0aeb01f2
e55e033e
38250228
e026ec10
ef123826
f5e9f200
f9e9e32a
01d815d8
c415090c
26e3051a
22fcda09
1fcdf7cd
01f51c1b
e1e0e1e9
ed1110e0
3f00eaf8
e7ff2a2c
04ebffed
ced9d6f8
d74208e3
fdce0035
32f92c13
4b03001f
04ed1b0b
eb270111
22ff0901
08f31723
da28ba1b
41dad328
def8e5dd
dd0ff2e8
281dead6
1528ffcb
0026f5f2
0a001418
db1029d4
fd00f5ee
00e2d4fc
f424032b
0fba120e
10cfe6d6
22d5100e
f70b0fec
d1062606
d9da2b13
c719130e
fdeeeb1c
19ed15dd
02e80e13
dbd500f4
bb160c27
06e4eaca
de14edf8
1ccd07df
eb2530d6
e6d2010c
d73b0d05
e41417f5
1104fd09
f702d3ca
f3191b03
d1e0060e
cbd603d8
e8f2d716
e9540bc8
e82efdf5
0b1e0541
e6e2cd19
0e01f7d4
f106f61b
2ccb10ea
f7d008e5
2e1dfce7
12df3823
0502ff01
15d129e0
d7171fd6
e4edfd13
0ffbf3fc
3b221110
280b09f9
f80610e2
f1060403
0efce2da
d5e4e312
280fe3ec
1d1bf0ef
fff2f7e3
f3f007e7
f1ea261d
140821ec
0dc5cbed
d4f62320
092b0c0d
e217080a
0a36c909
0331160e
11fe1933
06e42638
dae82122
e318f706
2ae0efde
e6f8d620
20e4f2be
00cff615
01dd4023
03b6fee6
2bd41415
171d1b1f
1cfffa0e
e702dc23
20f02807
30c82000
2218e911
d2f9ec20
1bfae2eb
1ce00ace
ca03d40e
ee1b2202
0ee519e4
e2e8c7d8
ea03d6f7
ed27f4e4
0ddebb14
cb21e01e
0a3015cc
ce02efe1
0125ebec
e0081ffb
061cd312
1308fb3e
0604271a
21f9d228
dc06eb16
cae30ff3
20e82514
f9f90ed4
2b1e0bfa
d3d8fdf2
2a1924f9
f419f2da
2fd6cc23
182002fd
e62ad10e
21e1f804
2808ecd3
06e4e2ff
f11b2617
e302e0d5
19da2d02
1adacff5
ddefdccb
d8fbfed8
361f2edd
ebdf0615
f5e8031a
f420e436
052721f2
f2df0dd8
dafce2bf
d5f5ea0b
fcfafbed
00dbe339
d2260b12
ff310ee1
ebd511f2
14fa0038
e3d61feb
1cdd161e
e61d36da
dde000ef
2ed9f6ef
fef302ea
060607d3
e732f1e2
f0d62f18
26dffa2f
f7d01406
20edd706
1e18dd07
e50712e3
e4d21dfa
61ced323
e2e5f1e7
1d1df8f1
09c8e3cb
29fb0e30
f8d4ca33
10192be3
f7f11a04
d1f7f716
f21d0307
efddd305
faeb27f4
f4df122f
d620f415
de0c2f22
f519080c
161dfb3a
d8ea1fc1
0603ecf4
f3f90024
0b08f3e3
efc6dfd9
03140eda
d3e6ea03
da28040b
01ec10f7
06dddc10
dafed6d0
c6dcd803
f8d21319
e92125d1
fb0212f8
11e71920
f0f60e03
20fcdafd
2ee5dadf
18d3fb18
0b21e82d
f0072207
cbfff5ef
e0d5f1d0
2cfdd8c7
d80a1e18
0ed911d7
0fded7e4
db460d13
16fddcf4
04f203e5
fef20024
00f41315
17da2808
20fbf401
21f3dfcc
18c408ea
2ded03c5
1cf63406
fd04d519
fee1f126
d4f42b05
3ff502c8
cd21ddd9
3f1e2410
1b130ecb
d533e2df
0d3bdd30
001d31e3
ead1ce03
33f307e0
2c1fd924
ee270ef0
12f9ea31
1611040c
ffed0dc6
f3e5e3c1
f21916cc
01dbdd13
ef22e830
f540e535
ddd7e911
f5d721eb
f0f51bf8
e617ed36
142e1511
fbe5140c
d91e21fb
daedd8ea
211df122
d7e339cd
1916fc14
0efcd421
0ee21c11
01db2cfa
fd070f06
2921edfa
cd160019
d235f41b
ec3edd24
28d50610
11e11af8
0137ce01
04f10419
e8e0db17
2327c9ed
d2cfd2d8
e1cd262c
0e0026db
0ddeffd6
1fe3eade
e9d64123
e00bdf42
da0bd302
e3e522fb
f7f8df27
25e4f7db
0bde16ec
20d10d1f
13ed05ef
100713d2
3a201102
f618fbe4
fc3117ea
d40ae4fb
07d102e2
1f2004ea
fafce1e8
1613f132
ebd3d6de
10230dd6
310df011
01cb0513
f1f5ef23
2b081f07
0bfd1006
daf80f23
05f9d9f8
3116f41a
1d03031b
dc2c03e6
f1060fcf
0500e6ea
15fbf4fb
e403e716
3115e3d9
2fd1d434
121bea24
e8e6d7d6
dbe1e6ef
e2f21ecf
e60b27d0
e02e41ff
2ce1270f
09e71fde
270ff81a
32dcd4da
df30cb0f
ed0d27df
15fbc117
d910da03
2318e833
2a293f1f
2a1a07db
e8351127
f12dc730
f10017e0
edc00eee
0bf3ee0e
0ce50507
21103c10
2ddbe8f5
0f2ce428
dbffe3f6
fc350d20
1610d900
f615ec15
31f21f02
f4dc22fe
27d3152f
f200dee1
e70c0cf1
d7ccebd6
0e20eb21
202fef0c
24192508
18eced10
ef0bebf2
322aece5
dd110b33
2aced715
1a09cfe7
db20d0eb
da1af837
0fd03a10
31dbe619
f70dc8e7
de01eff5
0ef5d9de
fcf81df2
06381423
f11bf7f1
06013b07
eede2822
0cd4f5cb
eb1d00f2
281eec19
07e6d6d2
0f19151f
fae511fd
f9f4e138
29cf0ffc
fdf213d9
0126d4f3
f9060511
fa28d602
e432e706
1cea0a17
fad8f0df
1008edca
e6dcd727
25cb0ae9
2acd1ceb
faed1035
dcf1cf04
fdcc1931
2820321a
09fc00fd
2709dcff
0704c9e5
f5fc1d0c
f9f2f9f0
fe1200f8
0bdf1f0f
dcf42de7
e615dffe
1fe91ece
231f1b0f
eaf3eb08
2423e129
f31321f8
0be8241f
d4031701
2c15f42a
ce18e911
15ed2707
13f20bf8
e807dbdf
e7ee2a07
1af43bd9
f6090c1c
e502e010
0910ddf3
dcf9def4
06e5d7fb
0325cd2b
03dff802
f5fa16f0
fd0a3c1a
3316dae6
281ccaf4
f4e8d909
220ad6cd
31fd28f2
e80210e4
03040ae7
faff36de
e1e00df2
e42cef11
0436f2d0
06082219
14df1b0f
00de1c1b
f90e18f0
e4f3f516
27c82310
02f8ebe2
03f101f5
0e102cee
0920d4ca
2ffd32ec
16d10be8
d8091af6
14d3f8fc
30ffdaf0
0ff40cf6
0d1633e4
d3f0c2dd
f8f5e622
e3d3e3dc
20da2928
e1f90eda
0cfbe9e7
e641e6d9
131fe2f3
fcd4271f
cd2806d3
24fbe10d
1ae6261f
0dedf1ed
2437cfe9
ce170d0b
d627e3e5
37d51e1a
ed110427
eafcfd25
e6fb1eea
eee2e4f0
e312f415
fce6221f
1e0f13e4
fce9fee8
f625f013
02de2ffb
ffdfeb18
1eec1011
2314eb25
0df214fd
e9e9ee2f
f400e711
2219da11
d80e1d09
05f9e1ef
0ce204f8
2708eadd
0738cee9
14efe5ed
05e632ec
e9dc1102
271cf6fe
2405e6df
ded71b14
dbecd105
f31cf2f6
d902ef2b
120ee0fa
f2000810
f91ce4e0
2ae7101d
2d0e25fd
dadff0e6
f1d104f6
25e231d3
1ce9f721
1c1bf01d
2c18daee
191af8e0
3c10fcdc
2f0d13f3
032607cd
2913fd12
00d308f7
dc25d400
d801fa08
39e43103
f638c3eb
ec2319dd
1e1509cb
03fcffd7
f2d621d9
d3fa12f3
0dd9071c
061bf3e1
1f041bf5
ddf326c8
040ae5f0
dcf7e6f3
f9cc342a
23131d08
2e2735f4
2025de07
03000913
23000720
12cb2b17
270c22e3
f60cdbef
300e1e0e
16f3efd9
d9ed10e8
2eee2b1b
f5fef6d6
1c1ee7cb
0c1cfc1e
fc13c3f4
dd2bf20a
e3e9000e
2c211909
0a07e707
f7e3df0c
d4271e0d
1704f025
34cafecb
2705dae2
0319e1fb
12e4fe13
f8cc08f8
eb0af2f3
fc2406e2
d0eb0bdf
2ce5eefd
d31dd214
2af5e6ff
f8e7fd2a
f0220700
1ef60be6
00f020fa
17daf40d
0e021ff6
220220d5
dfdfffd3
e80fed01
152b09d1
e61c11e2
2bef0b0f
3a1bf0ea
f9dbe1eb
2a0014e4
d5d91826
d8040419
04ddcbfe
f7d40be7
d52d1cc6
1c05e207
342c21f4
24f206d9
e5c9d42c
e8f02305
deef27f3
0de1f506
23d61c1c
240fdff9
2305cee3
1c00273f
001915fa
2700f321
ecffdc03
151a1b10
d9d31af8
e3e311e4
0d2d24e1
e8eb35ca
ce25eb13
04fe00fa
12282ef6
29ff0a1b
1df60c29
ebe828d2
ce1eed02
2509121e
0dd8e8cc
1cf1e5fa
281fcb25
e11c04f5
f7120418
13e5e6df
f61a1328
d1f6d420
32da2325
c7ddec1f
01fa2158
f9e120fc
20e4e91b
0716f40c
fee5e8e3
00e90a05
1010f3f7
f6ebf7e5
e915f910
e2d8e2ef
e2faffe4
271fe1d8
0e0403d2
00faf60c
dd31e6e8
2ad6ec23
01e0d3d3
1e0b0309
21fef302
15d8e6c2
e3d8e8da
1ae4eae6
e219fde3
e00611ec
312adefb
1f09261f
0327070b
021bedf1
f9f00ffc
123bc332
3f26f730
d1ed1de8
d4e80632
15dedbe1
ddd7cad8
20f5d607
1d03eb27
ece8d715
f80133e5
1af7ddd6
25de0612
faead923
ef0728d3
dfe818dd
fefbfed9
d914f6ca
e7ef08da
f1e6e311
10110823
25ec3208
073de327
d61ce8d0
e8d6e8b5
dd2de0ff
00f0fff2
1102d5e9
30d00ce6
17ff1307
12e12404
f30cc7f5
14edd5fd
f12ffe26
06eeed19
cdef08e0
f2d8ee0e
f6fbf5ec
26e116e2
012af416
11fe13c6
ec17f235
c7f625f7
28e80b13
25dfe0f5
de1c0d00
d2d40219
f806f521
2befdb03
f5392b18
181a2045
d4d42625
1d170821
fd22eb03
0741edf2
12fe0ccc
1fe520e5
4509d418
f1062a0e
0e2c07f1
0730e00b
24fbf416
2226dcf3
3ce609fd
40dc00e3
0c4004f8
40dad60a
f7cc20ff
44041d3d
15e21ff6
d0d028dd
fdf8ecdf
dfeddfd3
0de4fafc
11f1d5e1
1aff04e5
17e1f40d
00f4ec28
25d316d5
d1fcf8d4
12f803f9
0a21f906
0c153749
08e01fda
1a1624ff
1ae11df4
09f10b56
0014f7d6
2de5ebf1
43faf414
eb0c160e
2711d70c
e717c547
1103ece4
11ee0a14
101ac414
09f7f929
14f7c134
29ce2ae5
20e83e27
27e10afe
f0ff0bde
1ff2e30b
06e6fb20
d7eb1a0b
26fafa33
3ed2db12
dc1719fb
310eea19
222620e4
190c3d10
11d21b24
fc0f250c
2719f4ef
14063f42
25db1ddc
da0bd7f4
d30b3312
e605dfec
d806dbbe
e317f3ec
40f8e31c
e80bd106
ff2614f2
f0e8ed48
dd22dd0e
f5fffa23
04cadd18
f9d91f0c
da1ecf09
efdbf4f6
d0fa0121
08291b2d
ebff1c20
f31b2ee5
e006ef1f
d6f4e6cf
e4f5103a
2fd0eff2
1cf3fee0
0002f2f0
e8f2fae6
fd2b08eb
2017e921
fc1d29e7
4807313d
ef0b2e18
083201cc
3b122bdd
e9f019dd
ec16302f
47151fdb
0c27e309
04f3ede7
e9e308f0
f9271e24
ec01ddee
d95415fa
1d272228
1641d2db
4a1fcdef
2005e629
49ecfa21
0b0b18f9
01dfce0a
d6e8ee0f
13e8f112
f6ee02fa
dd16e905
00e5dc3e
0422dc1a
fcffe008
301d2002
1ff314e2
d9f93620
e9dfe2e5
19380302
3413fe16
04f75d58
0c04eb27
143830fb
13d8e008
0c283c3c
2b08fdf1
36cee70f
0be70613
d727dc29
0504e1df
dd41ea44
fcfd2be1
22d7d04c
fa25fb22
2107edf1
02cfe9fa
32f414ef
48eb2ada
41d70f26
d9dfe11c
fa1909fd
23f9f7d9
08f11f09
cdf01e1d
132af406
e7e6f1e8
14f009ea
dde2e228
e7fffa0c
1ae8caf9
cf1b28ff
3cf1febc
2d3cf434
e8242c21
0e40bd1b
1927f0d3
093920fc
f5072c11
f2f4ffdf
42fa131b
2804e42a
3d2b1c0d
d1060c07
e80eeded
29ee2531
3306cdd8
d8f4f50c
fbebf92b
e4252220
0c1012e7
eb1ff035
130104e1
d8db17e6
272809ee
060bd2d0
20f31a1c
eaef21ec
08f124c4
d9f41f00
f5ce0b38
d41bdfd4
1c281e16
d31405f7
fbeaee19
2adfc2db
18000001
1e1a24e9
24e3f9df
e538f51e
e8d81006
de18e2ea
2e1c29e7
fccfc9d2
f332ddf5
16121bff
1cf9fc15
ffe5d412
40ea1402
ed0cfbf1
dcdd1f1e
2ae611db
0c2fed03
0bdef9d9
1dd80fca
fddee7f4
0d3509ee
1a0feadf
da2dde03
0209211b
d82809ec
12e42025
0109de43
dd16ee23
d7dd35e1
1ad4faf3
d7cd02d9
ea0a0fc7
12f5e52a
fa1afb1c
300bef0c
1ae31d2d
e70b01ce
13011408
f522f315
ce0fcc1f
fc17d22d
e1fcf2fe
f1e90dcd
c425ddd7
04e62bcf
10e5042d
07dff228
15ff272c
d027d2e3
f106f807
f7ddfd04
0305d7f2
ec140117
17240439
ce270a25
0ae4250d
fef1f20a
2b150c24
06150f07
2e02150a
e00e1ae3
12e3f721
edf11de4
f9f817dc
f5dfd4f7
fbf3dde7
f417e7e9
1fddfcec
0f0e1af2
f3e1ea1f
02e418fa
06cc1a09
0cecc518
e0d4f2e2
1b12d306
0041e3e9
e90725e3
24d1dfe7
e32c180a
1214f0db
0b21131f
f41829f5
272df71f
07d1e520
171d0522
0c070bf7
09082409
be14eb08
26f3e105
ffead82a
0902ea15
d61f1cde
cff104ed
e82622f7
fa10fad6
dc1620f1
3cf1e8dc
123115d5
ef06f7de
ec411318
0fd70d0f
eafeccf8
f3241133
fb141f01
1d18361f
f23ef606
f81be81f
eae51810
ffe70acf
3c21d41e
fbe716f7
2104ed0e
0ffd00db
13d7e1df
1d16d3f2
0b1901f1
d5f1f1de
313d2c24
ef36e82b
c42b37cc
d2e123dd
1ff6df05
07c9db1d
edfbefe6
0bd9e1d7
fbdb1fef
f530f71f
dcf8f330
f0022421
f8ee1c02
30f315e1
0dfe2f13
1818e0da
161f0eea
fa07e522
0d06191c
3202321a
1e040134
02f10512
1dfedad9
3e1dd7ec
2a04dc23
e404181c
1108e71b
daef2207
23e60ce7
e4e514c7
1a2ae5d9
dd0b203d
fccf0efa
1418d02f
e21c0d1a
f0ebcf17
021afa25
f2e4e8d7
0f17d905
11040af7
02f1e1d7
eb2815d7
f0022f0f
f8d63016
04d72919
38d51f21
1526d32a
d8de19e9
f814fdf0
0e0f18c6
fece06ee
dbcd06f6
3621d517
e027ccdd
0ce81711
2ddcf9d0
02e11d1e
fedc1113
e711c404
f908d1fc
23fe0d00
fde6d417
fbf4ec17
d904e8f3
0915d920
01ee1c10
e4eeede8
030f0d2e
f407ea29
1613dfe0
1202dbfe
f80fe3d2
17102211
f71b3c11
2cec2819
f60d28c3
16f006f4
ffe601e1
021b0e11
36ca3fdc
0a04db10
2b04091b
cdddcfec
f21f3205
eb3aeee6
1519e5d2
e8e0fdf7
fd300bfd
f32f17ea
fa1a040f
05232015
ee26f418
fd1ae9ff
00f6d405
cdffcdeb
0afccae4
18ed1de4
111c26f5
120dda1e
1aeff836
2425e029
f014df05
17f52bfd
f1e90ddb
1c21181c
ff3f0d17
1ef5f55a
1ccf09d6
1df5fd0f
2a23dce7
ebebf312
2e0b14cc
fad4e80e
f9daf51e
06d708fc
fa0846ed
f4f9c90b
28f50ad6
fff9e116
0b091ffb
092122f7
eef40fe9
3bedda01
240930fd
04dbf909
2cedddd3
d7121b10
e7eb1228
fff2ef0a
d80b0c36
2cdf0de3
f7e8e508
f010fc2b
cde8f9f5
fdf6eb21
16fa1602
1628de00
da0b12f7
0a35ef30
d9ea05f7
f9e2cfc9
30edf7da
0f29ce4a
1ff9e8b6
d10717f4
2f1f0e21
f2eff02d
dcdafe24
df18d134
d4fbe5ef
1ed50fea
2dd9cef7
fcf205d1
26d5dbf4
f00b0349
260ddde4
dad8fff4
fc0a1222
21efca1f
1bf4fdea
1e21f2e6
0bf1d120
2410efd2
14ebd3dd
d6f120e5
ed14f3d5
f3e5bc00
1ff2dce6
e5c70926
d7f206d8
e9c60dfa
0519f011
c8cbd8cf
140a0b14
f33af7ce
b910c0e0
e0dd20fc
a8080a08
ef082217
0ed10112
12cc3804
ed210c13
d3d6d206
eff93817
e7d2ec38
dd19d9be
23eff6ed
1a1e1ff9
f729e804
1b20d61b
050ab20e
ef2b0f07
e9f0e8ed
e6f014e1
0bd74300
23032000
e4201e30
d416ec0d
e7ccb1cc
10da19e7
dbc50e1f
b91a1ee1
f5ca131f
d1d2e023
dbc7d7d9
e8f9fd04
3905f827
a3edb813
1315d8c1
d6faf9f2
fd16d62b
cddeed12
02b935b4
f7d3c4e3
23dfcd1e
dbb126f5
f6ea0d37
1ed71ada
1adff6c7
212a3405
13f828f3
e7f3f9f0
0ed5e825
d3261e2c
0aecf8e6
d8ea17de
dd011bd0
08fee1dc
e1d9cffb
16d0e8e6
f2cfbdda
04ea1214
f0e31add
c0e9d5ba
0ffcdf28
13ec1cfc
dddcaedd
12dff8ff
2d2cc70d
e2dff21a
02e51910
bfeb20e2
050d2720
cfdd010f
20f30cd6
29ddd91b
d9241602
35ddfc02
30050730
f7e6e923
18e213e9
db0619fe
fef53af9
fd040d0e
cefcdd1e
1213d807
ef2fe215
24201d07
ece10306
c72ae22b
141dee24
0c19ecea
1b02d7f6
04eae609
c5cc15ec
f72ce9cf
321820e4
c91cd118
f1e1b5d7
e624eae1
40f2d51a
f7e5cdf3
1dfbd1bd
cd28faed
00e2e304
de110f02
37c21e13
1120fefd
05d1d7c3
1dcf4c1a
d4f12218
ffe1ffda
14d0e3f9
c82702eb
f00221f1
32f5dbd5
1d1e0611
232f0231
1d2b0605
03fbf8f5
08111c0f
20dcee09
381b0af5
2acf170b
e3d407ef
22141be2
f0fb10f8
14e1d007
2cfc0e00
cd0bf00d
0e00f017
39cfe1d7
261be4e0
bae909f6
d6f40ec8
d1c8dde3
d9dc0239
2708fdeb
ebe648d6
f3cd03e7
e7fd140f
e4f740e9
0a311232
0b15d415
1605fede
07011ffe
06192926
df2f170e
ffd4e216
0c14f131
ec021926
def1dcee
2ff13f25
ee0de81e
2f0e23f4
16cf1cde
0ce325db
1be611eb
ea021621
e924e1bd
04dc2741
cce7051d
c5f7edeb
23122605
31dabd18
bae2bbd4
f528fa01
dad8f4df
e9c8d926
dee8d2e4
34c12e03
16d0efd4
dd1c0cce
36dcf70b
26f20f0c
03fdc22b
35cbd0c8
24ce2414
e1d30e02
efe9ff09
dc13da1f
cd2aeed5
234f0b1a
15f2da43
1ff4deeb
0a18d8d9
f40fe920
0bd7d61d
d2fad6fd
dfec3723
0d0bdbf7
1f42d6bb
f2dfe509
d715c5fb
15e60128
3cdbd620
fd0e010f
fdfef3fd
f0f0d6b1
27290efb
d6f50afd
1cdc3537
47073eef
24e6bf1e
27cad6aa
15c943ff
4d121921
d9000c29
12202af0
cb071d1f
08183a26
07f40504
0ce30119
eb15d925
0d0320ef
e0f8cf19
1b1e28db
e5e6210a
ffce0d16
150a2114
0bd0d804
00cbe2dd
d618f2fc
0aedc9c5
f232caf5
2403fddb
040bf9cc
2b1b0af3
2ffecf3d
d4f3c9f6
c0d720d9
1dffce0b
d815f4de
091010d8
40df0d01
20bccf1f
fcd6f1ff
09e511f2
3a050515
d54ae32c
fff625d6
d52d0d0f
d8e604f6
e7c9d814
17eff502
d507f8ee
1b33fadf
172104f6
e50814cb
fcd5d6c8
2d1aecf7
2aefe4c9
fff2f612
d40010dd
0c1aedef
d93afccc
1b18f9f1
d9d0dcdf
b919d31c
02d7ecf7
1b17f1ed
edf300eb
071f0cf7
1d1f1ede
d4e80c27
e1e31fef
181727ed
e4be1023
26e1f602
2ed9031d
28eff72f
e80617f7
31f914f7
e12917fa
b30df23b
da07f4e0
d5221600
1928f208
e118f6de
eedbff24
09d72bf9
cfddd9fa
08d6d2d7
d41efafa
2002e8da
e612ef1c
121ddd19
0af6f0d0
15f2dc27
080d02e6
26bbd2f5
ebcfd014
08170229
ff28d2dc
1715ecee
11c60418
1027e52d
170ce11a
0f020be9
18161c0c
29f6e5cf
f4e8fa0f
25ee07d7
0dfe0902
e2ccdb1f
fffadc15
f0053a14
dc15d721
1be3feea
f0dbcee1
d9f2e217
db120e1f
2cdb10d1
e5f0ece1
ffd31be1
07dfd811
e21703f1
dc1e2313
05fd0b18
f0f8e2c1
13cb1aec
dcdcc610
12d8cc03
13ecd111
24fb1aea
bfccf51b
ed102200
cc1f21f1
21ca25e1
040cded0
08c00d15
0f02f8d3
14fee5f9
dcc113f8
dadd0a10
f5fb0f01
ebd5d7de
2bccf0df
d81de0ec
130ce1e2
ede2d1f7
f2e31c0f
e629bd1a
f7cfd5db
18f72912
00fd271f
071bd322
e3f9e3e6
051603d4
20d6e0f4
bdef14fa
061bedf0
07ede129
f4e50216
eedcbffc
101f01d6
da1be421
c1f7f929
351d19e9
d108f401
d322040e
fceefa1e
ecf71af5
f2081bd3
1e210325
2ad00900
fcf61026
200cfeeb
f1f62be5
30e21508
ce1314f3
f914de0e
1be9e0f8
e6e8f9f6
23e2e4d9
270c26e6
d21f3115
f3d11af2
fd0c1736
0a16cd13
e8041709
d4fd28ff
1602df0a
0cdfefed
1308f5d8
fd05e6f0
170d0b13
f60fcee3
16ede630
d7ccd2ec
131be6c0
0300ec13
d3effee1
29d4d42b
0cf91a0e
dee1f325
2330fdea
fbf9eb0c
f8df280d
25fddc04
0fcf16f6
222911f6
e013fbfd
20ebd827
2805e3ef
0c2b1af5
0610d01b
ed0fe6ee
f6e9e4e4
0d0000c8
f3ddcfff
0be123f0
e40d02e8
e2f80d1c
15f8ccdd
dfdbe9c2
fdfc0508
1d0cf401
c70cdb06
f5cedf12
102e0e2a
ec1e0b07
f9cdcff8
ebebd50a
e20229e4
ea01fef6
fac413f2
1c201025
04df0604
f5c50712
15f32cf4
daced202
05d1defc
f1c7111b
1a2605f0
26031df5
06d1d129
d42eccfa
eee104e7
cffbe4e1
1ae418e9
f5ea1b25
22f929e8
f719f600
3810c915
04cd191d
ffcef10e
f8ead906
031c0b19
1618fcf6
0eddea21
0be60815
d8101be4
e6feeaf1
f0e4f80a
d0d60cd3
eae51017
0327ff16
f6b725f2
f8bc21d1
dc2bcae2
eb08d8fb
e0e02bdb
072bf9ea
13cefef7
24eff51e
def20efb
13051f20
e522cc0a
fe2314ea
0e200b09
e1f4f810
c9fe0d27
fe06e617
d3e2f22e
e10dcecd
16cfd4fe
ebd50af4
da15f4ff
df10e420
da18ded6
e301d121
df2bf5d2
dbd4fb2b
33f4d4e3
ec101301
d6070ff0
092d0e0f
1c25f613
e5e4ea01
291e0503
25d2f71b
eed8d7d0
2dfafed6
012500fa
233af62a
37f209e2
1f16071c
00e5f9f1
03f1da00
e9d2cef1
07dd0404
fd1ad91c
0619cbf3
14f6f020
d8d410c5
1815e4e2
2123eacc
02f3e1f0
e3ebf6d9
00ef1919
dd15d3fd
f613d3f6
1ae1f827
f1efc8e1
dfcf1f02
37e9f2fc
dc15d120
fe1007f6
dff21300
f8fa1de2
d124fdef
080721f8
1dfe1e23
eb1b0fd3
ed031f00
1dfd0011
fa0b04f1
20f3041f
e1fdedf0
c2d6e707
e0f309fc
1aea221d
fd09edf8
0dd4ec19
d9ec1c0b
ebf40ef9
dbea231e
f4d40a04
2be2121e
07f72ae2
e7d6fff5
130dd902
f2fbf2f6
32ecd7db
f11aff0e
071002d4
08da1608
edda0210
01f106e7
13ee0edc
dfdfe9d7
ded8d0f3
dddd25cb
1b020e28
e5d129f9
df06190c
1908f2ea
e5f92e19
0930d7ef
14cae105
fcc72002
cc0506f9
17ef25f3
110cc8ea
d50125f7
01e7bbfa
fd1b0708
320224ec
d0290b01
2f180608
05111b0e
35d6d3ea
1bdeed02
e2dafdd9
d51638de
231227e8
ee12e40e
d8f409ea
33d210e2
f1dbeae1
e9dcff1c
f60cc925
d0e120dc
d5fbd903
28cfea29
15e5db02
10f8e31b
0025dd26
ebb12912
1bfff3d7
ff15e60b
d90d1b1d
dffcd7db
2d12d1e0
e619d3ec
f3db0bdb
190b0338
ef0e180d
dc0003e2
ed1af5cf
d5f10921
12ded6e5
dd25f3eb
cb2bda08
1e031010
e8ee1705
d2ed46ca
1fe2312b
c60a2428
cbd4f616
03db2519
d90dcb03
d8fed620
fbd30103
c516d535
05092b17
f4f3fbfb
2c060615
e6da0829
fde5dc2f
f6c1e1ce
1f1415e0
23370deb
2cd415e3
0012edfe
fbd8d13d
03010d39
d4f6f2ce
e6d70031
1eebd423
dd020908
db0be4ef
ea24e12f
1ffcd20c
0a130dea
bf16ce16
cef52025
cb221708
2e1236df
12eaea35
1ce3e517
ebd0efd9
2705e300
06f3eb00
01fde24b
3206f82e
d4df1922
1c1cfb37
322102fd
ece70f11
15250123
ca27fd30
dd0ff10e
2a2e04de
f6181827
d5042beb
24d91fd8
29f2e90a
cfeeecdf
07dce514
fdfad212
23f01ace
c9dad5ce
152322d7
07e6fd2b
2ff4d3f3
dc15241a
f521002e
09e913f7
02ceeb05
25ddd2db
f2f22dde
f3f31208
f009cef6
13f51efa
d8ddeec5
16d8cfea
e024f808
0bec0bf4
07231a01
ee0ce8f2
dee3f107
f7ccc4cd
1ef6e8f3
05d7ead5
281711fe
dbf4dbfa
f9d81412
00f9fed3
0f1d1e0f
d4031706
e1d7bd1b
e029242f
3909e509
cf04edd3
3a1e20d8
c50c1b1e
161a04ea
f71aeac2
f3fafb12
d701e21a
0edc13d2
240ceeba
dbe03913
c406d917
f313ddec
2df60be6
de181ec6
0b170804
1fdeff0b
ccca121d
d8f8072c
1c06e709
fff6bbe7
1f12e823
f6010b28
1fe3f0f1
084bebe7
2826db06
0beced02
05db1008
ec121136
0721012d
ead91c0a
240919f8
02f7e5eb
fb2225d4
24f41c02
d1e4d00d
2a131a07
06e9e3c4
030d0bf3
12d52afd
f208d208
182cfbf7
edf9e231
0d11f2d0
ea12edef
f1dd2af3
e1d91ae3
c7e7172e
34e4e6f9
b3dddbdc
1d1316e7
1cbef91b
0d0c0f11
d0fffe0f
e9f3d8e5
f90dcf16
114201f1
0afee804
f1cb0a28
e6e93101
0bd2e7e6
031c1302
05f2e6fe
02dfcec5
090b2518
d614da03
0be8fed2
e202e4de
2b2022ed
dbfc12ea
1f2d30f3
e8d604f3
0300fcf0
fcc9ccc7
f02b09cd
d4032ff9
eaf3ddfa
1e0a04e0
29d7d140
03d018e4
0916edee
f90422e2
180bed29
2b2a1ae9
fceb1bf6
20feeee2
231cfabe
e41efedf
d90e0123
df04e2f1
34ffe024
22220810
cee60fd6
de0cd620
d00c0302
f8f0d820
ead85515
eee4fd10
01e3e3e6
ef0f27eb
4011f524
1febd6cd
ef0909d2
2004300b
0ef10bf5
fb0117d5
14f4f003
d513f9de
ddfcd9e7
03014cff
1d26231c
d0271d0e
cbcd16ff
e4f811d0
241004f1
061e3e2c
2eebcd07
18210302
21e9dd01
f4e409d8
1c10241c
19fb01ff
dde6dad7
e8d7f8e6
ded9fe22
d805140e
e1d504df
07240251
18f133d9
19fa0f06
f7003314
f4290be7
3e25fcd1
0b221d02
eb1629d3
fef3fe17
26dd1222
22ecfee4
0f13dada
f9cf0501
ea221222
130634e5
dfdd1dff
11f4171f
fffee1fe
d1101810
0ce3ea19
01d423dc
1b080dde
d8d3ede6
0be2cb18
d6fbff24
f8352d24
d9fe1314
dfd4d0f3
da0b391e
cdda1011
cdea25d9
d2d6cfd1
de0beb0a
c539b6cf
10d0ddd0
100de5d3
06cfdef4
d6fd0300
dbcc1e1d
d1e6dcea
e710c8f6
d41806fa
b4f0e5e8
e7be3811
e1ed0307
d0da0520
16f7cc05
e2e6f514
acd8c1d4
0b1612fc
f6020af0
e71a0745
e8fb0113
f1e34af9
ddd3d3f5
0cda1a04
ecbd16d6
ccbf002c
cf0ce0e3
fbfdf7b6
fcf0fcdd
0ee33427
2b04201f
f408cfda
25dbe901
d8e2acc5
23c7d3f5
d5082411
daf5172d
d8fedb19
fff2d7ed
2921e327
011dfafc
ce050e15
d91ee9d9
fbad381e
191cfe16
d8daca14
f0db1ce0
04e700f4
faf4c7d8
040c2203
dd0406db
e608fe0b
ffd3f720
daec49bf
1a12e6e6
d5f4f509
01eb0af2
def1f8ef
f3c5f1d9
e01a0be9
13fb0b0a
c10e48ea
0df5d813
25cefcd0
ffc6e816
ccd80217
1115e205
13d50bfb
18ff2327
1af814fe
e832ea0d
17e1dd19
17f4fee4
b7ddfad2
c90c07c6
1fe02219
ea2703e7
b7c9d9d6
ccdcf2dc
c906a701
f226c71d
2307e925
0acbc4e5
d5dc0506
f5b70ae5
be9139e2
03cfe2f5
2305eb13
19a031ff
fb19f203
dfc8ee15
d3051ff9
dede28dd
ebf6290d
18eefe1d
d4b9ca00
13ff00f9
c90aabed
08f51b03
05e1dcf9
e51b1215
2f0be11d
040ce5fb
16fcf4e7
f3c9d4ff
a52d14e4
e53af5c6
edc6d332
d0f1db13
d9c8d505
f6d8f1d8
2b0de71e
ce06ea1f
1ccddeda
d021f4ec
e3e0fd28
e5d1d71e
06c471da
231507df
1cecf7e3
f1ca0f09
ca04d635
22020b05
29f3d6ef
d5e20e0a
e4de30e9
3bee26d1
09f7b5cf
d3f9da2d
fc22dace
ec07ddcb
03c5dc23
ede8d82b
ead3e41f
fd22e613
cf0c05d7
24f6de21
bc1bfbf7
b723f7e2
c7c023d9
f206e6c3
d7f60b10
f8cd0a06
2b15c626
f1f7d1da
e2cdf0f2
d5c8f403
14fb0435
e5c1d51c
e0f717f7
26e00506
f8c8fe00
d7c536fb
ecf510e2
1c071dff
f7e4d3f9
d827e4e1
ddd11d11
e3bcedf5
2706b6fc
f4db0a16
de28f2ca
e0efccd8
f3defbf2
e321d4e1
21cc1f03
e90af4d0
d101f5f3
e902e61b
0cb60be6
080208d3
c30dd7ee
d3fac001
04d1cde3
e621c5fb
ff15fbd9
edd6df18
c6dae1d6
f2cce5be
e1f3233e
e6c5f308
e0b9061e
f6f7d0e0
d1cc23d6
f9ef29f9
170d0ee8
cf0fd5eb
dace00b2
06ccdcde
db260f3c
d9e3cbca
15d1f22a
eef9e500
f140dfca
11291422
0df6e714
eacf26c5
2a0f11f7
1befe322
c016b41d
19111ade
ff0e0ccd
ac4515b6
ea15caeb
0cf5e6d1
0f02d0f2
d2e6d129
3cd5bd25
eecae7e3
ff1ed8bf
e22c1704
251cd63a
d4ee3738
18cc32d0
12ecf0f6
16ede1ee
d10428e5
1d07014b
203bfe1c
f011e8fc
d928c3d6
feef1d2e
32fcf3eb
05c9e2e0
fa19290e
cb28fcd2
0eec1f36
1cd40f08
dbe9f8db
37d4d216
eb1216d0
0bf5bc1e
ec210e1f
e90cdd11
ad390dbc
d5e203e9
2300df0a
d9c1d1cd
dbdadcf6
eb24d923
cdcc0a0b
cedece09
f1dfc8de
19d3ee03
1b2406ee
c5ce3def
00e5e7f7
d212d7cd
1ab51ede
1fe5e72e
06411a01
f4141cd8
1c13f11a
1406f9da
2efde7f8
13e3cdff
07241bd0
e80ad3e3
162fcae1
d1f308dd
c6ffdebf
20e1d93a
13e511ed
e0fcdaf7
f10dc918
c7c8fff2
0c1716d3
e311e118
0dd30601
01cdb012
0906ecea
ea10e5f0
fbf20e15
f81218ec
19f2111b
d4f2d8ec
00ec1fea
14c93802
fbcef512
140df314
f5f02e14
2a1dfe28
1021e318
f80718bc
27f9d80a
f9f0d136
f912f40c
dd0801d5
cb28dcff
fc2a1ee9
f50e0a1d
0709d625
1c25e3e8
d7f5fae4
dbcf061c
0f0209f2
19e12bd0
06d90313
1b041704
fcda4201
cc10e4db
e9d9f0d4
39e7e4d4
ceff2cc0
38d72822
fc0908ea
f6f9d408
0afbcbfc
280718db
201be2fc
fc3dd8db
dc1be629
c6150a15
0be723e4
e7fb0029
e6f9edf8
222d381b
2d08f030
f30514f3
170929c8
ecf8f8fb
dce4e6df
0f14103a
f3e6d81b
1fe4f846
200c0602
1afb1f18
f9f603e2
d6f8050f
2d270adb
f2422712
091ff519
1de4e7e4
f3033adc
fcda0be4
cff819ff
120b11d6
3a01ec28
221d060a
e915202f
39f31dd3
1f0df625
cc2ffaf6
14f5ddef
15280517
1a00c6e0
c6352dea
1befdff2
341d0102
1edde1f6
1d040af7
dec537e8
1e060adf
e902f1f6
222ecf06
f90de813
edfd2a16
d3e1e0f0
fd09c5d1
f2030a14
dce2d321
e42c1b1d
33f7473e
1bff0f17
cd1a0c0d
f20734e4
210bf2da
21dcf337
1fcf00ff
1dcdf13a
e3c9f91e
ced7cf48
06f2e9c6
2a00f1ea
0522ec12
f5ebd715
1bfd2c00
18fa1320
f3020c14
ff042b1d
fb1212cb
fdd2e4f7
c105d3cc
e6212d1c
e012ec34
03fe09dd
f20a2a09
46fe221d
f51725f0
40d0db14
07d3fa0a
fbdbf8d5
2ed80502
0128d5f2
2224fe2c
3dd207f3
cde1f7f0
34f30cb4
f8eb12bc
d6fd26c4
361319d7
fde72308
05f81735
fdf0e42d
f1f9e30a
d833cccb
ca00dd11
ed06cc27
dbe6f601
0ae4fed8
dfdf06df
0f320708
32112721
f01f2230
0fd8f6f5
f0d80cca
f8eb0ef5
0d1421ec
d309cce3
3ee3cdcc
1803ec39
33e2cc09
20eb1bcf
e318f811
e3fbfe14
2c20edd2
3c312c2f
f3112100
cef92e17
2df50fe2
37d6f9e5
f8f4e6d8
e6eb2fd5
0fe4ea09
230be2f0
dc021a13
0dd1ef03
1007f1d1
bcdc2fc4
ffcdecf2
082a08e0
1d100405
c535fa22
1f33f61e
eed130d4
f9d1ee2c
c1f5d90a
d4e5e6d7
c60f0e36
e2110aeb
ece8dd2b
1f0e08fa
14edfe2d
fdcad826
d2ebe81d
cbe02a04
1111edf8
f322ccec
ec0bf91f
da0bf61f
fbd02310
0df8fd14
f4ed171c
03e537f3
f8fc0e2e
02db25e2
1117eee0
f3f3f811
2b10f3eb
d3f7fcdb
000e2005
c7ec1ae4
efebdd19
0d32ffff
fa1413d9
150603ec
facdfed4
fff9fd0e
d7e02305
0bcd2327
1a08ebef
12db2521
f51d11f7
e608e9f5
0bc6f21f
18d00df9
dde6cde7
e8e8f1ef
2426f5d3
02e2c3f8
2214f21a
0fdff100
1420240d
3c322700
260813dc
f8de27ee
10df1ce1
0efc1d1a
19eacd28
e6cae048
feda210f
1f2f06e3
14182209
0307e302
e11912dc
37020dff
c3e7ebdf
f0f00cfd
10f923e6
19e52de5
12cccbf9
deca410a
e6fddaed
fc102a13
15d7fb08
faf721db
f9dfd002
1be316e8
2a1af3d3
282505f0
ef1effbf
3303ccc6
142a083c
12f10af2
2ffef7f8
380e44ea
1a0bdde5
27001ab4
34fb1cff
1718e73a
020ce20c
1c26e61e
3ae3fa2b
daff06e8
10fd21e5
0ed60eed
1c41e1de
f3f30f05
d4f1defd
080019f4
36d9e718
f623f2f3
e3191d07
22203705
e820291b
f313191b
0212fb17
41291c0e
d1fdd737
e8c5e1d6
1f16f8dd
df243808
0b1cd7d4
18eb0acd
2be1ed3e
f7e214dd
30da0a13
1d15fad9
3d0c1c0c
07f70ba8
3af4f41a
000407f5
e61bddd3
d3fb162c
e9f2f8fb
e6e30718
1102ef1d
f7cce0f1
00ebf0da
34d823f2
d10dead7
29f109e0
fee5f5fd
28e21c05
eef6d8d9
fad2e9e9
ecfe2516
de210a10
e4f5f206
050917e0
fde8010e
dfd9d7ea
0f29f906
fcd3221b
0a0130e5
fff90418
ece3e406
0ed8e707
f1f3261d
10f0ee24
f7d6f0fa
2ef40de7
eaddfacf
0a1c1012
21eadbdc
ece80d2d
d9fe0cf4
d91be3dc
0f2015f5
0c13f923
0227e613
09d418f6
0f00d5e7
23f4eafb
122b0e09
e50ad734
1314dcd4
23ed05f3
10ea10ed
e30fe013
fee6d616
edfce9d4
26ebe7e3
201eed0d
0cf22426
d4fe0305
edfae824
f4000510
0dff0fea
0c24ffe6
de29ddf8
0b1121de
d1e0df00
e01ef7da
26d91cf3
22251e0d
10e0edf9
fb13f6dd
0ae6e122
e0fcf101
14d6dfdb
1df00ef8
e303efeb
f5dd281d
e4dd16f7
1bcd25d3
fffae81a
2c1a0ce2
f4f8eb20
17fbddf5
1addf0e8
f814f8de
1220d3e9
f31cf6e5
1b1e20ea
31102a0e
defc20fc
d419dd22
f2def3e3
181dd412
de12e2fb
ee1c2400
040603de
f1e1d7e2
f6defae7
2cd323eb
06dd1814
0ce918f4
0f2804f2
d12bccd6
09d1e4ff
fafd15ea
e7e6deda
0b06fc22
fb0af51e
161adc1e
f625ff02
21ff18f5
1c130cff
defae8ef
26d826fb
0419fc1b
fa2c00f4
080c200b
e50913fe
ffec18de
f020f0cf
ff28deee
1717cf20
02ddfded
18172319
12f1d1e3
2de0e81a
04fd0503
07f5d4ea
0bf2de29
080c20e4
11f0220d
04ead220
f81ae5fc
e82bea05
0b071afc
01250f0d
e9e3ed14
05df0803
d4ffd4ce
e8e0f10d
26f4e716
1b0128e3
f111d3f7
cee31822
020ee426
dbfcdbe7
e0dc191e
d6e3dadc
de2cfc24
23fc130c
f621ec21
f10206fc
00131c04
f1d2d7cd
1eee1eda
16e52cdf
0409d417
0cddf50b
2424be2a
f2fa2621
04201701
2c05fd21
e6d9fbde
e3df20e5
fae6111e
02ec1425
29fa1f20
e0d0111b
e90bea06
23ca2809
100adcd1
11efe3dd
1fe4fef5
240cd2f7
260d02e6
f3d6180f
00f02c29
fffe0213
f21202e2
1cd52809
ed0818fb
07d4f60b
1dd63509
0419fd20
02ef1a07
de0be912
0bfe20ff
fc07001c
d516ee20
0d0a150c
dde301db
e111eff9
e2ee251b
0aefd4ea
f7030f14
19dc0f23
fcd6dee7
f1dce417
faebf810
d5d81c27
e516f303
f727eef4
000e1312
10e71610
d325131e
0fd6fbdc
fd140716
fede16f6
25ebdaee
05ebf806
060bee08
e913f810
1c05eadb
ffe6dbf5
0af720ec
1d1c21f9
0f222d1f
1d13fa1c
09dbd7e2
ee0228d3
0412f024
1ef02aec
d02ce10e
291bdbde
12f014f8
e40de00e
2012d7f5
070c2703
1c18dc0c
252c23e2
e202f725
07ff1fd6
23dfe127
1def130a
06f601cf
24240ddd
e9030b14
db1adbcf
2c12f0fd
1bdc2af2
2ad3e629
fd08cddf
0325f424
e0ead427
ffd6dd28
12dae7de
dded0ae5
f50bf3e0
19200115
09dc0ff5
2b01f222
24dbe818
0d1225e9
19e8f1f9
1fde17db
1b0811f9
fd2516ed
db262aff
15fb0ceb
33d4d9d6
e70bf3fe
12d2dc1c
f710f713
daec24de
1e250aeb
1bf0070e
15f1d1ce
20e3d70a
200d1626
0df623d3
1515d40a
f8ecf61a
f0d102dd
210b05da
fdd9f3d9
f32b19fd
d9d22526
dfd6002e
defd1cdc
1f28ed09
ed24d415
f2f81521
10d9dbd0
07f81c22
e2e0122b
e2e70422
e0f7eee3
f5ecfe20
d0eae6db
14edeb05
e0dad8ea
0511dfe9
e5ef1005
e22718fb
06f818dc
d0f2eef3
e0e7fff6
fd1c1307
0810d5d1
0d250e20
29d6f31b
1029f21c
f309e6e4
e804dece
de220407
07eed615
fde32629
ebe7ddfc
020f1ed9
10e5f8fa
d8fc091d
e90bebf7
f5240a24
e1151f21
e8080619
f1ea2aff
08e318e5
03f1e9ea
33f9f9d4
ffea2b26
1efe10ed
fc11262a
f62517fd
14d2ff05
2e28fbdd
2c12182d
27ed0b1b
f9faf9ec
10ec001d
1620161a
25db27f3
0f1806d5
e4eb060a
1c11f202
15ed020b
13d3e015
f2e416dd
0c2a130c
2ee52a23
e819e407
ecfb2809
f4e210fc
cffb1502
cf05f013
d0e019e4
2bee1c02
2c0d14e8
ea1fd50b
11f2fa22
e4102f1c
06eee325
021109ef
16f7292a
e0fee815
f4dad4ff
e31a0c13
da2814e8
e5ddd2e6
282c22db
e2d92dee
05012a04
d9db04e8
052216e9
09fdd3f8
03e3d50e
f0fae61b
d82b25d5
19170c05
2e142031
fa12e619
230e1f08
28d9e4f0
12dc2e09
e71ce216
2e000f12
290512d6
dce6ed2b
fff1ebe3
ea16da2b
28d303e9
0c0ddcfb
32d423d5
cee6f9fd
dc102227
05131dfe
e9152325
ead7fce6
1606dd0f
cf1e05e0
0c060d0f
0ed4e11b
031a2122
e315ffe2
151b0d29
141304df
1d1ef129
1f1e290f
ddebfbef
e62ad724
2006e8d6
e4d8fa19
efe20a1c
3017db20
0107f10f
ed030513
0df707fd
e801e9d2
dd22f7d6
112e05da
270917f1
030710de
04eed62f
1b2a1df6
0e12dee5
1fd101fb
262507f1
f9d92900
2e15fe07
08e82821
f2eb0bfa
defa00dc
e3232ae1
f7e61ceb
2c12d917
2a1c05f4
d5e210eb
1e09182c
11f3e7e2
db18e014
25ff1dd3
fce125e7
f3f5fb2b
f6eaf0f3
2d21082f
1522ed09
ea2a202c
01e20a26
e001e300
2611d328
d60920ce
d7060b23
e81c2c30
27e71ee3
1cd5dfe7
eaf82a0b
e0e3fc25
e709f130
0610ffd6
e81812e9
fcd91000
090204fe
2aeede2b
f31d07db
f2fceaf2
20e123f6
f6110605
dfedf5e1
d7fad7fb
22fc1d11
eee31c17
1b0cd421
ead9f501
fcf8d8e7
e00e0201
030723f2
dae2d5e9
1dd71b21
27dad711
e6272b28
0cd31904
12e515f3
e213e2ec
d90ceae2
250fe7df
03db0ed5
fbf7f819
ece9021b
d7db07fc
11e8d5ec
11272617
fc00cff9
26fff00c
f3d8faf4
042eeb1a
f7f0dde4
280f23f1
ee0d21ec
f9ed0229
d70e141e
e91c01e2
12dbd525
dffadce9
f807e5d1
eff3ebe2
22eddf0f
fe1326e5
f31eeedb
fe26f52b
2610e0de
e2dc0b16
1923fbd8
f206db20
2b24f70b
e3f3d1e8
e10c1418
ff1e0d0f
2dfd02fa
f61ff715
f0f71c29
0beefad7
2923f41d
1bd90cf7
f2e6e5d1
ed1d13fc
ea23f61e
1bd6df28
24d0ed0c
e8f5fdf7
0527ee1c
15200e0e
29e4d8e9
e61cd210
0df10422
17d3fae4
2bfd200a
26fb11fe
f8e9e102
f7cefce8
142213dc
1b2beb05
d30212dd
032bead7
d629f4ff
0d0a27fe
14e12ff1
0e0dfb0d
06e10b0f
0e0b2c14
fcd40be9
16181ad8
15cf17d6
00ff12fb
f2d6d41f
da0a24d7
ebf0f316
fce221ec
10fc2bf5
0823d9d8
f224e8dc
f0ea1ff6
0a29162f
0f071fdb
dd261ce9
e5f21c0e
261802f1
cfe70303
1511f1e7
0fd3f3e6
0412252f
0fdeed28
e720ef20
12e123ed
d1dc0df2
0a230fd8
19da2321
d3fe1f07
1bddd52e
1c12d72e
f000e1cf
10ffedee
28fc0016
2b140f1e
ebcbe4f9
0620180b
fedb2407
0be7122b
26220efe
110edd33
14f5eaea
23e12825
de2813ed
132c0eed
230cfd28
f12f0a1f
dd201622
2619ead5
df022ae9
16edd8dc
210dd41c
f6d51607
00f7e717
26d9ec15
1c0a22eb
261cfbf6
f515e315
20fb10ca
ee0ef721
07f00be1
050417e0
c61b1100
e1210021
13c5ff0b
0827def8
022105d4
09e8cc20
0a0de7de
e7ff0d09
23fcdee8
df18ddf8
04e9eefa
0fd91aef
0a2eefe7
effedcd8
f5200bdf
2f18d421
17f2031b
3fe6061a
e5deefec
0b2603f4
32d223f0
0111f129
e30d0cf6
09f8d101
d933d82a
21dffee6
30291ffe
1f201112
f4071f0d
34d0e321
18e9def6
3b104113
14f3f62c
df071aff
d2e0142b
3dd4ea0f
f50cf924
0c17da18
1fd92626
ebfeeec3
1f12fbe3
eb2af1ce
0a0217fc
45ec16de
de17f8e3
e1f10d12
1616d6ec
2006f8f5
f006bd27
28d603d8
d019e1e0
c943d71f
011b34ff
c810fb07
21f9fce2
0be60318
ee041617
17281af2
02172113
fcfe0cfc
1208fb34
f7df3321
ea01001f
f6250d1f
d11a0b1e
02fee50f
07f1e5d5
501a081d
17f40508
f2dafe26
f015edd2
e3d0d5dd
faeaeff7
02f6ec01
0dcbe824
41c9f4ed
0dd9233a
f3ec1b26
c516f9dc
00ddf4bb
00c0ffed
3330fdd2
15ef092a
d010e9e2
1cd5f100
d5ffdce5
f40dc2cf
cf0521fc
011226e6
f8f30703
e1e31a16
e8e50ecf
0309ed00
02ea05fe
15ec1922
ff18fa0e
1bf9fcc3
07ed0e1e
f5f1281c
14d313f0
2024dde9
f8f6e115
02010c02
1005cae5
04d2dbf5
0fdf05f3
e9130711
eb0425e2
12ff2502
08c906d5
e5df27f4
030ae71b
0b1ee731
440c2b12
1fcf2117
e1f22adc
ebe0e8fb
de06e7f2
fcef001a
3df9e126
1627f624
ea2de7ff
0305fef8
20240cff
d12cf2e6
2514f33c
d2f0ff20
1313f71b
0b140c0b
2416e502
f5cb2ce3
3b13fd06
20e61403
df02cb24
df12d6ff
fceee623
f7edcc10
0de51cdd
d1eddd04
2a1e1901
defbf0e8
1121feff
e3f91bec
17dce808
d9fcda25
2d24ef11
1afde523
ccfae324
ecd714d9
0a00d935
dbf80516
13d630ed
e0d81011
dadff3f6
d418d809
1705f9e1
fd1eddd7
170dfd04
ee10f32a
00e8391b
fe1dcb19
3426fb0a
12b814fa
f11f0227
ff21100a
f9df1900
ffe4d9f6
301ad126
c71212ca
0efcf4c8
e3ce19ec
05dade05
08d71b13
f20fe4f3
2cdb29fd
cd1fddcc
1b01d206
24012325
d305d601
11cc2b0c
13fcf4d7
0af4cfff
00ebbceb
041c0af8
120c00d9
0427fc03
f3ddcfd2
172725f0
20071adc
f902ff00
290afa0e
0bde24d8
0fd8f0d9
d4210a34
19f1e8f1
f901f1e0
f608d22b
21ede918
260bdbea
f31b12f6
f0f51c24
fd250edb
c8fee2f6
07f61ed5
f0fce7f4
1ad7020e
2ddc1434
d204c7fd
df0fd719
fe1ee92f
ed053fca
ea05e9dd
0b35e6f3
2feac7f3
dd13b9ef
e205f2f6
00f8e8e1
3004cecd
f7f0f905
22281e10
1b170ce3
f70fe729
f2431d2c
f9cefa12
fadc17fc
fbd8d926
2907ebe9
1efcfde8
1c01f1f3
e503280d
e9ede7d4
530fd8f7
dbe20000
0c01ecf1
d6eeed2b
d71cf008
29c6f626
020feafe
131a1327
240712f4
0936cddb
02f7f4f3
0f2a4a0d
03180d10
360e01fb
fcfce8e0
e401ac20
241009fd
d9f0fb18
16d2fb22
e3e625de
1d323b16
eed9f124
2718082e
1a42e0fa
1307f5fa
f803f0f2
d72a0dfb
e3ff14da
1c231501
0df1e7e5
f01910ef
1d20dde9
35340a09
f4fe08e2
f6e11a01
2026e522
e30a2305
3117db11
2efccdd1
32201c01
d108cde1
e936ed21
2404ee35
e8cd0d12
0a22cd11
37e9d21b
f0f2d5e0
dad5e222
21d32719
0ef821fe
0414d318
ccd0d60f
0b22200b
ede62322
1bcc1411
20dff623
e1edf412
11e627f7
ffe3f9d0
d1edfb19
12e93003
18e6edfe
21dad9e1
06dbef14
27e011d4
19e728fc
2f1ef0f3
fef2d404
f513c8f1
011bede9
d01bf505
f33519e4
05e4d6fe
1bd8f7dd
d125f41e
fff523f7
041f18d1
09d2f20a
cff541fd
14e62000
e626e9ee
d6b803ee
dcf1ea45
e8ebef17
d1f4d723
0714f408
00dcf80b
f7eef234
2005d512
de0d13dc
08e2f110
0009e0ef
e5f1fd15
e1da0f04
1aed121e
faf60aef
060ef5f2
2022cdfa
24fc0402
e5f30816
e3f61c0a
fd0dc5e0
d6f216f4
262a0502
2be4d7eb
060e160c
d2dae90a
e3dc2200
0e1ddb02
1c16cbd0
0c0d15d8
03d6eaff
12e1d7e3
21d50d1b
e8fc020a
cee51cdb
130811d9
cdd7fb0a
07db3e05
fbf112ec
e01c0407
d20d2201
02dedb17
17d9d2fc
23e01dfe
20f2f9e8
c8deff16
eef203c7
202f120e
e009fb0f
1704dad8
0eecdfde
d1de011f
eefbe0fa
11f4e7ed
152ffde5
0ef91107
d826f10e
1fea18d9
10d4242b
da27d8fe
f605dee1
dc1929c8
d8c9e5d5
d105d725
d203e0fc
fd2af829
dbdeffe3
13fdec06
e3020706
eb24150a
1b161200
f9e52c02
dc09dc20
160aecbe
d4e52306
19f00cf8
1f00cfed
071ecd1e
16f7fffa
e6f5faeb
1cd41bd4
fbee4c01
02d8e9e8
be24e3ee
2edbd0ef
f722f7e5
241e1e2e
d4ce1a28
fe1b0ae7
0b3826e0
26e409e6
151bd720
0d01d510
e422fa17
18ea14d5
2702e01e
f501ee20
082510ec
dafcf6fd
e01ee7f8
fb0b22f0
dbe90102
25f4e50b
2ad425f0
faf01712
e7d6d614
22fd0c12
d8e733f2
08dad613
f4fe0212
1beadbd9
e1fcfae9
1800e2ff
3800dffc
bdfdf722
c216f512
051f24e6
fd08eae3
f21e0500
1b2be800
c3d41b2c
19e6e831
181c2acf
dc03ebf1
ccddd914
00f0ec10
2817d525
1e171f36
c015c627
ecd23136
dd0c0118
e0e9002a
e3f21d23
2906f8ef
cd1de5fa
d9ead9fc
fa00f31c
fe0ed6df
fff9fc2d
fcfd1816
cdcfd316
1d1bf52b
21d3d0c9
223ceee8
dc0fe00b
e32e0d0e
f8252ade
edd3fc28
2cd2e9fa
0200250e
29fbfdfb
fd1613fe
f701dadb
f3352206
fff63dfe
051dee01
06ef0bdd
cddedd0d
dee511dc
2ce41efa
f1f9ccfa
f113f9ed
1804ecd6
0ae11efa
d1f1fa04
2c0bed06
02f1e702
feddfadc
1ed3e9e8
fcd5f9c0
e4e71d09
11cff1d2
0ff415e4
30cf1e23
ecdfe02d
ddf7093a
2b1e240f
1418f618
1527e0f2
dcd233fb
ef18f406
0a0bd507
0be611e7
1fcce9f3
06db1406
1b16001e
e2160e14
0c07e4e4
c7df0100
e529d7c1
0df521dd
0f05eb1b
11d6f301
05e02d0d
0524e7cf
0fe3eee5
d6fe06f7
d82504f5
14e51b08
090e00ec
defe21c6
19e108e7
fe09e020
2ae92b0a
d71618d6
27231dee
24cd150a
0000ef21
22fdfc12
ec113414
ff0cf50c
0afbe3e3
1be3e72c
14ef13cf
eef4f4fc
21f301d9
d9cbdae3
1d2b2507
d8090c28
cfe91101
0b02ffe5
eff2120c
f5d0f5d9
1514e30a
0a07f021
01d706f4
0b180719
f5dee9eb
100400ee
fa263cec
dac8cbff
f0eee420
2b0f1bd9
2ae8f6f5
101d23ee
e815ead3
09e8d502
14d2cf07
21c9d3c7
dd170c19
2829ec05
f414efd6
f6eb1816
18f1e810
2c23d7f8
040ceb19
241ed725
01f80005
0dd10d0c
1e36fff5
26eff9d5
f5e3e411
0705f507
d922eeda
14c80ce1
23e41dea
11ebf9fa
20e62834
e00209dc
1007e0fa
05e7f5f9
280ddfec
22ecf2d3
f8151dfe
02f81bd2
07d10700
e4e72d27
f7d728fe
06cfeae6
d931dd15
e5db1925
e927fbe5
221f28e9
240f0ee3
082505e1
2b0bdbce
2729d909
03d804fe
00dd1a10
dc21e50a
02d1fc1f
e200df0f
f8cf16f7
f424d706
fad4281b
f723042a
16f5092d
20e505e1
f4ed2a26
0702e5f0
f62a010c
2eedf808
131f25fd
0915d7e7
1f1df3dd
ea13f224
03eb06e6
1c1adbdb
d9211a28
e001330b
0909f5de
eee20623
e0f9da22
11ea1801
0b132c15
f825e6ee
0c081aff
e9da1be4
171b01d7
101bde1c
c8d616f3
210e2dfd
1327eff8
db241d00
090ee318
fd03260c
0ef70bf4
e00b1de5
f2f7ddda
fbfd15e7
f320e712
20d41c11
1be6de15
ded20217
2a130413
e615eb19
ec2cecce
e11b2428
112ffbe7
df1f04f2
24f8e809
0715d8e4
e1e5fb0f
f124030b
e6011cea
d7f920f1
e6e2ed17
f323dffd
f3e2dd2b
ed06e8e7
e41cfbeb
1b262914
f5200a2b
23df1128
f9ee1108
140bccec
06fa18ff
f818e0e5
f227e925
2d1c1f1f
ef24f10d
171c0616
ce002827
1427131f
0bfff1d1
0cfffef9
122202e1
0bff17fc
00edfc1b
dbe22109
0befe6d3
ed05e1d7
edead9f3
25e80cea
23e5152a
1bf3031a
02dc23e0
152c24fa
13e006e5
202300ec
df19181d
d6031cf1
de02d7d1
fc0bd3da
1527d0e1
dbdcecf7
e127da01
e8162bfc
03d603dd
15def5de
d4c7da19
1fd9daff
151d25db
e7141cf4
1a140f30
11f2f9f1
24221be7
14e711da
252eee26
05db2ae1
d13223e7
14f3f6f6
e904e412
1bd5eb0b
d2ee05ef
25dcee18
da142929
f2d4d400
27ded7f9
332501f3
03092aed
f0090bfd
09e716f9
0fde1a09
dcdc240c
18e82723
10e9fbdd
1620daee
d929f71f
f90eeb06
01ff2be0
0a24f3e4
25fb2000
0ce8f704
13fe2801
2d25f306
02dde900
0ce5f21f
dfe9d8f4
fbfa0302
e2fdee0a
0a311fdc
00f8e71a
e40404f4
1d19eb32
2d021907
182c13f5
e109e81e
2715ef19
d2dedfed
f1231fd4
172f272c
f30a06d4
ea14f1ef
23e7e2e9
1b0e242a
cc152921
eaff202f
d6102ce7
07f4f4e9
e9eed32f
ff011afa
29000cf7
f8d812db
f821f2f6
18d821fa
02e3f12c
1d291bfb
f5e6ffcf
facdf7d5
16ef021f
e6192903
001bd208
ea211e2c
1a12e20f
ea17d827
0b27db12
f2ce2dfb
0dd60ed9
0905d90a
d11c2b19
25d2f921
1821d6eb
e9170102
1307f70a
e01627ee
2de7f114
f8fcfbfd
f2f909ed
20dce20b
d1090607
f9ea17d0
13f32512
0e151ecd
f01010f0
ff0213e4
fed608f4
deef282f
fdda15d6
1ef2eff5
e804cef9
d0271627
2c201f0e
ede92012
f6120efd
0530d113
2bf41f25
e8dfff0d
1ded09f7
f6dc0405
edfcea0d
d1241b25
ffd7eaef
ede71111
ea3112e8
0b14e7f6
241bffd5
d600fe0b
feee1ced
e5dfd4ce
1ae8ea08
f6300217
e9e72820
091b1be8
ef1ecaf0
f9ecea1c
17020905
f60cf919
f7d6dad6
0419f6e4
ff05f2ef
d8ef280a
f8dd030a
dc1c26ff
2eded125
df17ee21
05fe1bd4
f5350003
da1afafd
d9dad4f3
11d81edc
fde1f50e
fedf1eec
cff72026
00d30c0e
0102da2d
e7dd1809
13e60503
da1a1522
f7f7d91e
1608f4d8
22fdd916
1a302b19
2023e602
f40cea28
1cf8fefb
fce3e81b
1e2122ee
d0fb1a27
080de426
ebf8f304
f9e9d2e3
0a23e7da
28e41b21
f71e1222
fbf7f5f0
01d4072e
d6cc1bc9
ede92103
1815c8f5
253a2f0b
0932e12b
2bf0e7fe
dd20da22
13c1e7e6
43dae5eb
0ed42913
062bf9d0
de3c11e8
290e2b10
f81defa3
d3e8f0d8
41040cdf
113702de
d3fe27cb
040ae142
ed232a04
f11fdf4b
31e316f6
29072cec
0a3c03eb
05ef0943
dcf1ebde
3e31e808
df4325e7
eb06e8ec
33ea4910
0a01fa29
fd0afc22
1bf40a24
1535d622
e9fa0cce
1d32d342
e0f80b01
152c2e12
eaeb1729
e1ed0d0b
f4f1eae8
edf31d1b
094ad9f5
1e0d41d5
2e143d50
15f2f3f4
d209e5e7
52ff2401
ec061c14
04bf0533
25d718ec
d9100a1d
0cd9ed23
39185ef0
071cfe19
fbf9e02a
e1e7d216
ecc52dd6
fde71800
d73606e5
e41ae809
25132905
082aea0a
0629e922
faff2c14
0b2727b6
eb2a4005
ef2bf005
17f2f20f
dae9fd30
fd181df4
22fb27d9
fc0ee8d2
2615d8c9
d9fc01fd
0e2f1b0b
10fc1345
c810110c
efcecce6
00eafdf0
e912dd5d
1dfec617
fbd30c25
0222ed1b
de002a1c
15fa30f7
00e8e4f0
db1d1328
f4cd170a
da28e3f9
0c0304f9
0edeeac7
1824d608
0a000c29
f711f814
04002042
f22622d2
eb2d2332
e100e90b
f41bd60d
2e0ae8ff
07f9f334
58cfec03
d6dacd36
03dbe607
20e0d617
e306e3cf
d21d17ff
2e0bfa1e
06fcf2ed
bef0f2e7
0f1cf4f4
f4fc1db1
070a1800
02fa1bd7
0bede03b
d60fee23
3605f4f3
d92decce
ff062e0e
dbfb1e25
d0d0dafb
180c2318
0ae412de
e127fa0f
02e92af4
21f0f312
ed19f03b
da1ae010
d5efee05
e0faf0dd
2400fce3
06d6f4f8
0e21e64c
50232bfe
18ca0630
24d4cd2b
0406e2ec
0e18defe
040af40d
16d74022
ca37fbf9
e1d2fed8
2b16ea09
0612e3d8
d4d8f7fa
3b0f0e14
10271bdd
efe7174c
41f8fe14
270bf6f0
d910e5dc
02ceea32
f618edf8
1310f300
d73b1c01
ff0fe4fa
f808fdf0
e6020303
27d810fc
c408fedf
cdfdf702
251af822
e0ef1be5
ffca0ef7
14e4133c
23182aeb
020b0f29
212320ee
02ffe612
e3fed9e1
e62cffca
182ceaed
e1d8cdaf
f1e9021c
350ef105
f3e6c720
e604ec26
f3e600f1
ece6ede5
2cfb15fc
f0f7cbe9
0b19fa1f
210a1c2a
18e800ee
3009dae2
df2f0723
f91520b7
18fad50c
2a0c28e5
0cf91314
1108f7bc
09d3fbe9
dbe713e4
f5c6ecf4
291a06f1
fa26f4e8
e317f2e9
29000112
d0e8f326
10e5f1d2
e311ef00
0f3404ee
26fd1efa
e3f0daeb
cad40504
f20fd5f2
eff6250f
0ae9cd05
ead214f9
022de5db
1430eee8
0efc1e02
10f60dd4
e1ebf51f
0e23cf0e
0a081c0f
e6f31f2f
12fd390e
0cec162d
05ed240d
141815f3
2218f531
fcc5c93d
19e4231c
131d0f0f
0fe4ece0
192018e6
36eed9e2
e8df083b
3c1e2be3
1bcc1131
e8d4efea
070d13ee
1711e8ca
23d2f713
05170e06
f7d3f414
13fa00d2
f4ef2cfc
d5f80c01
1ce511f6
c6dbe1f6
ea331bdc
d5f21bf0
2609eb1c
05e2dff8
da14d804
1af2ff1e
05df0bd7
e0ee352d
f3f5e8f8
001f144a
1bf5fcfe
faecca26
25ecf05c
eadfd6db
f4241205
e12c4315
cee1da19
1ae3dedb
ce06231c
1e151fd9
fbd2fd20
b1130833
07defe20
f115ded5
0f090beb
f938f7df
1dd643c5
05fc0213
f4cf3200
f520d6ea
0cddfd39
041008e2
27f60ceb
ebe5e02d
38d916ef
382018f3
d7fbf9d6
0630ed01
38d2d011
1d553627
28daed24
fcf0df4f
dcfa27ee
e6f404f1
eb1b24d1
fc17f4f2
cc05eecd
f611db14
1823deec
e1d3f9f9
1e12e31d
e106ed32
110504ed
e0d4fbd8
d5eb12d5
e2041815
001affed
00eef7cc
08edc4e5
ecffc826
d6fcca0b
f3102201
0ce316c5
1d1edc20
eb1cd42d
db182722
d3c6e91c
f629d9e7
ebfd1aee
2538111f
2dd6e605
e2fff51c
251be22c
e3d725f8
c1fddef0
0edd232f
f10f21d8
251ffb08
144522e2
0ee42241
ef02da1b
ca100c19
0f0decde
1eda2303
25d7f00a
2b0b330c
18d90900
1ff4200f
470e0021
de2626fe
f11af40b
0c29d2db
24181ee6
0df306cf
dbd2fe03
def3190f
f147e5fa
03dbde19
fafd22d5
04e4c530
0d03e609
fd0cdefd
140ed4da
32300b1b
d50efd13
0ff9e507
ec2b3425
eaf92ae0
18f30724
dd352719
24fdce1e
2acf2952
ece5d7f5
d22739e1
ddd62431
f4feede4
dce7e525
280225e5
1dfd09da
db26d305
16001bed
d9fb3bfb
0be0d826
03f6e826
e00908fb
f03119bf
09da00ea
e31be130
1f0efa09
ef17ef25
02f931d3
2e1ecbf5
d426ecfa
1546f52e
3cccdb23
0bed30e5
14070cdb
0ae7252c
100ffde4
2cf307fa
faf1ce18
d0fe00f3
02e9f6e6
26f1e00d
fb2b1442
cf0e1518
d8ffdd28
05eed2f9
f4fe1de5
15020211
f9dcdffe
dd271aeb
e81815cd
effee5da
21f3ede7
28382eed
0adcf1de
efe6e6db
1b18efe7
f6d5f918
f6eb2010
d8f11114
d4c31102
e5251112
ece4e123
f51bdde4
222bf501
34130fdd
f5eef604
3a22e3fa
43001300
28ed1e04
eeffface
f100eae0
e649f91a
27cb1d1e
f5f2f726
ffd04421
0ce7e1dc
e7dceffa
240bd800
ee20fdd8
0721e4fc
c9e816cf
14f02404
e0072d29
250dcfe0
32080d07
f01df8f4
2c0902ed
e6161eca
2d23d4e3
f1f6dd1c
0ace190e
ec0e260f
40edd126
e4e0dd03
dadf15f2
fae402d0
34eaf5e7
17dff0f9
1ae1191a
2bf200fb
23fdf7fa
e8fa2024
e01f0cfa
1bd00807
2ec71611
fe13d037
061fefcc
34e3d308
3209d304
232027e3
e7df39dd
e6082dff
f2e4edd6
3eeff7cc
16391d44
1a1aea1f
074fe308
ddf72e07
fe4320f7
0cee32ce
d3fa2248
3dfb03d5
ed030c18
e406faef
fa260830
e4ece7f7
0ae51911
1c09e4d1
27d51afd
cfd9d7d9
1223d319
2c1207d3
1e150a06
02d912ef
dc1c21e6
27cdf9df
ebf1de01
e21212ec
fe122300
0c041423
0e1eeaff
0d0a0713
162bf419
032c1ff2
e2fe18e3
f1d0f2e0
1b330fd2
14eee9ce
3b121cfe
d41d26e9
e9ddf3fd
05251224
d819d12c
15eb192f
f5e4210d
c2f60419
1212e231
181c37e4
02f30b07
da3410f5
e3fa231e
dd0d082d
131f1d4e
dbcfebee
050dffff
cc2bcc0e
e1d62b01
fb06faf3
09eb1417
efe827f3
e2c32819
e2ebdb22
eed82cf2
f7dbfb08
e9efed26
e3012327
db2e1404
dcda0be7
3efafe01
fefae1f4
f919ff19
c8e20715
fee706c0
1ddcede9
c1d6d5c4
040327ea
1718f0fe
e6ef0f1d
f22c1b3f
051e0127
260ceb1b
e808f80c
d2f9f301
24d5e2e8
e3072632
03de1e0d
07e6d1ef
d30f210f
072121fe
ddf5fee7
e4d4080b
f5e5fc0b
f3f6de1d
e31ad5e4
eaf20cd7
fcea0309
0ce824ea
f8041ece
10da200c
28df1b0f
2e07e1de
ff2af208
f61df0ec
cc1214d4
daf41d03
1b0125fb
191a193a
f4130a25
09e710f7
1ef3041c
f722f4e0
e3d3f70b
27dd0ee2
02eee2fb
d5ccf80a
eb02fe28
ff260b00
3914f7ec
2a0de004
21e7efff
e0e4f714
e122cf23
dbf70e11
15e710de
1c280bf7
ec05fa05
d9e70909
252aeb1a
e00e05cf
0218eb0b
fe0a2500
ea0bf3ee
e108f6f3
ee03e7d6
0acdfbf3
2328e524
e82315cf
1b1be9e4
f12bd523
e127edff
1d04e0f6
e9f516f5
0ff201f7
17e5110e
2a01e905
f4171d1d
071fe8eb
0f00ecf9
f2e4d80c
030a2224
1f13fbe4
cc24e1ec
f8e10a13
21181824
f91d03d6
09cf18fd
dc0d1405
f6ea04f0
e0d7fdfc
f0ef19fb
d7db2ed6
d0e8e20d
dafffae8
18f21ae6
0df214d1
cef5ee07
1fec17db
ddf81e1b
e40d03ed
18e9e600
1a25e7d5
c0e51708
f90a191f
1fec2f19
e7dc28fd
1e212e00
df11e0dd
051cd5dd
d5cefc1c
f9eaffd7
0211e71e
e701300c
ff001915
d31ffa19
f622ebfc
f7ef08d8
d6050a12
f1f81e13
2614f50e
f823f9f2
021aed24
cddad2f0
2517e210
0c1615d1
d90ad91a
fbca09ef
00230b16
ea0edde6
1612fc1c
0dd928fd
d3d50515
d11602ef
dc03ecc5
d8de16dd
ecd8fa25
d719e128
e6e227db
d529f7f4
f1070af2
cd26e0e5
ee0a02da
02d4d7dc
05cd2412
d51acbe5
1ddc2022
d629f9d8
10d0faf8
ebf4f70f
e5e0f51b
f9f00def
dad919d4
02fb1c16
14d104d4
0fe024ce
e829ed16
01f313d5
ead720f4
f71ee2d2
fc14c9d1
e625d110
08e3dcd4
1e20f8e6
1f0d0825
f8f71d14
25f0ee2f
e3e30dd3
21001802
d927f1f5
cf07e8ef
eedff411
1316d9e7
e3ffe5d0
29f6fd35
fe11d2f7
f5e0f1d9
17221bee
d41315dd
1df506ce
1ce002f2
db0a0c27
2c1d11d2
22d725d5
e610e507
f5e0ffd2
f115dc1b
041ce2f4
d7ed20d4
231ef4fd
2226fb09
1d201ae0
1c1fea16
d114e5d7
cf2af001
d5072516
2ee0dfee
01d3f727
d923f6f3
d0ef02ef
19d12add
e12a282c
0ce41623
00f6e708
dc1bf114
2108cff1
ebd9e5e9
270d1feb
efcbe428
d9ce18ef
d8faf626
0924190f
201d1e19
1325e0e4
2908eb09
08ed1304
01f9fe22
1cf8e5dd
3213d001
060a21df
28faf1fe
15d616e4
17f1cfdd
fcf0fae0
d8e1e71f
d0e2e91f
082bcce5
1d081213
282a1af8
31d5da13
12d7f707
0adfd215
e2f30c19
d406e8dc
ed0905e4
28090f08
04d30e21
fbf40bec
f5ec1d22
f7eeffdb
e9f7fade
e1de04eb
27da0d1a
d3d92828
20280ae1
e50505d1
f700ee07
cfe223d9
24122b07
2328ce16
20dad2d9
ccfde20a
f928e9f8
fbdc1d21
13190dec
14cbd619
14dcfad1
16ee1e22
ebcfd2e4
03e8de10
131e05d8
d62411d3
e40efed0
ffe51eeb
f928fcdc
1de12919
fbf2f2dc
240adecf
faede3d3
0d14fcf4
ce12f2f8
e6e81105
dc27f502
cc121cf0
16dae30f
17e1e41a
ece9f912
dc0216e0
dbd70d21
edd800e1
25f5eff2
fadafeed
232507e5
0620f614
1ee1f0e3
fbf127d2
da0ce217
cde8f2de
ee15cf13
e71bf7e7
d7051229
f021f724
dcd1e513
e4e502fb
f606eddc
0ef0120f
2724f9f1
f2eef308
fdd92805
d52b09ea
dc20fbf5
10f9feee
ef14e7f8
1d2120d5
13eb1fd7
02ffe903
11143027
06eeffda
fff00a05
00d3dde0
160dd9f4
0e06151b
ea1706fb
142403f5
0fd706e7
d904edde
e6d53027
1016000a
1be7e2f5
02fed321
111800f1
1cdc09e4
dbe1090d
d3ecf616
16fbd9e6
d2061a22
efdb25d8
2b0bf4d3
e1cfd9e7
28e92ce7
09f9e0db
1b2c110b
e2df19fb
ff192e16
db260e08
0edb1323
e0ecf1ed
cffee20b
eff323f4
0fd8d2d6
e32ef4cd
004be01c
bf05bbcc
273b0800
0afe19d3
e1d4de0a
05d9d83f
f3bf2211
eac90619
1010e30d
e215ddfc
c3ea03e6
1d2f2101
f4e9fe03
20c719cd
10021a15
0b101349
c8d818c5
22f1eee4
2f31d601
12d306d5
010005b2
2b30fbef
d9f40bfb
1a20d13d
01c8200c
13e4c71f
182ed71c
30d40fee
f83ffce5
41f62231
eef50013
c7d4bf1b
3152e4d7
1f08e701
1214d53c
d0e81208
ecef0ddb
fccffb50
0a0325e2
ece4d0f9
1afefe17
b61ad502
c6f2dada
35dfca16
df32e32a
b8cf1112
0af9fd22
400bc05c
bd25def7
27efe9e8
c8faef04
ecfe04eb
d7fa1907
4ed200f6
d4090f04
110015f2
06bb5812
e3fcec07
f3f8bb02
28fbd2e3
0e3b16da
382fd6c1
d8cd1bd6
1812ee0f
f91ce0b3
1509ccee
fe1e0640
d80d26e2
f622ec08
e2160920
fee3e700
042aedfb
e207f313
02321a1d
1bd9e4d9
f61fecc4
012d0dea
bdcfccd8
c627f7dc
25f5e43b
e8dae5fb
e824e5f3
e5f404f2
d9c91af9
a9fdcf29
20f02f24
041dccda
f4ff20bf
4d0a100c
0610fcf7
03efc4d2
130608bc
a94d041c
f62629da
f0e0d0fb
1efb18f4
fd3c1729
16fc0bd3
f65a1d6d
0d0dfb0b
f0150d44
4bdd2511
01d8072f
17f3d805
ded5e3ed
ff54faff
10fb46c3
490734f2
f10fd715
172133c3
0c18f102
f52e2022
fe240eb4
23e01512
2b21dc52
0acdf81d
33f810d9
3b370645
f95714ff
d6ede71b
0d0b03db
49221eee
1507b540
4be2f9be
2f3e4306
1715ef3f
21062215
d1c2e7f7
2743ee2b
353a00f2
0432ec2a
fdd348ff
1724f545
01e1104e
e39cfc01
ec0a1e27
efe7fff6
ea58e0d8
f51b2ab9
0fd80f37
1c04e704
cef3cdff
f30227e2
23d5f335
191dd2d8
2426d1f9
fff91f10
28e6fd1a
29fed71e
fb1a1d11
e0e1db09
e40f04e8
61021927
3313f225
d134e2e3
4ff7dc3b
1bf6f506
35e7fe27
3be0dcf8
cb0f0e0e
f20712e3
d9071616
f3361426
dfd24af5
f6e51f10
08fdf924
0fdb3012
ca19f4e2
092306d7
f95008d6
faed09d1
06e3e8e4
0205edcf
0de30120
d4d9fcde
0c040d15
c924d1e2
160f29fd
02fb110b
dce2dce2
bcb10b13
270ffa1c
d5df261b
dffce417
16ec0ed4
e8f903e4
f0f813dd
29f4c61f
d2f9b00a
cb252512
dec314f4
00dfdeda
0f271deb
e11b2810
fc2fe359
2bfac8fe
d4cafe6b
5314e71a
eac6cffd
f5edd706
d10229ff
df30fd0e
f93f3be7
3ce443ed
ef2ffdee
fc230012
0ee5fd2d
1e1f24e9
3c16070a
0c16ccf0
38f1e022
f812175b
1ef51d13
dd48ef3b
d21bf22b
f9d92a25
344b25d4
18d301fd
0a32bcf4
05e6c314
3a2b68f0
2020fa22
21dfe3e2
dfc90918
dd0af416
fa1433bc
eb12d00e
10262b1c
dcebea33
e6d8180e
1ee5d738
ebfce41a
ec03eaf5
313ed003
1b420bee
ecea1203
0437eafd
fe4f3bff
4ae61019
30143c2b
f40824c0
fc22e4fa
0923e631
edcb1d5a
2f2c2b05
1c163c28
e3f2e901
0921031b
1b3d1ee3
55b51931
f421df07
1c26d741
312123e1
260f4749
3c06e4de
d8e63610
f435f04e
131e36ea
0054f158
06f5f3d2
0525f829
ef230a11
d3d6262d
a6181bd5
f00e2200
dd38e006
dd34fed7
4002461d
08d2e5f1
05f8f401
2def0015
f63e1928
04200fcc
00f4012f
0202e71e
18cc1029
f61fcded
25191b37
2d250cea
f70dcef9
21f0f911
42c8ccef
cc15d234
422baf42
fd4105cb
0824fb20
e1ef0f24
d51efd03
29241119
0c19d72c
c2e7e0e9
d9e739ed
e106ffce
1a26d9fd
11cfece4
f61ce218
20ea0719
fcb725d2
02ebd6c7
fef2c916
c700dfde
deebe0d1
21d8d50e
082603c8
f81205ee
d4d1fee6
d4f10dda
f4cee2e8
e70bf2fb
0bfee7df
fdf4d12a
052bedfc
e4b6140c
161ce1fc
2034f7ce
f6f2fbea
ce020618
bfdd252a
c910db1e
0d2ade08
0a13e234
03dff0e9
e620f111
1efa0e04
d3e9f4ec
f1e7251d
ff33e7ec
0725e5ea
dd04f123
dec2e70c
08202705
f5094201
d7301a06
ccfed315
34e2ded6
ff04b7eb
dcf6f44e
1c01f62e
db291e27
ccca032f
1510f223
25bcffe3
050add1c
1b0ef733
20e0e91f
2e1e020d
08291523
1fd2f514
2b04f600
1d0b10ee
e2f31e24
f5112a0e
1af00d05
15e9022f
ce200ae6
17e203e0
04ed24ec
dae6231e
1e340a1b
cdf1cf10
19eeede3
b9f616e3
18163b04
2b011045
11f4f604
e4ef0112
31fee91e
14e5e503
e6d1ca34
482416ff
c516d92f
0cf5cf4d
09160c0d
eee8d9f2
f828e0fb
ddcfed45
e9b921e7
120aca1f
faed16de
db211c1a
e20efb15
1e26e119
cc1bff0b
26290111
ea291beb
10d8fc24
d32408e0
0dddf927
f5f4e508
2acb1df6
d8f7cac2
04fd00ce
29132e1f
f4c1f512
f2fecde5
28c62b13
11d51325
ee11bffb
ec23e9f2
13f709c8
ed04e8f4
c8fbde13
fedb22f1
0c0dfd15
f218e70e
1b0e0ce3
e2dcdccd
e5ed0215
1f27e619
e823f1e0
03dc01c4
eac321fd
fe11fd1b
bf1fd220
d2f32525
f42ee81b
d018fe0e
fe0fe3f5
f82c1603
3e0ff0fc
dedce6eb
48db0f0f
05f8e5ec
02e8dcd6
e0dcebd2
d3fd2322
0310f5c1
0ce036ef
e5fbf91c
08e5b615
fa0f52f8
f5e7d6c0
d81e053e
f50607cc
caccff0b
e9e0e433
37d2090c
e1dabafe
0deeedf0
dcf5e5f9
eabaebe7
0835efd8
e821def3
ea02290c
30e33de7
f4eee338
e8e8de2f
1c3415d0
eaf8df35
420e0c1d
22f823f3
52d50821
dce3eff5
42f21b28
de27d5ed
07dae8e7
e8fb34e8
0df8e7e4
d9071bbe
f805fd14
101c1610
e01505cd
47e44be9
120b1d1d
d8efcf4b
231ad2de
bd0be2ff
f50fe74b
25f30cdc
e2eaf1e4
d1de2705
f81d0535
fddc23f6
30572e1d
fff0290a
e0cc0f01
00131916
f20a2828
eb2d290c
f9f4e1f1
dbe31ce5
2e10091b
17fef7f2
0e1740fb
c2d9f62b
f52222f5
f7f32307
24f400df
ee2a20df
0ada1e20
272dc1cb
1320dd00
d6cd12e5
1d39c71b
0d0408eb
1bf70212
e9e00cc7
ce1707eb
e3f1d5ee
f9e422ee
1204fdea
2ddf052b
ddeaea13
00dfe5b8
3ee70ffa
f518f11b
e02609e5
22ea1afe
0c02fa0a
cbf9ecf4
0e202306
1223e1d9
ff0d0337
28d94107
10cfe72d
282203ed
e82325f8
33fefcec
06dadd02
3cd212db
f61ceae1
d223f60d
3515cdc3
e010fa1e
28fce811
161fbdd8
3bd846f9
f706d8f9
e5f126e9
d11fdcbf
c408e60b
f00d09d8
191a2b07
2dcdcb2e
18030bdf
0019f1e6
00e7f2d9
df1c1cce
10f1ecc6
d8d61fc2
de1140d5
d5dc15e9
f900f10a
00ce0907
14271e22
1afd1622
f4d92108
1616ee0a
13081617
50cc2120
ee0522d4
132f0513
f6252ff0
ee0bd6ee
eedd0bf0
0d021a34
f80aefe9
f1f20915
f9f61c0f
181a02c3
d601f13a
d0d1fa16
e619eff8
cf2fd5e5
1603eb26
04ec11ea
28b511f8
e9e11aea
e2fd071c
0e0f192d
e7eafe0b
1714e3fb
fc2d1928
bee7fa41
23172335
1bd01824
fae3fce3
0507ee21
db08d436
f30cc8e6
0425ce29
1129210b
cefff8e2
2ded0cda
e3dffd0c
0526cde3
012f09cb
df07153c
eb12c4ff
fdce3e18
4afbb8eb
e637f71a
dacd03e1
07fb1a00
d528dd10
13101312
14dcfbd2
0adac51e
db19d7d1
f8d8e200
1df111dd
2f1d2ef7
d314bf15
ff26f7e8
31eb1106
27ec23f2
1dca1838
2717e525
24e1e839
eadfdfec
cf0cd11a
f3ec0711
031ee630
3112ec2b
cef9cd01
0cfbf2f8
e6db0ffb
0430f8fb
1f121311
25e23a1b
efe4e5e2
f6f0fdf9
f426cf22
f1fb0d10
0313fd20
25f0051a
f1d70422
02260ae1
2ae01df7
df18f3ee
0bf5c8e2
fce3e439
fed20920
111ef2ff
14ece81c
281d00f1
35ec33f9
10d111fb
ce16f2f8
fa1e061a
eaf7d31a
e80e1ce9
c8172014
cbf6f2e2
f6ea0ce3
e61a0a1e
f2d1f8fa
dcf0fcfa
d624dce3
ec0d1015
07eb35d4
1e19e138
160d0307
e0e306d3
14ed1e14
0bfff54a
d0d514ea
0616211b
ecfaeb1b
f3d3f0dc
31e5090d
e0cd1d10
01f8fcf5
e3f2fd08
e0c525d9
eb18dceb
27cf24e1
01ef1efd
12e72804
d7ded7f2
15080e06
2021e41b
17ee17df
01fe1710
d0f61635
2eef15fb
cd220005
0beada12
fc1a1ff4
fff8ebf8
f2ee0cd4
dee6230d
ea00ee0c
e4fa172e
20dacc20
0bf9c6fd
0f14cb00
de350b0a
f301d20f
14e90ee8
03bb1112
f8ef1716
f7ebe3f4
2216c918
002bf0e3
03121ae8
e20ccd12
11e0f6ef
f32ee0ed
03e90817
1a2943f7
1adb02f1
0ff11e1f
0800ce10
1805d5ef
1efdf2ef
032b1417
40edffcf
162417ed
2f0bf7fd
d01b08e5
fc1c11d5
e2f80ee9
08ffcf18
281e01f2
18e11bda
0af4deff
1209d616
f4d40722
310bd407
f817ebd3
e81d26cb
d7f9d9f7
271a05f9
ddf014d1
02f1e411
e8fed421
1a1ddde3
0211fa1b
d7c10313
d920c702
08181013
221330e1
2723e9ed
0d03e6d9
0107dade
f91bda11
1de20df6
d4e4ec25
fcd9e3d3
ddd41a34
25e40c0b
d2d0f1ec
fde5ee07
fdc6f316
f60b27ef
f6e60c06
f7fdd6ec
f2ece5d0
ece9c60a
fcf0220b
ea2615e1
01f1e5dd
fbedf3f3
d4fae8c1
efe0f011
10dffcea
e9dad4d7
e6e0c82b
042b140b
e4daea15
210303e8
fbebecd4
1b1de122
14082cfe
1ada12e8
eaebd2cf
f30cf41c
16f1e6d3
f3f8da25
1ad40b35
07ed29e8
fa00cd29
f8defb25
2006e02d
e5ebf7d6
eb0ff319
19f6ed04
eb0729e4
0df3e5cd
0a371b22
07e7e5d4
21fdd5eb
0ffee3ec
08d8e5e6
c929eb03
f4e325e7
220cd6f8
e30ff8cb
1a15cfe1
1703f714
031220ee
01feeef9
dffc2108
c91beaec
1bddefdd
dcd7f91a
cdddcc36
16dbe213
e70b04df
d308d9cd
db18e4d0
e8e1f827
d1e3f125
1d15d0e7
ddf2f5f5
0611eee6
f4101101
d00d1801
d3001105
e9c312c7
f71ff0ce
23d81e15
d2ebf8e2
29fe1b13
08e1ebc9
e313dfe8
1bfef4e7
181af3f9
dafae4d0
11251211
eafb2113
12bdecde
ee1301fd
eef6eecd
ecf2fd1d
fb01e6ec
27eb0e14
caf91a02
c01ef90f
f6291812
141c161a
eeedfcd6
0e1be5cf
1ded0e13
17ffdecf
f1d3fff0
f927ed2a
d3062006
f5e7eb21
00e424d6
e61ddde3
26feea08
ea2f00c8
e11be104
f4e9d5d9
e0e21507
d512fd1b
d3e611d1
10eaf019
20ca0ffe
25f5fc19
e3d0d3ed
1906e803
00ccda18
cf2517cb
fc08e020
1bfc1cd5
0de2fcd3
da1d100e
d6f600d0
f50cdf1d
f8eeea21
03cae4ea
1518e2f3
dae6c4f3
0139cd0b
e02dd9f0
350d190a
04f8d43d
23b00b02
1adb06f6
e6dddbde
ee1bc526
091930dc
211ef416
1302d0c0
e5befedb
2a0e0800
2c012052
d11df7da
27f12dfd
282df024
f913db31
1e182118
ffd6efe9
1ff1e804
0bf8e927
50fb2f04
341bfc07
fc36db4d
2b060706
3c13f8e5
27eef624
e7b4fa14
c2c4c50f
23fae01d
335ac2fe
182d2122
dc1205e6
2d2de406
1bfffe57
0de2d10a
dadec2fd
f6d6d3eb
a90edcfa
d508faba
3512e812
27fcbd32
e5eef9ce
1af3c116
4decf319
b30bc3ea
1e1029f3
20292e26
15d8e5f5
db0fd7e1
071231f4
e000fbe0
01131d24
29ea4ff4
fde5d136
070610ff
0d25d606
0612c3e2
32e0f00e
401b1bf6
2909d41c
dc2c3111
331ac406
04490227
13cdeb23
1ee8f0e7
fce9e458
f1feffda
11d0c125
d90f2517
ec3310de
eeb7d709
27e9f1e5
f241d914
deb4ddd0
fc1af9fd
4dc8c918
fad6ca07
b0fb43c5
fc00d9a1
2d032309
ed0412f6
e9cf3a05
0be3d805
08e1d8c0
01d03ed6
25cee505
d2f0f7c4
31d0ecef
f54eca1e
b7da3b06
dad31023
10d801f3
e5fa170d
f8dfcbc3
ea26df22
2fd71ad7
1f06db59
2cfd05f0
ffc9f150
cff1b013
2ae1e9e5
f33d12ef
d32318d4
dd214112
181de2cb
14d836d4
36f4cf10
e22adde0
26d735f8
2a20fbd5
0b472539
01d5ec0f
0eee1a08
1238fe1a
18050c0f
ed18e00f
421d20db
320d191f
1246e203
16250223
4ce41b19
32feed23
d9cf2736
09cb0ddf
f628ef33
1e48f8ef
041c1735
18ca30d2
dc04d33b
11092024
d1dbd507
a4e0d0cd
f22fd8fb
0d51ff0a
0e2d0803
ffed3ffb
34021214
ea20febe
f9dceff6
0c0e1652
c7e4e7ee
20e7e4f5
2c26eada
33dc2135
2b0eee06
d7090e29
fccdcdec
1ce9deec
4ccf2b0b
53eb0aff
f6fe0c05
fb01001a
eaf209e6
fb0b374b
3d2cf8de
cbd8ecdb
e754d811
daf5fe17
e41fd626
df1321ef
fcd2d33d
ed1c2b0f
da0b27ce
e4e107e9
21133d0c
ed1ee714
c5e1ebd8
120a4710
d32aee0c
da0c13d3
f42302ea
32f0df31
062516be
f11804d0
f52429d4
fc12e6f9
ed010bf0
49beeae4
f7f8db14
f2f41d17
30055c12
29f3cc4b
e44d05f1
580b22e0
cb35d5e0
0e1ff924
fddc0924
19ab30d7
f5151445
fd18cecf
3437f042
40e8f4e9
0f211157
19fae216
08220b3f
e2f00100
08dd0e0e
0405d31d
283f1c25
f90d2b20
4c2ceec1
0352f4ee
10ced0dc
0c1426e7
4af3f2d1
45f8d0fe
313ae44a
f9daf847
37152b1c
ea50fce0
014a1af1
d5f4fa0c
193ae6d5
38d81ce6
d634d312
0cf2072e
520c2019
07f4e82e
2af4fe31
2cd614fa
e408f81e
0936c605
2049cb01
282e08e4
19cef327
05e4cf24
2c10195c
cff9f805
0710f207
1e12cf03
094cf60e
ede41144
de01fbf7
2d0e2ee5
46d1c2df
f7eb1202
0df2e8f1
30dd061c
33ed0a04
eafeda16
532509ff
ee441001
e42e0d27
f3b63323
002bebeb
33e81b2c
26f8f0f0
4338ed30
1bdb1323
32d50612
11de02cb
dfc6e3f3
243bf940
dd0414dd
0841e133
f419fbd5
06081206
03d31626
06d610ec
e71c10cf
20d33ee0
eff119d3
133b20d5
3c132914
fb292f05
26ed0d11
1e1af0e7
183aec01
092045e2
f7190600
013cdc1e
0820da3d
0909ec3d
fc1f0f61
0e1c4203
e3e61ef3
583b15c6
3cd5eaea
1258f96a
29f9f531
30e826d9
f8e10a42
fadfd4de
dfefd7dc
fc11e0ff
e3e3d305
efd32af0
eff7e2e2
22f815ee
d4f2121d
cb1305f9
3aeb3bd5
0b0612ed
1925ee0d
061c1f16
fef725e8
ed082115
27fb2e24
24ecee16
0c2b35f9
fe1a25f0
0e2820ef
1009d0e3
0ec60af6
dada14e1
0529f2d4
e6df10cf
ef2ade08
eaec18e0
cc130fe2
18ede4f1
dbdd22e7
f323ee07
20ede8d3
15f3e5ef
ce2b0ce9
f9020cbb
21bdced1
e400db05
e4e10226
eaebdfe8
fafbf3f2
cde4eae5
dcf9080b
ed1623d9
14e7f5e6
f8fbdf18
ebecf5eb
d1ffeae2
ef03370b
f9eb0905
21cef40f
27cf0b06
e7ec2114
d421f51c
f9eff6d7
d50701cf
f3141806
15da0f1b
29d1171c
12f5c6cd
e10cf00b
e7ecf3f3
f30a1c09
0c261702
3bf8c3d5
e6da0009
e317fc22
d10afccb
1f0e1418
e705d6f7
fde51ddd
14022501
080ef1c6
21d4241b
13eb1b25
d8f82ae5
1af4e0fd
0e04112c
0d2002d6
fef028d9
11f60df1
fffdfa0a
dd061b25
09d714ce
20e6e0fa
2812dfe6
f6dee1d1
0215d4d7
cbea0d25
261ff9fa
26c7e9e8
f2e7dc1f
dcdbcde4
f5ddd8f0
f2ff1c27
3cdae722
e1071a22
fbfad2e9
f22a2f03
d9f1fb0f
dbd2f0e8
f609edeb
d1292717
e0fa2221
ed14e125
d3ea24f7
fe0e14e2
1106f109
e71d20e2
e635281e
e91f08e2
21dbeff2
3f260717
07262005
dff91903
fcd418ef
06d11b2b
cf0ff3e8
1a0710ef
0219161e
1df3d91b
1cf80afe
d6e3ff07
21f4dbca
00ff03d0
fa1b1320
cedbdbff
43f7f514
e1c9fcdf
0ee4cfd8
270ddddb
dc1eecfd
d1f0f8e7
ecfdd305
e7f1de1f
d20525e1
d4e92508
d61919df
eed3fdea
ebd208d5
010ff7fc
f4150f08
eaee0d29
f829e522
2eff39ff
d321120f
d61210da
0e0a01d9
d30105f6
0227f90b
04dff431
17e3022a
d20f1df9
14f225dd
eafdf80d
f5fb16de
2f260ad4
22d83110
0af7cd1b
43d81d04
07e6cd11
d21ef3dd
fbf502fd
01e3e912
05e4e616
0fc9edd3
20fd2609
ff00eb19
e40dece1
1edbe8f6
0cd11406
dfe715e4
def0e5d5
eae6fffb
0214e40d
ed1fcfd9
0112111e
180bfcfd
fbe41b09
14ec1b21
1325d123
dee0dcea
e5fbfbe1
15d2e1df
d5e8ebd2
2a0d1a18
fdf4e017
db13d6f5
dbbaea14
ef0d0ee4
d302ce12
24c9d8cd
1e23e2f1
e7fccbf5
f0f12eff
f80015dc
00eb11db
ecda1f25
dad703d6
e1210721
deff12d6
eef0edca
fadb1b14
f00d1dd7
25dcd916
2aee1929
fe0e25de
15e9df25
30f1faf8
23280f00
0a28e316
d917091d
07d107e6
29d3eef2
251febeb
2e19deee
cee6f813
f721131e
dad9fce6
241fe8fb
ef11dbdf
ead9f002
0cd1d319
e8ed0d08
1ccbde23
e3eb1e05
d0e2efdc
fd0e01fc
eb15f501
0c1de3e9
e0e2f70b
2011fde7
f1290918
da10e9e1
ed132311
f9ec0321
311711f9
e7dc2cf5
ff08e321
21d2fffa
0023eef8
1015d7da
eae513c5
e9e4f40a
d3eb0efc
1615dce8
04c82015
eefb17e9
f9fcccf6
1fffda1d
20e006eb
eb1bcad1
0df228e1
0e1bf722
edead245
2ff5e9da
e4fbe915
f5d6daec
e8e60fe1
10d5fa09
0202f1e9
05e00ce4
05f6ebcf
fc19f5e5
0e13fde9
f0f6181e
e8dffb19
db1fd428
3213e3ec
fcd4e027
18f3fa1c
ebce0f2c
2ef1f8f0
f7fafcd4
efddf9cd
f6f330e5
d90ef014
0c06eb25
ded7e427
13fad2e1
fde2f70f
e20419ec
15060efe
05f61d11
cafc1bf1
141916f3
270b1d01
4bd11ad8
eb0ffcdf
20030ec0
2438f2da
ef1502ea
11ed0f1e
07040d11
1e22e2f5
cfd1e2db
d1fde6f7
eacc0d19
dde1e225
d1dd2908
17dbdc05
021001e9
fa17eb02
fef4081f
e5fce8eb
d01cc6e1
0af3db01
22f1061a
10d5c7e4
12fafec2
22d410e5
07def1fb
351c0fcf
ed1705df
caf824c2
1d2f1703
d0120e03
27d7e8eb
2dcae4f1
1413fc22
062410f9
1f2ce5c9
cd41e508
f3ffe718
182bfa33
07ebf8cd
f8dd381a
11f5e310
26d8f436
f9190ee3
0207dbfe
05f10eda
26fee8ec
eae72ff6
ee14dd1f
29e814ff
f0e20e0b
28cc10de
ea0a1117
f1f8140c
d1e4d134
d21b1d0e
091e190d
261309e5
3ad012c8
141019eb
e102e10d
e525dfff
1a23ea32
d8d2c3f6
2bdef52d
04f5f6fb
d9d71ff8
de39f8cb
10e0fbf1
1c23060a
0b38281b
1c291b1d
e6c80b20
19f309d4
fa06e920
dbe9efca
011526cd
f7edefdd
f3151813
1c000821
27ec0208
08fefe06
ee0cff21
18d8250d
30040ed3
15e00bd8
00e7fc06
1f0b08d7
23fededf
23dfcf0f
14fd04db
fc121310
cfd1d2f5
2cfd25d4
09fae930
061cec20
d8eb0bd1
d42a06fe
2a16df20
f10eebc3
f1310b1a
00fd1f0b
f4e4fa23
15f8ec17
daffdfd0
dacf09d6
dbe5f8e1
cfd9f8cd
d0ca23fc
fbee08fc
0dc7fdfe
dde51b13
31e0ea01
d4e3c7ef
151fecd7
0bd1f5fd
01f8dcc0
f7d12b0f
cfd5f911
ddd3da07
030ee02c
ec21c623
1016011a
d507f9d6
dd17070d
28091020
2f00e0ec
2838cf12
eeda102c
f4f3ef03
fed2c2f2
c8e3ddc9
f423fe0e
f325dbdb
dd160be2
23350236
fbdaf21e
dd0302ce
d8171d2a
d7eccc0b
20e03028
d9fb2701
f920ced8
102b2bde
0dd8e3eb
08c91107
d4ec2cd6
f4cf2ccd
2dfd03e2
def51be8
04d6c7e1
db18d011
ddd2f9e4
ffe7fb1d
4a0fe025
1ef3faea
f7de0ae1
1ae40f1b
f3f1d42b
fef3f922
ed26f005
e42003f8
08f3ec1e
d0120a0a
d4f5e0eb
0f14cff1
e9e8f20c
28f21a0c
eeee1212
f0fd07ed
eaf7151a
daee07ea
e1ef340f
0bf6dcf5
d8210508
0d1cd1da
f2df0612
1a021019
ed000b09
1e02eddb
22ef231d
20180c05
e7dafe13
dd07ddee
13f719e6
13f2ed0c
4cf12efa
23d426f7
f2c505d2
da0bd91b
23f6e338
dd0bef0f
02f3fee7
060adce0
f6f4d1ce
1dd80ff9
d10c3302
d9fbfd17
12eae718
d7372319
ea0fe6e2
2501d6c8
2bdbe6f4
06e51303
ecf1f9df
1fda24eb
0c1dd000
e0eee0f8
420bf0c1
d5061a24
0c2af1dc
0512d229
2d1dddc8
e5fa2a18
1beffa07
2ed8fb33
f7c7cfe0
133fcde0
f4dd18db
15130e04
d413f000
fde322e1
0517c421
09e2ec22
3816ffee
e620cd00
eef812ff
d9d70707
1fe10821
290dd522
deea1504
ee35d616
e21ae915
ed17fe06
04120503
01d8102b
21f82c0d
cedae1d7
35151620
fcd92020
03dcead3
0b04dfef
e42100fa
1a09e9db
d6dd25fe
0ee02910
19dc1603
e30a190d
14ecd9e4
f71aca06
0b2fd6f2
141431f6
141bdae8
fce40821
ea1805ec
1e00e7f7
35f615ee
23211424
23fa0def
0d0926e7
22fc32d3
cefa0218
ed23f9f2
dc36da2d
15e70105
dafe0ad4
15fd16dc
fff7011d
f8fb36ed
f226d718
10dc1601
15e20c21
1d0629d8
f7ed1028
eb32deda
d1effd15
30fe0b3a
e8cd0607
29e6dbff
03190805
15f21b09
f324fed7
fe320725
f41b32e7
25f81626
071e0cf3
19fa2511
1012c2f7
e8ff002f
eeede106
fefb111b
ec29d801
2a10ee16
2421f9d0
19e0b626
ea301ff5
dfe3e5d9
eb1c0419
d3e7cf20
1a1601d3
11dcfb24
1f123908
eede1ed4
dbeabc05
0f12e6ba
d7010806
1c0efd19
1ef4ecef
ee24f9d0
fb2511ef
0d21cbbd
df05e6e3
d3dc0117
f9f0dc0e
061025fd
d9d309ce
1505f0d0
1d0624f8
1fd20d14
13462706
3b23eb01
f50ebce2
e9fbcfe6
1c072506
1510bfe2
f024d810
3949bd05
effb1e0d
dde51805
10cf26f8
17dbfe28
ff2ed8d9
dee9efd4
e2d22dda
d0d027fc
c3f9efd0
1d0b18d8
edf1fcf4
c8c2fafe
1815d1f5
1af10542
f810d3e2
db07f9e4
0af0f3ca
fffae6dc
af020619
e20c03cf
20f2d7f1
ef1f06d5
0ef02d12
dcf80241
28e72328
e5200de2
d21eea1f
e1e80208
1fd4dce1
18d2ede5
08e4f620
202bf31c
ed1ffbed
e8cc1e21
10f1efda
fd1c120c
1b1d0cf3
d501c2d3
1ef5e9e5
020de019
cec7cad6
0bcd17b9
1621ea12
12f80122
f218e9e5
4434d218
d9ddf0d8
ccd900de
dbe2e2f8
27d90500
c8e515db
f5e31ef0
0de0f6cf
cfe0fdc9
18df2718
c9f3c410
27353410
fa1f0cf1
ce460b02
d718e7b9
2ce5fd04
ece0db11
f606f438
001f06e9
d02edc18
efd91a1d
e517fa32
1123f3fa
d11ef9f8
e0f1df08
e40e0614
ebeb04e7
e00f0fe2
e4e13224
01f1d8e9
ef1828e5
3d18c70f
2619e4d9
1e091ec3
dcf716c8
f2de19e0
0b212914
e6d927db
2307fc23
fb11d1e7
02eb0fd5
411343d0
2e02dc3e
d3101911
39fd2b08
0721fddb
e8f0d4ed
00f81ce6
0a06f00d
0b4ada01
2510e900
1e4ad80a
dadcf727
f0d2e915
2ef61552
ebefdf04
0d17f412
1b23291b
e82721e2
dbf419e0
f6231518
f9e9d713
13e41a0d
09f1fb1d
2b1ecffe
e323cfd1
1321fe0a
d4031ac8
071a0c37
dad8f813
ff0b04f0
1beec016
092ce2cf
1adb26d2
36d9080d
f34ff53d
13ede119
f82f20fa
e6eeda49
ed1a2508
1c1dee24
e20804ec
2c1fd3d5
f0efd52e
dbd22911
e10adbe4
eee50d32
1a17eed0
c4e7d6d3
04e7fdf7
ec1f2728
fddb02fa
07f6e4fc
d525c7f8
1525f828
2ee7e622
1a111325
edede210
dc010cde
07defafb
0cdf1b09
d91e0023
f4051ff0
14bed6d5
dd1d12ce
edf91ff4
1225bf1e
0ef0d624
00f106f4
1014e717
0df8002c
d21014e3
1814efda
f51f0b15
0118d41e
002cde43
11eef407
10ece4f2
4f17e838
fce0dc19
05cedefb
201c1ffb
f41cf21f
030e3322
0b03541f
dd03e901
f0390af4
53ece2fb
0521ea35
02f602fb
e207d2fe
2514d0e9
cfdf1a05
2c070827
1026e1fd
ea07290e
1df3f51a
3cfe181d
2c01b9eb
0afbe404
1bd8f9d8
1645fbe2
d3f70d31
c8f40cfd
0408190c
ed1c1414
353d29d3
f500e462
1ed22e19
d4cd142f
3a250dfb
fe0dd405
0bdff1ec
fd01020e
1e2b02ce
f120d6f9
300748e9
db1325fc
092ad8e4
3de81101
191a1300
14fde6d6
eaefdac9
fedd1add
e302f82b
00eb2a00
f0010418
cfeb2c05
08f4deed
412c1126
38d7d109
2851ea16
45e924de
fa3dee29
07191950
d617f928
18fc2925
e630ddee
3c20e4ee
0d02df0f
f61332f7
240af23d
461e0026
d5fecdfe
14271ff6
f3133006
23f40a0f
1306f9bc
0fe1361d
22092929
d7fac517
2c1af4eb
30deff4c
f60d13d8
08f3cae5
25fc1402
0ddd004a
30e0fb28
f43cd1ea
11c110dd
fcefd417
4e16f021
53ead83b
df34f621
16d72514
074bf717
29eaea39
241508f9
e61a0fde
cfe7e10c
0cdae114
c625fd3a
e4fce8f4
1efdd9f9
fc0c15cb
0e0c14d5
1ad4f009
ff0af424
d80cecd0
fe210f00
1bd81d29
1b1ae4d8
d4d3370c
f11b0cce
15fcedd4
e7f402d7
08cde3fa
0221d8e7
07ebdbe9
2bf7e3f6
16df0bdf
0b21c8da
1b31cfd3
e6ff04f1
db0402de
0a1cc9ea
d913feff
2107041c
25caf224
0b0201f8
18051311
0133dae2
fed601ff
ccfb102e
02ddfacb
1813dfec
31f1e5e5
191bcce0
dde6d61f
d20c02e4
0efc00d4
ef0cf92b
10e70328
2bf40406
01d4ce1d
17dae6d3
fc16c51c
efcdd415
23eafdd8
110a1728
08f00424
fa1e2cd6
f7d3d8c4
cde1ebff
d808eb12
1de60323
e3061fdd
fef3e4e8
25ede7e5
e711e4f8
d71ad0e7
f9d919d2
e92bed29
08f5cdef
0a231cd9
e9e51bdc
0702fbf0
29d7f0f2
27c2db13
ff1bd5bd
ee2be4d0
0b1b15db
e4da22d7
19320c1d
c916e212
10281b19
11eafa16
10dd1923
e5f71502
f2e017e4
29cfeefa
190010f8
1ee2cb30
17fd111b
020ee8c8
d314e1d6
d7f2261a
0a030b09
dfe30600
1322f417
de131ddb
fedbf0fd
d5dad8f0
e1fdd414
d33008d4
ec1d081e
37f3eee8
f425090f
f9cb0e15
da1cfc09
270e12d9
e0d8fa01
fbfa19f6
25e8d417
f8eb10d3
d8c80813
f21c171f
1fdbfcd2
2c01e4c9
0120001f
d3f40c18
de090ee5
fbf219f0
e505ede3
e6d90c1d
28092a0b
fe17db19
07261ed8
de37dcc8
03e0d5fe
ecc8090d
0f23fad6
071905f0
eefde200
d51bf112
dc01f5fb
e82ee00c
ecf908dd
fe1eeb2d
011bdd05
2c16fa22
deddcfee
11f6eb22
e70ad114
df29dbd0
ee1500ff
22f1fb03
da11d8e5
e3ffe9d9
11da1516
18e3f60a
290cd4e0
e81b15ee
e0fbd0e9
fb03e01d
2af7ecde
1cda08f6
13212216
ee0eecdc
06e7e71a
0a1505f3
2f03d616
d9efefe2
16260de1
d0dd28e1
d2e42406
ebff1a28
122426fc
ea11040f
f91f1125
1220252c
db0ae414
fd1cedfc
170e0916
f2df1226
d407e9bf
14e21707
d613ed05
f0f8fbf6
27ef16fc
ff0dfbd9
ebd923f4
f80de7d7
0123f510
0ef41efb
f3ecf3ee
fefaf807
2e17fbd8
11e5e107
0ce104fe
f5ff19f9
dcfbddfb
da0d0ad8
281718d0
f61b03fb
0fd20f28
f1f5d3cc
20121a24
da1e04eb
e61c0ce4
1d37f015
d3f8ea1f
fbd72007
d0f808ea
120bfaf3
24fd10ee
d0240e0d
e6edcf1a
f9ed2323
13e01624
27f10f09
f5cbe1f0
1c0430d3
0ffa2514
f5fcf509
1be00fde
e0d7230a
0d0fd825
09f1c8eb
eb06de18
ee0715dd
d22d2f11
25dad428
0e2ad4f4
d7410103
2804eb06
1bc51eee
1d0106d3
f8dcf82a
15e4e6f3
15d6d1e1
1702ecf6
f0352618
12d7db00
34ece138
f1cec62a
f5221604
23faf0f4
28feebd1
f1d9f8e0
2fc932d5
0dc92c25
180de912
fef813dc
f90c0fd9
d9d6d0d2
2cdd12d3
03061202
03ced4e9
1ff9142a
21cff40e
f528052b
2c00d9dd
cfddecef
242fffff
200e0515
10e310e0
1ff01a0d
f9f5e71d
f718d3d5
06d7f519
12fa1bee
0ad2ecd8
db1026f1
e6321516
e2ea11e0
fdef3226
01eddc0c
23f4fae0
fef5fd1c
00d6f8d6
f205e705
1f0639e8
180612d9
e5ddeae6
0017ce00
1516f3ea
1cf71e20
26e6ff1e
001425e4
d51e08e3
04f1da11
dd0bfd12
2c1a032a
e828eef1
f802f426
fb20cdf5
edd92bf7
cf0a01c7
052ce8f4
f90c2dff
0e22d304
f8122ad7
0514da1c
0cf809e4
da22ee19
ea3bd011
1c0ed6d1
2ec21f2e
06031a25
0e0e0a06
fd1907ec
f81df8ec
1928072d
dfd6ff0e
ec1e28f9
1efd2912
23e5f615
03d721d9
dd2accd4
100e1729
ebe5dbfb
29f421e3
10d1df2e
2123fa0e
1ce0d81c
caf1f6fd
fe20e007
0b0dd216
d335fd2b
1b301218
1ff90ce3
e213ff16
25dee5f3
fee10ee7
f51122cf
dc20d937
d6fe1ed3
dbe7cd04
0a331220
3c17f6ec
f32526ea
ff112aee
fcedd9e7
1bf50b0a
18dc23d5
03fffeff
f1d2fd19
d4f001ed
15effe12
0ddfffcf
03f1021f
0622cef5
ec2413f4
e7140ff9
d925fd26
ead50c00
d7c9df25
d1ed20fc
1407fcdd
e20ec5d5
10ffdffa
2b0cde22
120e1ed8
f0e903f7
24de01ca
eaede1f1
e1d1f707
05f0fecb
d807e3cc
1e03d1e4
f012eb01
2be0e00e
d0fde139
0303fb0f
f00aefd2
1d19f803
08e5221e
1cd4e402
e710ed18
f7152818
400afbed
0dd2f9be
1600d112
cee902ea
d7182cf9
f9142a12
22191f2d
f6ee0008
f0f2d7cd
1eef26d7
ffe0edd9
161cdff0
1bf022fb
d12b272c
3111f404
ff18f1f9
00ead2d3
2ef21c14
251bf00e
031502f4
f0f909ea
2029dd27
ea3bf7f8
d1e020f7
092dcc45
e904eb17
001cd31a
211fdbdb
cfd3dbe2
d5e91af5
020405ff
dad4d425
26e2ff00
ea29edfc
edd4f902
0a1e3616
1009c3e7
dff83317
f821dac9
c41108f5
da29f019
0ffa03de
fb111223
0908fd19
180c0029
e02af6f7
fbe92018
f7050eef
e507e3d3
10cd0b24
cccdeaea
d1d30a20
dd1ffd0e
27fbf8fb
084f15d4
19d6fa03
061bcf45
ee09ccd3
e1eecbd1
1e1bf1e5
ed06042e
16d621d3
1724241e
f4dee91d
18dfe214
03f9052e
200e15db
13f5dd05
161a2509
f3c6f402
13f6f3f8
e702e9ef
0dd1dfeb
dd26f3e3
eb1ee6f1
04fcf6fe
e6e215dc
f52418d8
38dec929
f9ebfafa
f4efc52c
0e0c0612
ce17e213
28f1f019
cfe42713
d6f318de
1fe71608
390f212e
f7e5f212
c62408ee
1313f2c9
0a210328
f2cfde1e
26e0e3e7
17dce9f1
0b1202ea
0d04ddcf
2d171114
f509fd17
d7f8c904
11fd0600
08cbfeea
0beb2b04
f4fadcdc
0c0500f1
0a2be6d8
130401d8
1709e804
cfd52be4
09fdf8f7
fe08d0ff
ec2221fb
d3cacbeb
dd12d905
e5f81dd6
11cef6cc
01d60aff
1403f0df
1dd9dce3
ef27f2e1
0bf1ef37
e2f50428
e113f8f7
2326d5f3
100dd31d
00011f20
dbe3ffe9
ecffe6d8
32d7002d
07f2d93d
06f30b22
0e283f21
fb001007
d1e10eda
14282ee8
1f1df7ce
0dde1424
05eeedf2
dee30513
312bf3ed
072c2406
f1d4f2f7
20e428db
f6e422c9
fb0f0703
e0010c05
f4f31ccf
1d20cafa
de2afbc9
1512f80c
ddfcff04
d7c929dd
d0f0ee30
1d0eeaf1
dcf207e6
f5e923fe
1dd625e2
f120fdd1
29f0f31d
d32acf06
fb0309fa
f338fd33
17e502fa
2a0d36ef
01e8e21a
0f2330da
f0e72503
21f6021c
fdf2dd0f
faef0722
1de6d4ee
f846cafc
f8360bf5
fb0f102a
ea0710ee
2a00e4ff
1510040b
461e1f32
23f422f0
28effced
0f0f0916
1b17f41d
1502f919
e8ff452f
071c00f2
1ddaebf9
f6feeaff
d1cfe8e3
0ce8e3e1
1227e4fc
0ffe03ef
25fedd0d
f30c26e2
1535d9e5
1925d915
d11f0518
1be6edd3
33102813
0023d928
21d117ec
1dfed4d4
01e416f8
eb1606ec
00f8cb0a
d8dd2025
010ae729
e509eeee
d8face02
f9f1ffea
e7f6f4e3
f3e0f523
dff103ed
ebf3e419
1129b917
1df8f4f6
f1e2c518
f20419c8
daf62cef
f02222d8
23141926
27f9facf
d319f110
e7021b12
0516fd03
be1605ed
09c6e2e1
211cc4fd
129c04db
0107d401
18c6cad1
b5fddcc0
f11106ed
dcf9fcb6
001ef8e1
e602dcf2
15cbf6f1
220acb03
d81ed6d0
d7bf2517
d1a5ff2d
ed1213e7
04f724c1
0614f6f6
00f3d0e1
ec25f8c6
dbe1f600
29f8f41c
1bf5dbe6
d4faf2df
28cc0ded
03e5e908
19cedc09
fe3407f6
05d6c70a
09d01ed3
e5d0f3ee
b20329dd
1ac21f30
dcfec0f2
e0ce1cfe
ecdee7d6
18d704e2
c90ae10d
ca26cf07
edd2dfd0
f0ff17fc
fa0fe210
160108ed
fd2cf9f9
1d2a0412
f50c0ce6
dbc728e1
ecf419d7
d7ec02e4
2cedebd9
07d504f5
e4e80f0d
23020e23
0303dbdb
e027c4ff
fdffdfd3
e2caef0d
cd0c03ff
df08e2e3
23fefdcc
dffce904
18051aed
0ec3d617
0df8ffee
1bbcee15
fc2bcf15
1ce41e1b
f2cfcbf6
e51defc4
d90bf40e
fd17faf6
e3df1ec4
04ffefd8
23e6cfd8
2b022fc5
eb0a12d7
18ecf0df
06b827ef
13f7fe0f
ebe2f90b
141524d3
ef02dc15
19f8eb05
1d1928db
f308dbd4
e4edfd28
2a02a4ce
d418ce0d
f0133216
0621fee0
e8f3fd25
072a12c4
00ddf119
e31e0ff9
d5fc0924
dcf6fdef
e5c20bf2
0cd1f90d
f4ecfff8
19f1c0e5
08f3dccc
cef9fcbd
03e818f1
d117d6e3
d7d0f311
08e4ca0f
dad6f2f5
ee19c707
de2df5d3
dc091620
f4edd9e3
d60eeffa
e30815b5
e4e9e3ef
c8eb0b1b
f415e4f7
edfbded0
f0000ce1
f2f2aaf8
0612012e
f9d9f2fa
e322d4db
dd001fe1
18eb02da
ddfbecfb
23eeefdb
070c0ed1
f6090a09
d1e20c0a
dffcb2ce
0bad11cd
ff17c7fd
310cdeca
d81ed926
bd140fcd
dcd9f0d1
04f9f329
ece218f7
36bcd3ca
d8ecb7d9
ef182cd2
ece4dccd
e9d42dee
fd02360a
e8f51ef7
0a163414
db122326
032ae8de
d00dc012
fde6cd02
2cdfd1f9
f10cdc1c
f2e3f004
d8282406
e6d62c16
e708cdce
fc1cebdb
ddfaf8cc
de0b17d4
02eb23fb
200924db
1b0af3f2
ddc917ce
02101f27
e8cddd17
0fd5bc01
efe717d7
d6fbf4f6
e5cf0c22
18dde210
dcc3e2e3
e4f9c9d3
e51bf5ee
fbc3011f
1e152719
dc2c0415
22dd02b0
fa16fbe3
e10af526
dc05eb07
eede2213
e91af61b
e82faee2
17e00a4b
d306ff13
d0e2d7d5
25dbe3f6
cd26111b
130f15f2
f8fa1d1b
360a07f9
d7221222
d8db0bef
1ce00525
04220f19
18270ddc
12c5e6d9
e728dac9
ca12d6e3
0316e70b
e6eaf6db
1320dae4
00e00ed4
d32227d1
ed0b0c02
020d11e9
f2a8cdf3
f6fe2118
1eef2ec0
d0f00421
02e2eaf4
f52d11f2
f506d5df
f7ff17e2
1f1ec220
e817d536
1afa2501
21f0e915
e2d62d06
f7e019dd
18d310ee
271ce9ce
1bd61813
e1d1f9d7
e703fada
dd18f70b
fe020111
1f072efd
0a04e226
fbe2e4f4
d528d7f6
e0f50906
1af1ede6
f9fde504
daecd30c
d7efd7f7
1ae928fc
f91f0edc
05d401eb
d6ef03e2
fbe92bb3
def6f527
cffade0a
ea06de01
f12215f0
2af1f22a
1c251414
fc121330
160b111b
f32bcbe7
db190efb
f521d4c1
18eae6e6
d6d304d1
33d8da04
0dfa01d3
e41420e7
0df51622
f51ae2fa
f4fb2be9
3fc12312
2408d8cc
f507daee
3616fa2a
ccec0a03
deed38d6
e2e726d0
0edbde02
0c20fae5
230630f4
e9c3f036
d113faf9
f6ec27fb
d8e2eed4
1a01ebf4
e8cc11fa
09f4f80e
04d009c5
d306df19
1df22502
e00b210f
0ed011d2
16f1fcce
f21e0fe1
0dc5cafb
e2f41512
ebf501d9
e00bdf01
dbce0610
2e19e00e
e6d1f2d5
e41bd3f2
fdd5b017
e9f7d209
15eaddcf
fed6d301
f5f0cdf9
1fd82b16
0fd7dc13
10fb1019
e90008d2
d0ace713
fe0cdb13
1615e8e9
dd1cfa0d
cadc00e3
120afdf2
f922d21f
d8dce11f
01f8cb1f
df06d221
e9e0e80b
f119fc19
d322f4f4
ed08dbe1
ecf3f9ca
faedb503
29fff908
e10ffb16
f626f4f8
f7b8dde8
1fdc0505
c0f9f402
23fed2e0
0125b217
f61910f6
f0cfe1ea
db060905
efe5f4f1
d30cd7f1
0ef6e01c
e9fa11dd
d025110d
debee926
26dd13c3
13dd0bc7
0f06e6f1
0a0019eb
f8df10f5
05ddee26
26d2f8e2
e5e92424
f8c0e0d8
f60bc6dd
ed22e5ee
fc26e71c
d9d61b1e
ed1f08bf
e91fd8f7
f4f9e1ed
d9022208
e5ff11da
10ca240c
0f15c217
e5c9fe18
d7f2e821
e819e2d3
c7f80901
e820d6ec
bcf700d5
e9c6ea12
2fee26d1
fdd40f04
cef504d1
ed1108ef
c9c5ef1f
0bf3f5e3
e8eaecfc
04fc07db
0a0f10d4
e7faddee
1721d8d5
e105d40e
fadff7d5
112eee07
12df19ea
dc0cea26
f0fa0cf2
eef61422
fff0ec15
fd090b16
240510d6
e9f1fccc
b4fffbe3
2715142a
1cf2faee
d4f1ee1a
05dfd4cf
11f1caf6
0e20f0f3
fbf2e7d5
1518e0fa
1c0df02e
f1c5e222
caeb2b10
fcd7c4db
1fe6f21a
fe00eafb
20bbd7fb
ed02d9d9
dde80dea
e3f1d503
ef1a0f2f
1bfbdbed
d8d8c71b
23dbde24
08d205ec
06f2c9e3
261c0218
10f5ff1b
24d9f508
08f8dd19
f5f30ee9
cdf4fe09
cde3f9d6
f818e405
111210d8
22f90af5
eeebfa1e
09fd0211
e70be902
cde81518
1efa08d0
ebf91ed3
f919e2df
2beadde8
c3baebcd
fbc7cfd0
f813e2c3
e9e22fcf
e6da04dc
09dff3dc
ff1ef6d3
dbedfc1e
c6eaea1e
fe0bed2e
06f0c020
05dc18ff
d2f40ce2
da1dd3e8
e6ee22f1
d2180c15
fa09e9cd
d00a13ca
16ccd204
d6e8db1e
d7dbe5dc
f202cef4
1c081ce7
1126c004
1201ecdf
0ce918cf
15e7c6e0
c104dfdf
1c1ad601
d8f0f4cd
f3e50aef
130ee4ee
cdb51adb
e2d0e923
ff03040e
efc8d70d
1b3af5e6
e1deffd7
010027f8
e2c7281e
cf07e8f9
f504edf2
e92705ea
01f81000
f3fbbcf1
06dc1e1a
f4dff7d2
d70fe3f2
06dce92a
06e0d923
e8e9d5dc
f5081928
d013df23
dbdb0ced
29d9e5f0
111ffb1e
d9190eda
1711e211
1ff0c4e5
cb15fecc
1219d6f4
0229fce6
edd30529
d4e0d6e8
fcdc101a
eef7f31d
ee190cce
e50521db
13d0d836
cc03d932
0b1420dc
dc2be7dc
f6e8f532
061d1cc5
ebd7f9e7
d4fcdef9
e716f4e8
c9081d1e
11e40828
c1cf24c6
2bd5f8ed
14d600d6
21120401
d5ef2afc
e105e2ff
f0d709f7
cd0ff6ea
d22ad3ee
eae31600
f3ecfaf9
2cf8f616
ec111ed3
0b0007ca
d90dd90f
ff0d0deb
f4f1ddce
1ad5fed8
00e3f6d5
180efa0b
e109f3d4
f30bf620
f90a06f3
ef191be9
dd2409f8
101706d7
e809ead3
0330e3d3
01031bfb
2e201ef2
fe2aeffd
27ea10f7
fa001fcb
f626dcea
fafa0ebe
0f02d3d4
dad1e40a
f8cf1013
1507d9ce
f0e6f7d5
d1d2fd27
f905b017
0b21f72a
0b02110a
ff17eb03
f10907f1
fd1de7f3
e3e5e1f8
d7f0e81a
17ea3511
fabddd13
fd30fa0e
d5e6131c
cff316d1
f3d5140b
2009ffd1
e320d2f9
d702dc2a
e4f0e923
c906f11f
20db11e2
f3162bf1
d4312213
e0cbebe0
d9fd1fd4
d6e6ca26
2216132a
40d3e9ec
e817fbf8
dee623e4
fe0e04fa
fdeefadc
c114112e
242f0bfe
cfd4e4da
dce5280d
23f3dd00
fdde040e
2bfc1719
071df4ee
03ea02f6
2ef4d505
fcf325e6
ea12000d
22fd24d7
e5d9d1ed
02f4d121
dc08002c
d7f4e302
2914df15
d0f3dffb
02140b29
ee05feea
08eddb36
06e426ed
d5d4fe04
23dd1cdc
d8df0cfb
e7241724
25f114eb
df0719f6
080f1225
e6e9dbee
eeebf6c5
e3e20945
07d52118
14f0150d
ecf4eeed
280b0d0f
f00efbf1
fdf905d7
0af017d3
11e5ead0
f2fcfdf6
cde02908
e5f00d0f
d71021ec
f839e115
06dad307
f424dd29
d1260d16
27d7d60e
c10209f2
fd2ed3dd
d5110711
e5072435
02f007ec
0e02e502
02100af9
df10ea2e
fddb0501
d9de3621
fdf0fa22
f8de28e4
ece40312
12f6ebe4
fbdf01f7
01cf0812
0d11f904
e8f4ec1c
e3dddbe2
eaf2f106
d8d4eddb
faf4040f
cb01fb32
312208da
cb0904c0
0524f613
fcf5eaf4
f331dafd
e1e5e001
f62fdc10
1010e2cb
e8cd1bb6
f12309f7
eb05f40c
2515e3e9
fadafc1a
e6f216d5
fb10d30f
ece81fdb
11d7110a
09c6f401
f5fb0df4
0df12216
11cddaff
360a34e6
ed0915e2
08db1811
26e4fb08
f903eae9
e8f6edde
1ab92003
e3e30cf7
160b02fa
dcdd2218
d8e2f0f0
422dbcdd
f623f7d9
f6fc28e6
1d132a1e
f3121702
edd4d20e
1ecefc3a
1bfd07c0
d2ddf4d1
330c0900
ca0803ef
f93514d9
f7c10b13
c12bf52e
f8f9eaf8
0de0f1cc
ee0ff115
f2e1e403
09e13a05
f01e22d1
f80c0afd
daed0325
113027f4
1d0b3215
072d0aca
31eb02fd
111311cf
2cfd08dd
d8f2ee26
e8d4011f
09cc0ede
dc20beed
2af2bb04
0bdc07e5
e0c50605
1030fd11
2af8f5ef
e01edbfc
32f3e3dd
fd11d70e
2a19e5fa
d9f1d41e
d0d8dae6
01f2dd00
2cc6400a
d1ed13e3
c60d1cd6
da11d405
e711101f
24fcd5f3
f7d9e5d4
f3cd0ee2
03d700de
1319e826
3d28240f
ef2d2d1a
f52eea09
f41af8d7
1b0805f7
17e530fd
16f726f8
ebe409d2
18dad7d5
d005f017
3c16c307
e31411ea
ecd71907
e82810e3
e935e615
df15f11f
0dfef22d
1dd303d3
13f2ed0c
16ec0d1b
f51125cc
1f2513de
d20318e6
f019dd01
44ddcfe9
d5f811fb
3111ef07
fc05010c
03e334e7
08deebdd
0825ddfe
15001311
2be0f936
c4f7f713
f6302a14
20fe32f5
020d3309
02131eff
e0eedd05
fff1d9d5
dbeefe03
27cef0e3
e73c100d
0df6e0f5
f0dc22f7
cd39d1e5
ec1afdfd
edd1e204
02da37f1
d7e024c9
f72104da
d9dfd2d9
cadc2cbf
d80212f1
e3233df3
e419d9de
05d22aff
040a2233
05ded212
e6d2eece
e0103de7
1ddd24e3
f5d9cf10
2a123229
2d231fef
fe20f0e1
1d19120b
3022e8e0
0f1419bc
e3cc1e22
eddf2ae5
08f2ce2f
1d0ae103
1e0d0301
14140036
07ef3cd3
d112e903
0b38250a
1923f211
f228e20b
fdfbf615
042320c4
331f2b18
02f1f524
c7eefad3
1b16d116
f7fb2fdf
f0ee1327
23121dee
d506f126
fbf9ccf1
d3de00dd
05100209
07ebfc03
2921151a
f813f006
f9e5d9fd
212e3307
fbf9edf3
0bd2ef21
16eaf1f0
f0fdf607
1b222ff3
00f0f41c
0cfcf429
e6fcf312
15e80f18
f6fa2909
073321e5
1108e411
fbfafae9
ebd71bdd
d60ff332
fd1cd7f5
2e093ce2
d609293e
ddd0e9dd
eff1eb18
e9020008
13270b11
3727f7da
10e4f710
1207e4e7
e5fefd0d
ed21e5ea
f0fdd9ca
e1fc13f4
ddfbfef7
ea22fcff
c813ebf3
04e2210e
30e518e8
250a29fd
f213dfd7
30fe2726
ee0af446
f3fa0828
2b1ceff0
d2e0f5d3
d809dee5
d307c539
e132fc0d
222f21d4
1df1d8eb
e9d8db22
1e001dd2
27fd150d
f8e9d63c
0400f9f3
192504dc
f102d3f4
0908112c
efd8e8ea
ebcfd7fc
21d105e2
0ee612e4
f3e0e2fe
2b06e40c
2b3ec6cc
f430351f
f3174312
cfebf222
1a15ebf2
511cdc04
f9e81611
ebf6f30f
4322e70f
02f32448
defc0e05
0009e9c8
e6d72af1
14e624c9
ffcac4ef
f92b20c7
26fedd19
f419f633
382ae5dd
1ffb23e0
0ef4eb30
0ee9e9d5
d6f513d4
0d0aded4
d605eef3
0af6ff24
c3dfd31f
0bedeb45
e2ffe622
23f005d6
e1f020fe
0ce92401
f2460c04
022bf71b
2ecb541e
ddeddfea
e604eeda
39ed2fcf
1d0efa47
e2fcf229
f821eef6
06db0e18
07db0013
311243db
e3d901d4
11f82e0e
12e4f012
f2eafa1d
17e5b5ec
070f1806
d8e5f545
1b2538fd
39ed120e
ec01f123
d5e816e3
2ae40c09
02e7e8d5
d70b06f9
17ed1ae9
270ccd35
37ebf621
efd202d4
25f4191a
e7ebe0d7
fe0f02c4
f715f2f0
0edf3bff
dac8ecf4
fa2d12f6
0613e4df
f8f809b0
e9140f11
f9edde36
1af61ed3
d4cf2123
3ecc211c
250df8fd
e6e0d5d7
1811dc29
ff0208e5
ff12020c
0ee5dc1b
2c2acb16
19d73401
2216db02
f912f32d
f919e0d0
1fcd19f1
1bd2dedb
14fccee1
fc21e6f3
d8e4d260
0be9e2cb
0a06e220
24de31e4
f7e3ebcf
f22c170a
e73825e2
eaf8590b
bc07eb34
141f33bc
3906ffe4
eedde2c7
0adfee2a
39dc16e6
031bff03
e911185d
01e103dc
d121e6db
21fb23d3
f1f5160a
dc3114d1
0230e1ec
13f011f1
1c03da42
2fe63def
271af24f
dbefd70d
2913e622
12df1804
e4e111c7
0f20d1fa
4913efdf
19000b2a
f0d4ddd8
d41010ea
f22530e3
ee1a1423
2239e3d4
0efffe04
0a12f339
03f8f805
f2052fd2
250edace
1601eb19
2a11f816
34cb19e2
fafff904
08d00219
03000223
d7ed0c10
ce09d0f9
edf4d629
0e26e10b
1101fdd0
0c0900dc
21d2f02d
2b1b37fa
e7d82f41
fcfed607
24c628d3
eae402d7
fc09ddde
17061214
ff25f32c
0d05f50b
fac2010a
0ae809ed
3dfb3504
dbc904fc
eef1dbf7
2904d80d
09e5330c
05f318d8
f1f8e9c1
03d534f6
1f0431f5
e522180a
04dedb26
0028d3d8
fc1c1613
34fcf7fa
db2334ef
ef31eafb
e612f42d
1dee2e1a
00fee013
d5103d1a
25e3e8ff
fa15e72b
26e50cfb
e215f913
1d103c25
08ddfafa
040c2df4
de1e1108
2917e80d
c9ddde4b
230ee318
dce6fc1a
07d6edfe
1febf7cb
18ee060b
2a242ef6
000effe8
17d4261e
1f2537c2
3f0b3920
ee0119cd
23f9ec35
d9ddfded
e51b13ef
ce181a27
37cbffff
fae93621
0e19f3fc
11ef0b09
0430f5e6
e0e31505
cf3013f5
f20cfb4d
f822faeb
ecdce838
0cdcd533
31e007e3
cf19eb36
fff4d2c5
fcdd0904
20fad0e4
f825e332
05e1ffd2
d2fb0608
c72410fc
06ecfbd1
ee212013
d5271908
18e921f5
fd09ea17
302815f0
f1f9e0fe
17fceeef
0dd4d716
f00f1503
db160bdc
eff1dc1c
28d61619
d1f4eb0b
fff3db04
ca04291a
d0f12401
18014325
1af01814
e31aee0d
11f342eb
2113e808
d3dafa0f
2e230df9
1a16d2e8
e0c0e2e2
2529edfd
d1d420ea
e2f50e1d
fef92cf8
0f14ece9
efea24d1
0617da2c
fe2b2a2b
e4f7e3e1
d7e204df
2b12f322
d40ee300
f1d5030c
f6230841
18f5e4d8
070bdd0c
27fd29d6
ee1d1d0e
e3eb18f8
e000f113
011af4e3
ee070c2c
3924d1ed
0a08381f
02f70f2a
1d0c35f1
21d0000a
d0d6fc15
1622daef
1432ffee
fef7e220
edc6dddf
1b01df2c
1b0317f9
d3efde19
00dcde05
10ee2810
0111dc12
2201fa12
0d0922e5
3717fbda
e2211a14
e102f70d
e10802f6
3b130922
0a21f7f3
1701dfed
12dcf113
241800f4
2a1dfbc6
e5091810
f3171c08
1cdbf8d3
0f0edaed
04ccd2e3
17d505cb
d2090112
1a0b20ff
e91be5f5
dcdde3ef
10f0ebfd
150027f6
22f42d05
07ed16d6
dfdd02f9
0508ddf4
f3dddaee
202cdfda
16ecd62a
04d82409
21123226
d21dfafa
28e60427
de2ae73e
ed05e503
07ed2c0e
e5072dd0
09092c1b
00d1123f
0aeb2def
ffd8da2f
dc031905
d81c1d46
e025dd00
e2d4ee0e
eef3ea12
eb2010f0
efd5d0e4
e42b1619
e027dae2
1ff31eec
d8e1d32e
100ffe16
d215e30f
11050ef9
dfe743e0
091116fe
191efafb
cd08f415
1bf2d421
1723121a
ee1aece9
e1de03da
311de5df
e0e0190f
17fe0deb
26fe060c
2cf4fbe6
25de310c
2429fd24
07d7f3ee
dd0b18ff
f3db0e15
f6e6daf3
e32ee30f
0b0bcc1f
00fd1700
0e39df1c
e6fef102
241afeea
d3fc2d38
33e423d2
d809000e
1f06dae8
d0f7ffd9
ee17e5ff
10ef13d5
0efb3df0
002304e8
fde5230d
f2e41a21
1d1f24f1
d710e82d
c8f800d4
1adbe3f3
0e15d2f0
23e6e6e5
f918fc0b
f2e02315
32dd23f9
0b25fcd9
2903e2ee
f7e518e9
f72b2314
0d11232d
e2181e13
e901ecfa
1626dd01
f30514ce
e300162c
2707d7e8
f9d2dc16
0612e2f6
1af2270d
0d1be2fd
e8dcf3ef
e7f918e7
e5efe8d4
0f11e104
0018fa03
1f32110b
eff0f91e
2e27f91b
3813f80d
e111ddf4
cfd4362a
e1e22025
320ed510
0d0d0de7
f7fef0f0
031f1206
24f42a1f
fef8dbf8
2efe292d
e7041b38
00f2fbf8
13100eea
f2171140
05d5e5f0
dc1be6df
2426f81e
1828d3f2
e039de2e
1b08d11e
2dfb0d21
f903dc2c
3317f8fd
0c02ec27
e0fb1d14
d5dd170b
0907ecd9
0f0f41ea
f207db06
ced1e116
d22c240d
e20809c8
200be720
f0f92fec
2ae31ae7
ddeae718
270acff8
291ff029
0c08f1e4
0fee0509
2a221515
01d029fd
fa1123ed
28eb040c
2de22ce2
11e327f9
cc2bdeef
f134f239
140be821
ea1614f3
13f3d702
0cffe0f5
13ede514
10fe0e0d
e52e24e6
e9e4d2e9
0e3824f4
dc1730f1
d41fe3ea
1b090133
1b2d1522
f6152ff9
fd060226
e0f3030f
14e82a23
fe07e8f8
fc05f3eb
f00fd515
ee2219e5
fd09f107
e01407f0
f4eff6fa
07fb04ef
ec0eebed
f71f0be9
1d26f81c
012e1fdf
e9131b26
eb07e7ca
e90bf7f3
1cd6d71b
e3181de3
09dcff09
0cf11401
e711f42d
dfd609f7
f31029e1
04eb26f7
1bfbe9ee
02ffe41e
f602e3e0
cdd9ecfe
def33604
f62f28fb
fdfffacf
12211cbd
10e301f2
2500e4e8
ea1818fd
d433dc14
d6091adf
cc2e0bd5
cce30e0f
f5102c0b
0d2df8fe
05d5112c
1be519eb
0225cdf5
def70ff0
00ebe325
0d052c06
16f10f25
f929d827
1e0a1de8
2aef03ec
011e06f3
fbe1e710
da1ecbf4
f42a0a07
d9f907dd
f5fad101
ee03d821
f206d1ed
30d8d9e2
24171e23
2dd21add
d021cbdb
f1cce833
22f0201a
de112027
dd053223
d911e010
04e3ca00
01e905bd
d216070e
1312291c
0f16f3d2
02eff9cc
25cf0d0e
e5dde2f2
ebd0d500
1acb0af9
ee0fcf2c
341e03d7
1207de2b
0833ddfc
04d832e5
e7fa2605
15161200
121626f8
cbe42422
e8f3ceea
1014d7d1
ddeb01ee
160cfd10
19f5de1c
0c001eea
25c73211
1719eddc
fadbdc41
0b12dbec
18e3cf1c
e1d625ed
edfae2df
eae2f4e9
d1c7fbb7
2a11e11f
fffb2103
f0d3e8d4
e915e7fd
cbde05d8
0e02f127
d0d1f7db
d0f50300
fb082308
3ff01cdd
0012000c
170b11e3
f40e0611
032b11e1
f7130d02
1fd8e9f3
d1f90011
e902f0ef
f9f026de
0b221426
17e5f3e7
fd06e404
0d04e62d
1eff4123
ff001100
f5ffd12c
140df3d3
2b0206eb
f6d43bce
16ca05e3
1b0c0a18
f7ebebb1
ef001d15
1c05d7eb
e81cdf00
00f2d2e5
0b21db2e
d7e9f2e4
01f51de3
0af020e9
1c0a18f6
34d322e4
112ce3ce
ef0325ea
e1e4efff
f5371707
0314f2c9
ed1d0bcb
02fb04d9
1524fbc3
f92dda03
d1d3ccf9
2028191f
e5efd719
fe0f0002
de16f2fe
1124f0c8
13d620e1
1fdeeff0
08dc0e1c
f40331cf
cfc4ead5
ffe50710
e00ad2ea
28f5c921
272907d4
11171700
fbdf1bee
fb0a03c9
06e00f24
f1ddf2cb
e813e30a
fd26250f
22e91507
04202601
13d012d5
2a192b15
fd091523
db1fc8eb
3ec6d90d
04e1ce1b
ffd204e3
f4e9e3fc
10caf302
e625ccf6
0603e0e4
dc10cb24
dfec2104
f1240ce2
e30fd444
d00bd606
d6d5fada
11e43409
e7e10fe4
11d008f5
180bf1d6
23f9ca13
e6e815da
fd1630d4
24f9d90f
25fbd9c1
0bf51fdf
ed2cf30f
0cfdd600
011511ef
0d23dbf9
1fda1ff9
eb13d8d6
fb0af00c
e8d6e12b
1726e0ff
3cecf0db
f12bcf17
fe26d12b
f1dfe611
0525f229
28e8f20b
0cd20120
e20bfb04
e8201df6
d22ae624
e8d1d4f8
f0131cd4
0ed10aed
e1e5e7e2
d920d41f
e4f9c3e0
f6f6febe
11edf7de
10e222ce
0cd72617
03dd22fb
1f04170a
e921f6fc
fdf52afd
dbdbd8fd
18d1190d
49230d18
d115e4fa
ee141ed1
fbeee801
21d5f921
0fe5dff1
0e1c28d5
0d110415
da22eed9
f6d027f8
040124d3
0df6d216
d4dedb17
0a18f912
17f725ee
d8211f08
17d6e9f3
0a04e80f
1df914d6
0ecdd9fa
05eee8e3
dec51a08
1e1df3b4
fa10f6f0
f025d3e6
dfdd1e16
13eae105
f5db27c6
1bdbee17
402cdd2e
f4d226f3
f40fef24
ef16dc20
0919f400
15fbdd15
f5f4fce0
eecfd308
0402f805
f2e5eb09
0a1605e7
f30cf010
c323e1f7
141721d0
d7f828e5
151d0225
caf6f8f3
0deed5ee
030df60e
12f40511
f2f40116
e5001015
291f111b
09d1e617
00d9dfd5
282201df
fc2c3127
182010cc
ed16fa03
edc124d2
16171de7
2126e2d3
32e0f32a
cdde24e6
1f271c09
09f1def1
eede27f1
f6d60113
0910e7ec
361104e6
f0ddc5ee
15da13ff
24e8d8df
d9de230e
f61ad9c2
270415f0
151e1509
ed211807
d835fe1f
cadd07f5
fc251acd
cd28dd0f
fa1700dd
21062620
f12130dd
06eb1bd0
20ea04fe
1a28fff4
28dc2f02
0e3afc1c
15d6d220
15003227
e7fb250f
0af41df9
3af0da12
24eb0fcc
14dcd7e4
092b0cfb
e3fc15ea
16db0920
ed24f9e5
fde41928
08d2ee1f
e8e5d71e
da0a0aeb
14251fee
1512e6bf
fc32e117
20e114f3
21e3c7f8
f7fa1cee
121e2715
d1f50f17
13f8eff8
e6feede8
02f2dbdb
f91cee0f
0ae602fa
d913f1e1
17cde228
2cd42320
edc5eed5
1009c3d8
25e306ff
d00513f1
280ce41f
25e21a04
c7d7e316
1b18cfd8
f5090e20
e7db0bd5
e128d4c7
fb06ee1a
ed1d24fb
d1d8f7f5
f223d0f8
fbfdda2b
e9f718fb
d3d9d5fa
e8d925da
010afb36
19dcfe23
24d8d612
2dd424e8
e418ee2a
15dcdfcd
cebbe3f7
f6e9e4e5
01e0d923
fcd0cd13
15e602f7
1b003006
05cad1c4
1418e1cb
2efef4e3
150d230e
fde4131e
cee4cce8
caf21516
f3f41305
0c14f4f8
1b10ddfa
e2d3f5ea
fb15c716
0f07e914
dbe8e7db
f329c808
cb22eecc
d50e0efd
f71ff112
0c04fcff
0b16f9dc
f30ccd2e
0fdd111e
29d30ada
0af8ecf3
f9cd1007
d4f3fc0b
fade05bc
29ccd3da
f21017d7
dbff00cb
03401108
d3e3d6e1
1bf42601
0f05d813
e1cf2fd8
030ef3c7
0ad7f22f
1adf0122
fff6fc14
fef1010c
0b09d020
def1f0d2
dc18d2d1
f3e7201d
fd03f9d9
1f13f2ff
cff2e217
dff0dce9
fc1b2fd2
cb03ed29
d10502d4
f2fe19f2
0a06edc8
0f2014e7
d8d4d51e
fae0db07
15e023e3
d9f8ef02
cec5f13b
d52aea13
0af707dd
ce3500f1
1e09eaf3
f424281a
e81205ee
eed4fbf3
d8d51ffd
dafff326
1817f313
f1e0e419
ef30f9d9
d5cfe4eb
162cf402
1ef1d820
fcfdf1e3
e12cdb16
d40801f4
00e6e727
e4fafa16
0cf8f903
1833f2fd
1ae123f1
0e1222d5
0ff502d1
0a221ef3
1525f514
2108fcda
1c12db15
e1f1f7d5
d4cefb31
dfec22ee
0909f6e5
f32ae9f5
fbf11604
14e9cec7
2700f61c
d0e0efdb
ca27f2d0
d9e00dfc
e7240408
e8d9dbd5
1401f6cd
00e9dfe3
0b03f7f3
e7d8192a
27c815e2
ced9cf10
d0f2f5c3
f8cd0424
01120c16
040acad7
ea1dcffb
e50219fd
c80d1ef5
ca2020f0
1d11f71d
dc11171d
07221bfa
dde8eed6
15e9d725
d818dedd
2ecc2029
e3ee1acb
2921f8ff
d6f11be7
1d0226da
1c10efdd
0ad51811
f01516da
ebf711f6
26d32409
e8db0ace
06f0f119
c9cefd19
ece2de1f
1e110e08
110a23ee
e10c082b
dc03f1f7
de1ecefa
e41dec14
f31908e3
cc2604fb
f9dde1fc
d1da24ec
cb0cd1dd
f616dfb4
05dcdac9
04e9f4d4
1eedf80e
151c223a
c90323e8
f010efe0
cbf0e303
14002738
dede16d6
f3140df6
1106cd0e
06e8ecdf
29e8e40a
d007f4e9
342228e6
07da1ffa
ff2b2e0b
06de19d2
f017f3d6
1ee4e91e
e5e704fa
cefd16c8
0625271e
f60430d6
d802dfee
201402f8
1c03fbf7
0d04e6f9
e7ccd000
27f8c210
e9e601d9
e7d1ebd5
e82c0e0d
220312f4
171c112f
0f26f61b
0d02001d
ece5dcd3
ff17d2f8
f8e0d2f3
f0f41b08
e8f10b09
f9e71114
0affd1c8
3c26d51d
e02033cc
f20bd2ee
0aecd8f1
1df3dce3
e11f2de7
120ecb00
28fc04fd
daceef0a
da36c5d8
16d6d530
ecf1f70e
ff2c02ed
e9e616e7
0ee31c1e
ddebc02e
37e3fb12
d7e0e81b
ee11d824
fa15d6c8
041e2009
1c25d301
2c0b29fa
19e6dddc
e6d029dd
25d6f7cf
1ceae523
f0b7d5ce
03d71dde
1b13e8ea
36d124f8
1201c6d5
27e40109
2bfadedf
d7def4db
cbf5f720
e3da1a03
11d3ebdb
0c09c3d6
de24051f
e5d9ef19
ef0de5f5
08f02313
0a0b0bcb
fa0108e7
e51de8e7
da05f821
d6060f1a
11dce4da
2cdcd6d8
0af700e9
03f8fac8
dffe22d5
eff6d5f7
1d20f903
12040bfd
0c240f2e
fafcf420
182810e2
05ed10e6
00e2cd1d
0fd9222c
252c2419
250a24f7
04f52c2d
1c1b000e
eb0d2e05
fbe5ebff
d6f6f428
341e0be2
1fef06fb
0de7fc05
f4e812db
1728cd1a
1dd5fed3
e7fa0c04
da2def30
0224ef19
e6ed0fef
dd12e30d
d2fe1a28
040afb15
2cf6f5ef
f3162c09
f7e52824
181ee6ff
ffffd2ee
2d31dfde
102be40c
22f80fe9
1517e11e
fbf732e8
2c0afbda
042a0c24
cf1e071d
2feae4cc
e704e929
f4cf1601
dd2ae312
0e0cf2f2
0f2adeed
ee0ef7f8
15f2fc0a
f22b2df2
ce2725e2
e81424fb
14f3fc18
dfd9ebd1
fc38f921
d3eae624
f01e1fd4
e1f5ebfc
dff3dfd6
ecee170c
1feed8e9
e91600f7
2cfe11fe
2aec0623
150bfe12
fce51616
01f504ee
1feef92d
291bdfd4
f3f3e403
05fa1cf1
e20efed6
290503e6
ee121ed6
1e27e118
eb1f22de
0b031fed
0f172614
0e23e6fe
fbdc10e1
e402edef
e023e5dd
d8192509
232ed3ed
e7ffd71a
29e2df08
dbf4f0fa
281c022a
def615e0
28192504
1d1d0af3
051a23e9
011601de
dcefe4e3
21081523
dafd0419
e5e02818
16e2d229
f519eeef
10e2f9e8
0bead9d9
eddefcf8
ffeef729
2de31e31
d12212ed
d92a1525
27e92920
d7f7f6ea
1806d5f9
260b051f
0e1912e6
ed070921
f5e42fd3
28d8e4df
f2fbe4f0
f1f2090e
23ecf1e6
0d31f126
040e1e23
261127da
dcd9f121
0fe7f413
18f9f512
ce1bfe0e
fed6dae9
0718f705
f203e51a
eaf8f6e2
1c00eedb
e7f5f9e9
0708e103
d812040f
071a0914
e3132025
ece8f1f9
f0f3fcf4
0b1203e0
0ef6f2f1
0326fdd1
062405e4
e1e816d7
fad304fd
dad306e6
e207f4e4
ce22e2f1
04dbf4e2
eb0af521
f0d30ce5
f92affe7
1aeafdee
d22f1a1a
000924e5
d8cc101d
d001d6f6
f326e20d
1ede240a
d72126f2
16fbe400
d7ebeadc
ebde111b
161febd7
d50a15f6
edeb1f12
03d92311
13d9f528
f3dc0901
02232529
f01b05e6
25f6f60f
12e62d14
d8d9f1fc
13d9d506
e12301f1
e0faff05
04f2e511
dc29f01d
f01cd7e0
2dfb27f9
07da0906
eb0bf20a
f223f7d9
eed1e9ea
ed09de2c
1de92318
e8170119
12150125
030dee0f
29291014
10eccf02
eb12030e
0d0b1a22
e22914ee
e615d2ea
0828d3dd
f0fee428
24da11f4
1625e5f1
140f0ae8
131303d3
f71d07d2
dce8ed27
110fe50b
0dfddcd6
f70cdbe6
11e7ee0e
ec0a17f2
f8ffd8f6
ed2811e8
e70cd9e7
ed00e2d8
13e6d418
32ded90f
f3dcf31e
ecde05e8
29f2e30f
14ce0efa
2a19c929
e720dbdf
e00f1b0d
f421eb12
2d211ff0
0d0224f5
2421e914
e2002ce0
ec0cefd7
06f3eaf0
01341913
f3d8100b
1ff11d08
16d1fdf8
dc06d6da
e3d81dee
19d1eefc
2e04f2f4
fa050b06
ea02d113
23e42f18
f70601d2
da1623e3
0ddced10
ceded0ed
23d21b04
cfebfe19
2111f20a
d2d9d51e
ea20181a
f1f52c04
1af818df
e0ef23fc
21e024f9
2833def6
1f0b102e
f5231818
e9eadc0f
15d82809
df070901
f1fe1e0c
0afce3ee
fd211627
e006d1db
d5211be6
26d600d9
e1ec2022
08fa16e0
f413072a
13180730
2d0d192a
fde826d2
d12d2be7
0ff201dd
e9f52bf8
e0231b17
1bdb0216
291d15d8
1bec08f6
dfd1ea0e
d8edd20f
2215e8f2
dbfaff1b
3005daf0
e3152315
06ddf402
f6fe0b04
1e200928
2ce706dd
052ccf0c
1427bfde
fe11df20
270706f7
18070719
15eb3115
230a1ebf
012a21e7
efe703fa
07f8f8e4
18002b22
ad9f200a
ce01c9b9
2204f7cf
e423b4d0
a711b1d7
041dedd2
e31fcb08
f511c82f
06e818d7
fdf320c1
07f019fc
d9cd232f
1bd3fed9
ebe5ce00
dbefdb1c
ecec2914
ffdf01f3
cf240f33
3ed1e1e1
d4ffd925
f2090d09
13ffed19
0b25bde0
d1190e34
3a17e70c
f413ed2e
d90a3ff1
f00c27fe
bc06e23c
f03d1fc7
10c8e20d
e1f30516
cfe0d121
12e3f00f
dc060530
2b04ebfa
d925fd07
212301d9
e2f8c1d0
b208c55b
12d50aef
f3f414ff
16f809d2
11d5f1ee
fef205e1
18ded810
0b2ef810
33e32625
40280a12
d20911f4
3cd3dbfe
fc09e5fc
0de8d3f6
00d9020d
fce1ffed
df30e1e6
0d2d1c17
e618253d
0f07e1cd
f5e9ddf6
0d18d024
08480df8
04e0cb26
e7e03cf0
b0f40917
f2f9c9f6
ec271718
1512f6cd
f2d2b50b
28d2e303
2a2be5f1
dd15fe36
15091c04
dce4fe0b
ef2319f7
fff21e07
20f4e61f
1ffada1c
23d1cf03
0afaf412
051d014c
230015f6
2d1220fc
f521f2e4
1e16ffd3
dc1814f4
d015c3d2
f02420f3
37fd0a35
21e2d709
ed110adf
fdf90119
14070901
1abc15ec
1d25edce
02282ae1
1bc4d216
f5d6dcb8
17fa413a
0424001f
b916b30a
100f0c11
22f3e205
17e8c700
0ce1e3e2
abedf2d7
d8181528
e6fadc07
28ebfae4
00cde5fb
2a253210
13d937fd
181f063f
daebdd0a
461af0d2
0510f2f7
00de2212
f1f72438
0424f1e8
fc512323
19e1e218
cd27fe1c
45e33013
01fefa26
48d0d703
d6e3160e
19f92721
ef0df81b
fbde04cf
0ee109c6
f7d22453
171ec8ef
f4ffe6ff
221519fd
2915cf05
0afec644
18fce1e6
fc0a001a
02eee43b
432a0dff
f1bedfc1
0fe1f20e
17fcf710
3508f0d9
5d02fedf
0724d2dc
091cddfc
16eb09df
dbddef02
e1daea1a
080b1003
1b0de31a
ee20f127
f02ae01b
1b041900
f715fef3
12f307e5
f11f09d7
0e211717
ead42ef0
eae20f07
052e2fba
fb1f563f
05260426
b71a0c22
2215290d
04ff22ee
dc031b27
0227e1f6
07f8e610
1b291327
4dc71c0c
ef21d52c
e5e802eb
e9071e1f
f203ee24
f74ddaf4
f5240c2f
02022200
0af80a19
1327f951
18162726
d20b1ffb
141fdeed
ef4ae850
1e2af80f
42e9e9d8
f614ea2a
0a112a2b
d7c811cc
f915e40e
06db22cc
f9dc28dc
10fd00f9
161c1a47
c91201e0
d8fcfb0c
fd1803de
46280ee6
dd050c06
17d622c3
cd0c12d4
2409220d
57ecffe6
47e20e0a
0203f9d7
25e229f6
fa280fe5
331e020f
eb24d5fd
fdff02e6
d541571b
cfed0806
07dfe2f7
19eadcd8
fe0bd41c
24062b13
cfd9d903
06fe32e4
d104df33
16d6f500
d5170cdc
3dfee813
d8d62d01
e3fd1409
0b0505c8
0dfd5727
0dfaf5d9
ec2eccd2
f4cc3517
ef4fe601
1afeee04
f4eadcd9
e5242427
d90bce36
17e01ae8
e10825d6
23dfd6fb
0725d510
f81828dc
2308f1fa
f5ffc3fa
33e621d4
e22334f0
fbce2a5c
191bf72b
db0bf91c
0e0ae64e
3619eefb
ce00e20f
3c00141a
d6e8e814
18d90fe6
ec2815ea
01da3724
10ce3e1d
12e7fe01
220dedd7
fa273754
2de0f42b
b10cc12b
f2214f20
fa1bddf9
d4fee609
2315d0f6
d315d9ea
03dcd534
01e72ee2
e9eae430
d8b91e1f
fcd61321
04283304
fd3141da
e6f01c1b
0be2d7eb
ebf857ee
d5df0f43
faf4d20c
ea370d02
2cd902e7
1f10054b
0408d4c4
d50cef15
21d518c9
00d5ec1f
290104d0
1bdbf5e2
161022fc
03f7f312
16e22007
1eca09ef
01cd01e5
f426ec14
24faf41a
03fd00b9
1ed51a06
081e1d2f
05f727f5
0c121bf0
022bea3e
24f4f121
0824ddf1
eb1d1113
1dd91c30
d12efa00
1fec031a
e9202d34
f3ee221c
d9e0f7ef
dae8c607
d61b0ff4
14c2ff1d
16c4fd31
f510f226
bc1c12ef
0c1a0a0d
dae80f08
efefd9e8
f3ef3d26
f6ef0a0b
0af40ed9
eb04e8fa
07dff2db
fadf2bd3
1e1cee09
e1fd241f
22ece4ed
d5fc1e03
09fdf3f2
e41908f8
23041bf2
f6f9f3df
1f01ee03
030a17f0
05e528f6
1f01dff0
05f81702
ebd2e7ff
100428fe
e430fb2e
f2d609d5
00e904ec
0c00261e
cde2f80f
e5d4fcde
c7dcd720
ea0a15f8
ec090ea8
1c1f1105
f5f5ddfc
41f1172e
06f2d622
1a07232b
15f6f5fc
2d15080f
121a231c
e5113aea
092b370b
e6081c32
0bf701e8
0f24272c
141deb17
2bd50007
02f82ff4
21fe2025
d52cf617
d51a2826
14ffdada
e102171e
fd1ceb15
16e806db
d3cf21ee
e8edc2d8
2420081b
e9eaef1d
f5f2da28
0b120419
14001733
25fddf20
f7cfe3e5
fc04ddf5
1ae7d90a
26d632e8
e9fd2ad0
012315f8
09232bf7
2426fbf4
e6eee200
e4e5f4e1
ffd4fad3
0ee2c8f7
06f9f020
11200afb
07fd1d0c
18f30e29
ec06bd00
1f0d2223
f4dbf3d4
02fc03ff
eb20dcd1
1414dbff
ea1d12fc
ebd42104
e9003224
1901ebcc
0802deea
e7d12be3
19e1fdd2
07e5f22a
fd11fd32
0317f814
0509e5db
1d0af3fa
f5f100e9
f81c09e8
f80e1a11
f2f41808
23180523
e103c6fc
f31cecf4
331d14c4
edfb1bff
09d4e0ee
e2e0ebdd
e3d302ec
f5fcdc0d
15150208
0ee1e4fd
fa1b1514
cde9e2fd
1ff61dde
01fdfae6
ea242115
260221f9
33db1efb
f41e22ee
d2f81af4
f10f32d6
c412ef26
e509e3da
d7ff3a30
e8e90cf2
01faded2
de0e1cc7
e021e9ef
e1d3ddf3
f401e702
250f271c
36230d2c
e10307e7
0b2dfa17
e8e00418
1ee2e9d9
f3d8d90e
1300e7ee
eeed2620
06fc002d
1b2a1d05
001a16bb
d7f1ebe5
ee13111b
090cf418
0f2bfc20
fa281d24
d405cfde
d6f1d9df
edd12304
ed1dd922
d9d4f024
05c70ed7
d8d52a11
fd21fdeb
f8e90d0f
dd430e31
1a200904
ed00e2fe
d8e82a18
07d70f02
0fd4e305
1827e3e0
eb2d0b08
e017fbcd
fafee4e6
cf1d12f2
df0611fb
e11ff8d3
db160ac9
2c1e3f1b
ed081929
e7072522
dce0e811
e82b1c0c
eeece716
cbd742d1
ff04d82c
32e417e9
11d23018
0c2f27fa
f4f50906
2af0e2e3
1bf8def9
db08d9fe
d7ed09f2
27e0d52a
d5e83a23
e7191a38
ef08230b
f305d7d1
02ed08e3
09fedcda
f4dc2b03
2021e325
36ecf0f7
fae9e9d6
e42720f8
13eaf922
e0eaf8f8
2fd0e701
14f43501
2b030214
1001cf30
3dd8fa1b
23f117e5
1c12cd10
e51e1907
e5031ccb
23f7160f
fd23ecd5
362eccd6
d0080cff
14011403
30f32b1c
34cbf81a
d1f3e0dd
ed2e14fe
d3e7fa15
040017ff
171fe833
f2cee007
fccc2013
d1d8eb26
eb032023
1d1728ee
1ae2d2f4
072afceb
f6fe32fd
e518f4e4
2ef5ddd9
39f328c6
f8e8dbf7
09d3ffd9
110b0000
0ed90520
fb23cf17
dee705e7
02f6d80c
df202223
ea201b1c
ecdcdc18
f0150f22
ded1fee9
f90bcd04
3cf82d1c
f7e13110
39d4dcef
e42d0224
1d18dd27
ec0eebc5
2ada0746
fbf3f817
0411f109
d0f11602
b5e7034a
25c80510
12f8e01d
16e9f1e3
fbf8071e
d501e5fd
38d5ecf7
f919d006
1a202719
edde0b21
182f0ffc
fd06f307
0400dffe
fde82607
18f327f7
f72203cf
fd072ae6
e2ec0f21
181d23ea
3ad51ef3
0d090deb
1b07cf14
1224d9e6
e0dec500
1c07edf3
cf49d2e3
ee3ff224
1343ddec
0131011b
12ebf8fe
bece571e
1bd71fba
fbdfd725
f8fb19f7
07d3bfe1
e7dd20e5
effb1ff2
0b02d8f5
1409ecd2
fd1fc521
c6e9f404
f2f5fd21
24fdbb1a
c50ae91a
f513e2d3
ba1cec1c
18d80a13
eae71afc
2211dbf5
270bf704
0308f8eb
f0130c0b
01db0cf0
efe0c3e3
f8f40de9
dbe7c929
13ece4e3
e40c0dd0
f4250f26
d538e206
24ea0a0f
0f0a1c1c
bcdc281b
f4d0f5d8
e5cf1029
db2eecfb
e12ae0cc
e8cc2ceb
ef0f180b
eee2cafb
f1260514
f4d70ed8
c5f0020b
e21d2327
25f2e105
cedf17f9
021905e7
f7c3ecf5
ee021ff6
c5d327f2
360fe229
fa1e06e2
15fc16ce
23d70203
d7effceb
d5e7eff7
2ee9f62b
c6f611f6
faf4e4fa
df29f222
12052619
0a3befe4
de280841
ff34d51b
d725e5e7
d6170d05
da22e802
10e2e839
1ff71223
1ccf0ed9
13322520
1bf8fbc3
01072f01
0016d5db
2933f9f7
e0e30dff
fb2ed9eb
15f829db
fc09c412
15e0d808
ffecd5eb
172e0416
162ad5f8
ecf01128
14251f2d
46d52efc
44e9dddf
e429cd0b
2bdc0333
0b11e1d4
26e9d80c
f1f2ced4
ff25ef05
dd1e2006
0824eaee
e80c1543
2e1eeb19
f8d4e91c
cce2d917
e5dc0817
0b202bf2
faf035f3
c80824f3
071e0be2
f4dcfd2c
e80ae5e0
fc1ad327
e1e8dbff
30fbe93f
252415d3
e124110b
1215ddf7
ded2dcfc
fdd4d9fe
190f10fb
11d0f807
1916f10b
4bdf3103
fe28d90b
edfac3e2
1dc9f209
31e0010f
0716e935
1902f2fc
05f6dd1f
1d26011a
f2f7e71a
ce2acd12
fd0004fd
e4ebee14
2508e4eb
27faf4ee
00032809
0eecfcfd
f7fc26e6
f8e7210c
0de42c1e
15ecfed6
f422c4e0
34f70dfb
15fbe716
e5f0f4ff
e528ddec
da23d5ca
fc050f0e
18ebf817
18d5eb29
0bd5f5d7
d21f21dc
0a031ed0
17daecf2
1ee1182e
01e1f1e9
2828dd1d
ccfc01e8
1e1019da
d01fe311
0b11fb0e
f31de102
ff1ace59
f6280506
f6191914
f9240606
d005f4ea
fb0a13f3
eefe2e22
15fe0f0b
0a3002df
271221fc
fcec2607
3d2c2de6
20d1162a
de472fd3
32223cec
ee0c151d
e4f41b30
0fd1d92f
39112324
2d2eff11
ea151ee4
1dcc29fe
0719dadd
0700d419
0a0acd37
4506f123
062803d2
30f3f947
d22503e3
e9caebe6
ff2100eb
261325e7
ef2edf3a
f3e6f80a
dc0e161d
0914ea10
f418e31c
172020e1
101f0424
26e4d4d8
dc3822ce
080c443f
eb032406
0332da05
39d72f0e
ebfe2010
08fc180c
fcd0da21
271a1c10
db050b08
0ceddd07
0614e422
e1d3e128
d310071e
fe2e14d9
36e3eee5
2225de35
3920253c
1cf703db
e9df102d
d50919e3
0a1921d7
eb01cfda
fadd0e10
17f6d9f3
2b1e22f9
ca24d90e
38e51e3c
091feb2e
071102fb
1ccf3607
f5e4cdce
ceefef05
eb2c0fed
07eff412
17df1919
f9081cdf
e9f13526
e11322cc
0f10faf9
00e8021e
e2080111
170e1716
fdf6d609
0be60ad1
27e3120c
3f32f0d5
161508de
132b231d
2122d8fc
09153d10
fa15e825
34340a03
e441c515
052fe0f7
ec4ac931
00dad5e3
ab08471f
2dfd0b20
a218e614
1b031bb0
0ad111e1
e91706ed
e9d5210a
e3dcf3c0
1125c3fe
e7161229
ced0d823
bf0cfd0f
1df4ffec
c8e6072b
b4df3fc5
b3e3f302
1fc6151f
ac00db33
16d73505
23c7d004
cc4f03e3
1001481d
0a121af7
26eefcf4
f7e409df
ea00fb02
dbe524cb
3f0dfbf1
d9eed418
da2f0714
38082c22
08f70330
f3da410d
110ed4f6
be022007
f127e9f9
f3f4c11d
20062efb
de0be218
15b3b6fa
03e8e2c5
0b22153c
e4dafb1a
cdedd9ea
17dcfaf9
04f5c903
0f0f03bc
c4d71500
e9d711cd
9a28d516
2215f2e6
ecc4d347
d0f1cff6
49fa0ae6
cd48c8fd
15dfd41d
e7eae9ea
ca25adec
f01436ce
dd172dea
1efee103
25e8dfd2
2b1b2537
19d2e0e6
b81a36d5
e1e31fa1
98d5dff6
0c18e6c4
0ff021cc
1c1d4214
0f0dcc01
10b9e8be
f002e7e0
e9f0e40a
b0e8c20c
d40f3017
f80cddcc
11d40c0e
f2dbebd6
d0d8e0fd
f2cedfd9
dc00d90c
2718fdeb
15f42204
1ece1501
021019d4
f23fdc28
0916164d
0af7d8ee
0c18c90b
d8f507d0
fbf0c40d
fc261101
152bffe9
0a18d641
05fae6f0
f7ecf7db
140cd518
c2fe1cfb
27ead4e1
1cf3e7fb
e5e72cd6
e1b2f8fe
2a171dcc
08d426f4
f016d6dc
fdf103d1
d818cc01
f7f2e5fa
1b080cf7
1309f81f
b808d8ef
16171df4
cdf4c90f
43182f05
f0fbfbe0
d1290bef
de0a530e
ecd50528
15cbcc12
fce61214
29ecd2d4
06051ffa
5204100f
c50fd5f4
1f221b2c
152b1b12
e5291117
e4f6190b
fa190fdb
0bf01af5
e1e012d6
f4dae5e8
12f408fb
cdce2002
1717f6eb
fd06200d
3927ec36
c206f21e
16f6fbf9
471bf4ee
0ff11af1
2109e1c9
fadd0e02
ffffc7d7
061ae01b
1afa24db
e4141605
ffe9fc1a
00fb0e04
f408cf01
1e33fb12
0fdf12fd
2bf6de03
061117d0
05e5fc2b
2cd1e90e
ef2818f1
0a112628
ff3e1c27
f1123503
110c070c
032be236
eff3d2fb
21231ef1
00d13025
03230c1a
fff5f5ce
eb35fdf1
411828e0
d0f20600
0de0140b
1930f82c
e8f72203
08cecc24
00280315
e2e0fb15
0af8de08
06170b25
19d5ebff
c82b22fb
edfc02db
00fbfd00
08fce8e1
f21ad4e6
0130dad9
d2d721e1
110ed7e9
0202ebfe
13fcd51d
d60d0f00
16f41900
4d141c05
0c22f605
090ede38
dff6f603
fafc2014
280c1300
d1bbe2c8
f4f908c8
0c2d0d18
1b14f1c3
151010df
41211be5
ec1018f6
ed06e316
ebffdeee
13ed0304
e0ff0259
332612fc
11f416ed
dde8dc08
fcb41f19
eb0c47cd
391409f8
d807b7f5
47183412
00f04bf7
ea011e11
0e3bee09
e2e4d31a
d10f1803
d4302226
0b37ff21
443cda1b
ef12184c
29fbd322
13d601f4
fdebfdd4
dd00e4e0
01eb04cf
2d0819ec
010a434b
1204ecff
fb23d2ff
f91f291a
1621f8fc
07e7e323
dcdcc529
fb2ed929
fe20f834
0a3ae016
060b291c
dfdce8fb
18332134
0bf21104
19f3d90a
f7e1d320
2bfec1f7
201211f0
01ddfc21
3519e7fc
ea1a1b26
e01efd07
2602172b
1e0f030b
06d629e8
eae31708
f5d9e02a
13c8cbcf
06ed160f
fcde05fc
351d07f2
f6152e05
333afd1a
41ca24da
df0c1f07
38182c17
15fffc01
29df181e
51fa030e
f810e0ed
e4dde8fa
2d1e23ee
f9050929
f7ff0bd8
d0160b20
d4ddd7fe
f006b9e9
e1093206
de03c33e
3a052316
15132318
1b0806de
08eaec25
ed22d62a
2de6b7fa
ce0f07e4
1ff5ecfc
2526ed1e
fbeef5ea
eafbf407
f6d0da1f
f0d80f21
052a0bcd
cc0327ee
e9eaee04
de23fa23
d5c2191b
fef101fa
e82ff4fc
ee1f23f4
2527cddc
16f8df1f
18f211ec
2013f9f2
d4e01925
df2fd8f9
1ef2230d
e9c4e204
f5cd2dec
1df4130b
f4f616cb
d6f1d7d9
0de601d9
1620cdc8
f409ddce
f0eaec03
121bf205
1d1e14cd
24e215d0
ea06d123
f501f9e8
15d00a1e
d4d7be17
17cfe3fe
1b1de807
e7f925f5
cddbdb13
0f11e3e9
d410f71a
e60cc003
21f1d818
edee1408
d7d60116
1819d707
d4f40e14
13f9f20e
f0bfe8e0
eef7fce0
ea2aeac1
d7cf0224
1fda08fe
fbe0d3f3
ed0a02f0
231cd622
d3ffe6e2
d9f80010
033bdf21
0af3cdf5
19d4d904
e81de1d6
fbceffe8
17031915
e10dd9da
fffed8bc
050df9d5
dfe3f30b
01151c1f
031d32d2
d0eefae3
28dbe1f2
cfd2d1e7
0e16cd18
f2070cc0
0de8cd29
d01811e5
0de30f08
0dd6cdfb
12fdf610
cbf4d0ef
0bd5ce09
0f20fff5
e4c71f1f
e0e824da
0722d109
0febdec3
24e6df0b
e3ffea1b
1e19f60c
1ff1f20e
f3eccd1f
f1f80524
1c27db28
e8f53100
0aff0614
111b18d1
e6fe001e
e6eaf208
d5ffeae2
d6011cde
c3d1dd0a
15220dea
2429dee8
e5db26f8
ef26c2dc
ed17ea1c
ec13cce9
f01bdae6
09e308dd
010fe8ce
0df6efe8
16decbef
0fdad7de
111ad6f6
f404e8ce
fbf20afb
1dd7de1d
2bff05e7
071f1f08
e4ee081a
cedaf8de
1a2bffe0
f6031ace
1bf2c518
d7f4eeda
02c33dfd
04e426ea
0108e90e
0a19e3fe
cffbcf14
db1410eb
ddd50c10
00d203fe
d8fed2f8
2912cf20
d2d916d3
e203f1e5
00d3cafb
e81adcfd
15ed07de
cde0f519
00dd00d3
d6fcf7f3
f71d2104
f81107d9
0610fabc
0600f912
e3cf2f24
03fad2f4
d4caf31f
020de4ee
c51708eb
e5161b0e
042908e1
24e4d7e8
e0fc16fd
cfd5c711
d4191819
11f01bef
d5feef14
e4f4e9f4
ece70cff
1fd2d8d4
0d02d5dc
f3fa0809
0501ead7
1ff6dccf
18271d20
00012be5
f70603e7
f90ded22
18cb13d8
1201d8c7
d5fc1d10
09251c19
15eed6d2
e1e9c917
1f2e04fa
f2eb0e19
d807faf1
efe0d51d
2dd1d9c7
e4ec0bd5
dee9f9dd
ec261fce
01f50503
eed9e2e7
f0bcd722
d8fe18da
c0f30dd5
f30ff11a
e4f0d70c
030e1521
cee801ec
000ae2d1
2b21e322
ecc50a12
fbf922d3
d3d124f8
09f0f1f2
e7d3cfe7
dfe9f9e0
2b0f00ca
1cdef5e8
32fb14f1
fa040ac8
f3e008ca
00ecdbff
fcdce61e
050bd402
251c1b14
08c6eadd
d9e0e3eb
140bebf8
e607e8fa
2624effa
f5fae2b5
2a2d0f0d
f7fcf5cb
3511e5f3
06d1f107
07e0061d
d91fd503
d01e28f1
02e100eb
022211cf
cfe3eacf
f4d1eef0
e502d510
182a05d1
0bf904ef
f012e0ef
d8d1f5f5
e6d023ef
0bf32801
ef0cf1ee
f50d09f7
e0d1e2f8
d4e4f2f2
301bf81a
e305230a
1b0c27bf
1cf2d2e8
1cd9d6d1
d825ed0f
f3122a1b
e113e313
e7d5decf
e91cfec0
ec310f13
03ee0bee
05f01a1a
f517041e
f11cf6d2
2a1b19db
d5d3060b
e415010e
3af81627
d2272e0d
17f5ead4
f8d3deca
2719d815
f2ea3102
f919d3d3
ddcf112a
fb1af7f1
f4e6232d
07ef20de
ebf2d62a
28cbf315
e5032c16
2113cbf6
0accf114
1adb20ec
23f6ece5
d6cc0805
2229e0f9
d916131c
fbdaf61a
18fbf2cf
df3213c7
1110fbee
e1dce20e
ef17d3f8
db041a43
13ede9e1
050dffef
0107e312
f21efc1c
1a20f0d5
d8292f1d
2310191c
fe1bd408
1ce5f803
2d0616f9
10f6f7e8
e4daceef
14220f0a
08cdf8cf
ddf41a0e
17020ddb
ddfdd31a
e421e324
34da2314
db0df2f6
f0fcd3e5
09e33e14
05de2554
191ecee3
310018f0
e032f107
cdebef26
04eb1acb
0e37f404
fff4d9e9
f520fb29
1926d3e5
dff54003
f3e4d912
d4f0151e
f5c6f7db
d3facdef
f30b0ef3
d9ead1e3
0ffe01d7
2808ffd1
e3f8d416
1abfdbd6
1a1ff9fd
3ef0f225
f0f9ce10
bbdee8f4
e0dcdbcd
faec1118
1a000f2c
2f103ec9
270bc80d
f00201f0
1efc0c06
d00cdc50
fae81cfe
11db281c
e936fc28
e3dfe804
3defd1e5
0c0007ea
fcf1195c
3a59d5fb
190c16e7
f0cc061d
18ecf93d
2411f705
0cc30cf3
f1d0e115
d5ca15f4
cdf3d926
edf4f2fc
25c90105
0316d4f3
f703d5cd
2dfc1bcb
3e0edc13
f7cdcf15
db0c11e0
b8d4e5df
171e14f4
13ebfb35
f3e922bd
e7e2b40c
e94d040b
deec3302
181cf0e1
1b0f0915
df1ed7dc
041cd80c
cbefeefd
0cf815ea
dce7f80f
d8edd32f
350a1913
0c12d54e
d4f4fbdf
1009091b
ff04e925
1f310c18
060cdad7
dcf7f310
da010214
1744c8dd
1bf91d39
e5cdfa0e
33d5d914
f5feffe6
331b110f
07e6e9c3
d3ee1204
1532e4fd
09dad9f2
24d9fc1a
09edf31e
f524f7e1
0706db1d
45ee3b16
180edcf7
dc0bdf30
471cf4eb
ece1f715
d61a111c
35e3eed9
fedaf01e
de36d9d1
155a152f
d81c14f2
1aeaf3f6
05db0708
2bcef760
d31a061b
da22ccfb
04d9f4de
d6141d19
d810080c
37f0133b
1ed527ed
f61e0d28
08f0d9e0
1cf30d01
d7dbed16
14e30be3
0d0523dd
23e1d401
14cc090d
4bba052f
f3fbe8cb
eddd0cf4
350921e5
3513e43f
eb3cd1ef
e7eb21fd
d914ef15
c5d5fdf7
37e60de7
1e1ad715
faefef0f
39fe2627
cb1f08f6
1b3406d4
d9e1f5f4
0c02034d
e31cd2ee
ff13092b
da2426fd
0df3e5d5
ff21fdea
35cf09d4
ee0827d9
12eac11c
fa210603
f91bd945
15e5e5d6
eee0e9d9
0a1edc1b
d3e6fd02
24cfda0f
2ce51f20
03e512ff
071f10c6
db220711
10ebe443
e70fc4fb
2eddd5ec
f72003d7
be05e408
ed27000b
e9f0e906
0433de06
dd2be7d4
1621dd3f
fd1613e5
1500eb25
24f8f5f6
d5d10005
f60817f3
dbeb07ef
28efd2fb
28242bf2
3f07f853
2ce32314
1a132aee
2f1afdea
2c43f90d
efede6d5
241a06e8
2ef9fd31
1cffd11c
fce8f514
ee1bf425
e500eced
d0cf1bdb
19db241f
202df600
fd37fa27
22daeff9
2afdd813
23d51035
fddded0e
dd1c23ef
f73cefea
fa2c281b
0f300e25
06ced4d6
2720d9e4
fa1f2205
d115dffa
d511e3cf
0416f2d3
081ecee5
fc140c19
1c35274e
00120810
1bf71425
deeb0cfb
1fd80f48
2c0cfdc8
d8f1d1f9
eb040029
ee1b1a11
24072b1a
0000093a
fdff2dc2
f2dcd9cd
2e061025
51eae815
ff4c0a3f
28081bee
da190ef1
e5210949
23cf06f5
1dfef212
e8230620
edf31d02
c81af73a
210a0ed6
d9e624fd
2fcddd38
07d5fe09
f6e905d4
1b240bf2
f1dd08ff
f2291202
2011edf2
c700fdc8
09e0bdf3
25e519cd
240a0112
1cdb04be
f32113e9
f1110beb
22e6cc2b
3bebf3c8
320f2e26
05e01902
d6ce1c13
36dc0af0
f6bae11e
ff16082e
290acbe7
e6fcecd3
06081809
c72728f1
e20cd919
fc1a10ed
3429cbe5
0fedf701
250f4010
e617112e
190fd028
210c0bd9
bcfeefe1
f016f316
e8dee0db
fc04ec0a
2204caeb
210ad5e6
e303fee9
2fe6aff6
210f07eb
cafcce03
0417efde
c3f5d3d4
d41af102
1815eafa
d3e0ebe4
0df3cadb
1e04f3d0
20c0fbda
f6b90f02
1e293623
01dce7ee
d5170900
d322f506
1ae6d506
00fffffb
df0a25f4
3642d728
d7d00a08
16053b22
f10003eb
29c6dc24
1e240d05
0de21bd9
eacbecef
0ff3020b
d6f91cf1
1db202ee
fd07d01d
f8e5c8d8
3b0ed1d1
24ff020c
d716ec04
d804d6fb
00e7f8cd
24ccf418
fdda0f29
09c922f0
05ddba08
e518ebd0
18d61ddb
0fde0a25
e208102d
121cf3b0
053131de
09f0f130
c6031efa
0226f826
f331da34
ecfa2611
020216fb
0018e412
2acef8d8
e4f4011c
d31ce5f9
cdf51c01
e1f5f5ff
c2d2d2e3
0c2711d6
d219f122
1926dfdc
0beeea15
1405f1ce
2df6f8f6
f2dfc8f8
c7d3def7
d9f9f3c6
e41f0a2a
e7edf505
f2d131aa
e8170ed3
e419f4fb
f1db0b14
1ce5e501
2121ebeb
e3ce06cd
e535f4ce
d2dcd62d
1bf3edc3
f7f4e3f6
071a060e
f211c0d2
fa36f721
3cd2fcd9
14d2000b
f024f234
05ec13ef
04080be5
fb1719f4
f7d00809
0efae4d5
d02bff16
f8ebd8e8
021cf8e1
001a07fb
d3c7b9d2
21ed1d15
fe27c3f5
f30508f6
f7dfea1a
1ed3e62a
eef128e5
d5220313
cc04fc0b
f90b320c
14d1d914
1e0917e4
23eae823
e6d9041b
ee2de621
f0e42126
20e1bad2
edfe1c38
0513d6f5
200efb23
03010225
0ccc052a
0af7e539
18f4dc07
ce0313fb
e8eb0417
1105e2dd
f12f3418
01f24ef6
050bcfe0
ef2af226
2607eae9
e5fbdb0e
120fffef
e10bfe15
fcd61fcc
f124f13d
03ce0216
01d20de1
eacfcedd
0df5cf14
32c7f4fb
3b233b15
0cf116e1
26d00b00
f130f509
d6021718
d0ed1915
2825ddea
e706ff31
1322f7ce
c4f6d320
0fdcf914
e4d9e73b
1f17ef00
0836f8fc
28f62d0b
f11ee203
f8d9d711
fbfb2917
edea350a
23ed32d1
cd20eff6
2efaf628
effae41f
edd6e120
1dd3f2fb
ecd4e0fe
0211d606
261b28f0
28d22c22
f4d40422
ed141be4
e2cff527
f215223e
17fa02f3
2bf4f8ce
e0242817
ff17d548
e8e318ca
062711d5
15f9e238
05fdef0d
daf8f628
1cd907d4
00c9d912
1de0d72d
d1e5d901
d3f4e9dd
0be60b1c
fa08110d
0905fa2c
27e9050e
dc1b0306
14ffe005
f40c27e0
f9f51cc8
26110fd3
0715ebc8
1d23171a
0cefeb3a
1733161b
1712f52d
19ef3606
1de9f90a
0cedf2e8
e4ed07ea
08230ef2
fdcf1ddc
fe1d2e27
18dbea2e
05dbddcc
f90c06f2
f1fdcb06
08f70dff
e81fcc1f
f4d40f11
1ef0ec23
18f91e1d
120c0de3
0ff70ddd
f03601fd
241e0000
0532fe03
d72f00f2
1be3f20e
e61410cc
361413df
19140b21
201ee4e7
f3edeb16
09d3fee7
0e210e0f
1ee005da
f9eee90d
fceff322
e8e0d618
ef2d23e4
13ef1fe5
d7fcd71d
f5e7d428
f81a00d5
12d6041a
eb14e8e6
e7f7f0fe
f03cf432
09ff4408
d905d134
3e0e13cd
df07dcfc
f604052d
00f71a04
0c29081a
02e2f1e5
1616fc16
01302ad5
d8374cef
1a2636f2
f2ef010d
11daf2e6
12ef1d01
e2021811
d6e2c7fe
252b23e7
e4f12b08
00d91f1e
1622e9e6
dde0de25
20f919d8
f426d9f2
21ed292f
fa23b52c
2d080005
06e9fde9
00da1e36
d8ef28f7
e9cec71c
e2210ff9
ff35edd7
d304fb35
d3fafee7
2824ebe5
d621f736
260f231f
f8d9deda
f3123afc
cf0ae90a
02e0deda
14db0fe9
f2d5ffdc
d0e203f2
0a16ceee
3de9c800
c00800ca
e7d911d3
23f5ede3
0509efe7
c60ae2e3
edf62de1
d116fa1d
0dee231a
0cd2f2ee
f6fccffd
1b2cdadc
29ece216
d325ec00
20d423f7
2727d5ea
eecec415
fa25ecca
2614c3eb
0203fb1f
efe04821
0bceccfe
fbeb151a
d521e727
d223fbfc
09f64224
bbed22fe
1afa0504
290df1e2
ddda1e2c
b3eeb728
cdd306fe
edff0a0f
d0ffc4e3
dfed19c7
bdc40ed0
1de3d21b
c2d9ff1a
30d14cd7
f8f3ca21
2201d9da
2cbf1a22
d5e0d92e
ded3d5f4
0b02dcd7
c11ce2cd
f308ff1e
de07e8f4
f8dfc629
11f21e15
dc19f6f6
cdd909f6
fa03401a
0f23f3ef
c5da212b
fe28e311
d9e6c80a
07feea27
150517e1
0c04e4df
0ec1ecef
03e9cdfe
dae7f8d2
d61fced5
1dd2f8e9
ec05efc2
d91ad9c5
f01ce4dc
fafb0f0c
d916f703
f1ceef10
f20ce4fc
dfdd1ed2
ecc9051e
edf6c519
d420ecd6
15db0017
bc18ec13
02cf1609
cec920e4
01dbede9
0cf3d9d3
f238f1e5
f01e112c
1c0cd0d4
fed419fa
1fdafc2b
1fee0508
fef00aff
0f0d1ad4
20fd09e4
f2ea1ffb
232e1716
f1f3f0e5
19edf5ec
2ee0ef22
3a06d835
e91509fd
2610dec6
3a0bfb1a
e0cdee13
1314e8fa
21f01cf6
def908e0
eef9e808
21dd3bff
e1bfcdea
cc13c7e0
4d22ee2d
2027e317
05002d4e
061813f8
04ca19e0
11521f22
e2490dce
d5f41dff
fbfa19d4
1c1afb25
13cf02f0
f007fdfb
d6d815fa
f40f1c01
f428fd1b
ef01e5c3
1adc0efc
d43009e3
010f11cc
02df010e
f6ded42a
1014fb18
e3e40ff4
2422e7dd
d9cfe915
fa25e936
d5cd120b
de01e803
14e7cffb
0e0442fd
1a16cc0b
e12fef25
11fa2935
0418e427
221c2237
fce5d6d6
18ee1929
0500d908
0efb0f33
f0eae71b
e20c02d3
00f0f731
fff7ef31
efe1fb10
e3eef0fb
f4fc1ce9
f319ef04
cd2adbe2
d5dcee35
f9191df9
c7c6dbe6
3c26c1d9
1b1ad9f8
d40bd61b
23f01ae2
d80112e2
1601da10
141c24d0
321538f6
ebeedde1
d7f0dcee
fbd83e11
25fcec1d
f3e902ec
31fff7f2
e5d9fdec
17f0f1fa
e0dbf3ca
1ad005fb
222717d1
bd27d6f6
dee11823
fcf4ec1c
0dd711ee
45de2034
dbd6f7f0
0cd1e2d2
1beefa1c
2b001210
fb4c2106
17152159
d9210605
ec001bde
25ead4d9
ee3f2130
301ff106
ef110dde
2016d9ee
08f20522
34281820
112014e2
f804f0d9
08f9d124
04e42716
f2e708f7
2230cb19
4bccf010
2c0d04d4
e9ea121a
f7c60923
17fe0f12
210e0bfa
eb4ec60e
0fef0f08
0bcb10cd
ef28cf1e
22d9f31c
edf90714
f0d92309
d1f822cd
fee8fae4
f622f418
151df528
03f3e82b
0a19f6ec
e5f7cde7
2c130541
0ad802d4
25e6db18
f135f1f0
d60be137
17321e23
e8ed4707
da0ec818
e1e308dc
2113fd19
0ff4fe2a
dd330944
1dfce42c
fce71f0c
f8e7f715
1adbf6ee
eb05e2dc
da27ebf3
f32fc6ed
fb1ed61b
0621d319
ceef1ce5
11eae643
081f0818
f0e6f4f2
1fe40919
cdfbe3f9
e3ff3af3
352f1125
051bf8dd
0edbaaee
fbfac5dc
e021e51d
ece8dad8
df101bee
d939f9c8
1d2adf0e
16301fe3
05d6012c
e8e720d0
f3eff51e
0adaea24
45fdebf2
0144f81a
0af7e934
1ff433dd
1108221c
e003efed
083fc1da
d8d3e622
f718dad7
dc04e924
15f8fad8
e71ce418
dfc9d9ee
0ee810ea
1a29dbfa
1ff4f3d5
dbfce1cc
de1fdd1c
1fdeef0c
e9f7e903
ebd9fde9
3114e819
f22cdef8
ce26cd13
09cfd2f6
c60ce321
1f05ec24
20f82000
1fd637cd
cc03f319
153c11fd
1ad72005
21d923f8
141e2326
260cd72b
fa241025
1ed7e30b
f6fc2325
e42ac517
20e5d055
f530010f
e3f8dce7
22d21106
f3ed15db
3300282e
20021e1c
f200fced
faca3417
e6da1dfe
231cfe1b
22e2210d
d6fd19ea
d7caf8e1
23e2e8db
3becf901
fc0525ff
e8080aed
d9dbd8f9
2a11f228
10dbe80c
eacf04fc
fb03f51e
ff07f412
f4d9322d
192a3221
1aea1c1d
21e5d8dd
0a0aeb02
e5f631dc
ec3cda0b
1a38dbfd
d0000209
0846f4ee
1b2ad02d
180929e1
f711e9df
e7e9d7e5
d5ed07d4
13d017df
e7062ce5
c30fd723
1404ebdf
00e23a12
dc030911
e7052209
e90f0e0e
48dbcfca
f3d5cd14
ee1b15f5
e3f12200
d7ceeae3
361a0739
0bfe49b7
e8e0d9fc
d040cfd8
f7fa1aea
19f9dc1a
d703c911
04f70bbb
e01328e6
d1010502
f721ceca
def40a28
d82edb08
1e2ae0ec
1617f628
ea1fed1f
f5eed5c8
de0bf62c
100a001d
0be607f8
f818031e
0ce50426
d92be62a
ddd8fe1f
31f6ec09
d9def4d6
1718e914
09eafede
d9c60b0e
0518f8dc
222a0714
dce3ea2a
db1dd9e0
3dcf0521
f1fad7e2
f535d80b
eb152c05
100cfa11
112a11ea
1e2229fb
d81deddd
feeef70b
1123cfdf
05e7c911
07242610
ea48f4f1
eae2d532
d40f2b1b
2310dc0b
fa27ec2b
072522e0
0106f1e0
eeebe130
bf0c28ef
2913f1cc
ff08d32d
2006fdf4
04f0e4dc
fe190d17
1ff9d533
ecf4db22
01fae1d8
cf36e601
e9e80334
33ebe70c
f7c00919
f1c7e3e0
06f8f4d0
20c736fd
00001dfe
1ee01734
13fef3f3
0d1f2c16
f112d5f2
f5f6ffd5
0be3dbdd
02f80b22
322ff02e
ed1805ea
2a2519f1
25e008eb
faf2e8eb
0bd2d0df
32ff0701
e4df17d3
1817fb0a
f7fd1313
fe27dc0c
ef1dffc2
fce400ef
1edae502
19f12326
fcfd0af2
e61f0ffe
fedf03e1
de0510e3
190efd21
4af90de7
e7f4fcf0
e1f60cf1
08da1000
fa132620
da2001fc
0ff014d9
1f2820f3
0deb03f0
d31307f7
02fd2802
f42e0128
df1520ff
c4480242
18d1f008
eb04edde
f8d5d7d7
08ffe2f7
f41ded0d
f510ecd6
f028ddff
0dc7ccfa
20e73622
06200c1c
423430d2
152d2024
072df623
fdd2e4d2
eaf8f2cb
05171436
f3cff321
e5e12819
1112f506
e3e81115
eb1dd6dc
f5000d1b
3901330e
0d02142e
44f5fa09
cc1dcf1f
eefdc426
20f7e1dc
f0cff7e8
2834d2e4
1204fb1c
d13ce542
20ddff0d
0fe0261c
eaff222c
13f00a13
1801f717
08d70b24
22d515d2
ed28e0c7
0c1e3cdf
061e240c
32f31425
e22df01e
dace2c1d
190c0a1b
d6e71ce4
f2eaf039
d3071908
f500d6dd
3017f11a
dbfbebff
d02acce3
40d9e3d6
3bf206e6
dd380806
0212e3ff
050ecbd6
d3eeddfa
19fedbfa
132c131e
1e12f9dc
ed06fcf0
1ffedf27
0110f6f6
26100735
27fefd1d
1ef407ee
1cc91eeb
e9dd18de
e303f0dd
21d31b1f
162309c2
e3f829c5
2d32e627
2d33e6cf
f3190b23
0cea3afb
0225171e
00e8d0ec
1dd3fef2
d91bcd0b
01fad508
26fa1ffe
0f1f1206
1ce21d14
f1f7eb37
f2df0cf6
0409eb1d
df01ece5
f31a2629
0e0b2721
06fbe312
e50ce3d9
f5fad00c
06cee9f8
fdfd101d
050becd4
2104ea14
27e51ef1
09f3e718
1b16f5e1
ecea1ad9
fe03e508
f60fd518
f8df20f1
1bf0deda
0d1622f0
28dc2cf4
1200cd16
2a28eb16
2f30f217
06f3081a
2c2703fd
fb071ef1
240fe8ff
230608da
e3fd08ec
f021dd12
e403f921
2003f8cf
ec10d612
150a1d02
1230eef7
fb1bd9df
04f31c01
dc2d0b26
dae3f404
ed17fdee
09fc210d
01f40804
d41523e2
1a23eed7
ddf90e19
1d021001
28e12e1d
e61a092c
fff0e427
04f50413
fc1820e8
1731fa1c
032a0edd
00facf1e
d91fd42c
fb1522f2
0cdcf0ee
16fe0215
26d91204
03fd1b35
ef25ffda
f728dffb
04f1dbe8
e40ce2e8
fedcd924
042b01fe
eeef1af6
d31f22d3
2816f6f8
da33e90f
0c221cea
e6daf2f8
ef26eefd
d3eedbe5
13df02e1
0be72320
f5112a14
2ad017f9
e708e72e
f6ee1c0b
ed0ad309
f60cf1ef
25f610fe
02eae517
0ed7f8d7
29f20517
070613f6
e526291b
15dbd60d
d0e7d101
fe1c0625
d4fc1709
eb1a1dff
e3fa02d1
d91019f8
f9052cd5
241cdefa
1c0b1d1d
1aecf831
e9d5201d
20d8f9df
301404e2
d72d0ae4
ec1ada29
3308f5d2
efdcf9e7
2524fa1d
efd6f32a
21070007
32efdc1c
1a25e9eb
0621e4e3
fa0c2914
0b0809fc
00d50405
242a29f5
ed002404
2df826de
f7171728
022b0d00
f429d9dd
0fe8ddde
e2fbe302
d4d80525
10ff0a06
d8f2071f
e4fe1220
10fa30fd
08e5e234
e10dfc21
eef9ebee
24e717f7
11d3f11a
dde72219
ced8050e
e626f8de
282bd4e6
f2ede41b
f8ffe90a
fd201d06
e1f4edf1
f71b020d
0ce808e1
fb1afaea
1a0ee0ff
0af420fd
22dfefe4
25efdffe
21e9d617
1dd01be9
ef28db28
fb13dd05
00e614d5
06fb05f5
17fae40a
2d1d0eda
0521fdde
faeddd30
100cd728
d726fc05
eeebfb19
2be3200f
260bd806
08063205
d1eee923
26f8cbdf
e6e6fd19
17ec27d4
1c0d18e6
d7f7fdf1
13e203ea
e0d7d5f8
f904d3fd
1a0c2cf1
002f1c18
d4201830
0bff0623
de0024d7
1ad81bf6
ff290326
18f1d617
e1f50aec
282de2f1
1be70bd7
2904e208
e112de19
dcfff11e
08e9d90b
eaf507d7
2b31d32f
d014ffd7
27ebec1a
22fae5d3
e7dad4ea
e0e226d0
122b2a00
000829d7
d4ed26f1
272224f6
eee2f013
f41001ea
e71218d4
22dde4db
23d3ed12
f3e0f800
25181b05
e6e4072c
151dda11
0ffee8ea
03160be4
0f0b2ad8
df14ee0f
dde11cee
0af82b07
21cdf509
1bfc16d6
db20f5ed
ddd6f203
202f2ee3
ecfa1ff7
1a0ce212
06fef810
cfe50ee5
e6fd2a30
20dcfd25
1bd618f6
f6e3e1ef
dbe6d5e4
df290909
ff291bec
e4e71511
da0316fa
2c151823
ff0be6f8
e8261806
eee2ea22
0fd71613
1bffdaf5
10fb21d6
d12aff2b
0ed6f5e6
26ea2c18
0c12ffd6
2af11adb
2e121226
112c25f5
ed1012eb
e7effcf4
2015ec05
2af0e1d8
2ff12df2
dff5f016
25f0fa21
edfeee02
df0af6d4
15042321
29d8031e
fb2d1aea
e1102828
09f905de
1edb1106
e3280f07
ebf70bf3
ead8fc15
0d14ecdd
fef72422
f2e211f8
df26e4f5
e323de0e
f501d204
1516d7fe
140413da
efe02bd4
2d0725fb
def8df02
0ae8f9e0
2425dadb
1421f925
1ce5e731
d322fae4
e3e0d800
de112926
e92adff7
1a0e06e3
efd8f40a
162b06d9
05140824
0be2ee2d
1714fb1c
d308eff9
05dff5e8
08080f03
d2fb08e8
1c230307
222b050b
0ecffee8
f500edd2
09c915e9
e819dbf8
28fa01fd
e30337d9
fcd9e40b
ebeab7f1
d5d617b0
ce1aeaf4
171cfc0a
f7e40d0b
32edf8c3
f5120502
090b21fe
0af5fa06
f31107d0
d928eb29
0ff819f7
1bf4cd06
f504d4c3
17e2e5e1
03d2f128
f4200a1f
df0316fd
df2b0926
d6cfdf09
1c3024fd
fc20040e
220d181b
450b151d
0bf02421
cdd348d7
ece20004
01fbef20
d407cfd2
0b0fd606
08fd42ed
e6f7f30c
20d4ade9
240418c3
fcf8cfdd
d72beef0
06d5e212
320fc81f
10efc8e6
ffd420d6
bad2230b
e80207d3
e808d416
23d6f9cd
efe0bbe0
29f6d8d8
ea050c0a
e5111a2f
fcd808fd
2a1b25ee
f20ef91d
f2e5fdef
20241302
061cfd23
0d300e0d
45eb1a02
e213d3de
04024917
f5de0a00
dc13fffa
f7ecd70d
29231813
f3201a00
cddf211b
35cfb516
d3ead4cf
0a1dca11
ff08011b
01181620
1c07f9d4
02050a21
d21dd4f1
eff601f2
e8292309
d014fbda
23d80317
1de4cf27
14edf20b
1dd512fd
e02ee007
1b21e315
33e3e602
f90df5f1
d6d030e8
24e90b17
f1fee3e6
24f2dce8
eb29dc16
e2d51f26
c5da0fd7
da1b1409
1a151c32
17cf1324
201108d4
0a1222e6
e50c0929
fa1ad4c3
2e0ef9fc
2921f120
002fe421
14130dd1
0bf2d6ce
e6d4fedd
ea00fee9
0434fde6
f8fce800
e528d736
26203812
f3ebefd1
140128e2
07f30fef
d2f92126
cf2006dc
26f31638
c43ed914
e3d2ef4a
1b230c05
28f5cd1d
ce1cfedd
27140641
11eef534
fd121eec
00d81adb
0123e023
f0f216f4
332408fa
0a13e9ea
15d81e14
0ce7cad8
3a31c70a
112c1520
06edc4fd
e1182ad9
38110208
f91208e0
dbee21f1
02e3f4db
1d01d605
ce2dc324
2ecd32fd
f5c602f8
0c1d0508
43221cd5
f9f82017
d434d03e
39d5fafc
cd0fd1f5
e6da04ef
f6070714
0726facf
f843e91b
fe3616e3
27e2e00a
da1f27cc
1be205bf
d71eff1f
1300f507
190a19ea
14f4ff20
1100fad4
2f22f7ee
0918deda
def60913
dcecd2e1
0deb1804
40040920
12e50c03
311111fb
0615df1a
2715fcc6
de12e201
11e222eb
d8df1805
24d5f9df
ffda00e4
0600e248
e20ef527
eefa1c08
f8fff1e6
0eee17eb
1200d5fc
d20aedeb
e708d7f1
dd221808
fd0c0c05
f3f416cd
0b2501dd
1d18db38
16d427e5
2ef2eae7
dc0edc0a
1aeb1700
252302e2
ebf41604
2624fe14
e4ffcde6
df1716fa
1dd72fe9
e6ef04e7
d42603f8
fbd6e31e
e801fbd5
10ee0df4
f832e2ee
d1e714e2
ddf4f9d6
31fee722
eedde839
0939e525
f51dd608
1b39ee16
e42308f1
1bd50500
e4de2bf5
e8e7f7da
090838df
0d4a221f
d5e80101
f0e2d1cc
e7d7241a
16e0d6fd
0604dc12
cf281709
00f5ff21
0ddeecd5
0402ef01
fad509fb
ebfacee7
cbdd2ce1
def22926
e3e3ec08
eb18d702
0210dfff
001601e0
0c370b0a
fe0ff40d
13f022d3
06d70bf8
32d8f5ff
4800f107
f431fe18
5003d630
e6f9d9eb
271b28eb
d702d621
22ea35e4
d5e9e825
27e9f0fc
ee31d5f7
ea1d22dd
e70cf202
ee16ee04
0a0a1a13
1de917ec
eaccf41e
e7dcf412
dc0bfc05
e618d818
211301dc
1736dd15
d501d906
34d006f9
2c20e12a
2015fe0f
02fedd2f
0ad4ef21
cdf1f7fa
0d1f1d14
26c3e5fa
dcc92604
381e21fd
eee9fbfa
e933df17
21cecfda
2709eb26
f81dda1f
031d06ef
ca151dd2
f0f41d03
f41006fd
042cd7ec
1cf739e1
eae1fa26
e8f11d31
d0fbfd25
f621f3f2
fc0439e3
0ed9dccb
f5193cf5
27f4190f
0feed1fb
e2e43be4
1a14eade
080b20da
eedff8f1
130dd823
0406ddce
201608f3
24f2cfcd
20cc3207
1bfaf8fd
0825fbf6
ddef0ae4
df08df35
fd061522
e0f20cd5
101dfce5
09e60700
0c2c1000
1d30f4ef
e0f7f433
232c0028
ced5d5dc
daf0140a
2413d41b
1df2ec11
cb29d7fb
1f10f316
f6f722ed
e4ef21e6
242a282b
19c7e819
f60becd2
1eebf20c
35dc1e23
3eecf0fa
0d141d18
d719fbf6
f909e7cc
0bca0417
ee16ecea
eb01d9e4
2032ecf6
1522151c
320626d0
32fbdf0f
d717e3e6
f90bf1fd
29002207
1ff0d5d6
0510f6ef
0418e5fb
0cf4eef5
08f40430
2020ea1c
f10b0df7
d712ebd9
e717e915
25fdd100
2c21ee06
e2d3371e
10f0dff8
faf9ff1f
defff7c2
ce2601d5
f6e41de6
05d81c02
1801e605
ced00024
ccf6030e
25caeadb
1f1ee3e7
1608c2ed
1ad70dcb
ebffc2e6
d2f415fd
180f1f22
1bf3d0df
d2f8f7ef
f916df12
f62d20df
0004c709
cf12f4c0
1d1217f8
22e10d38
0bf5da1a
d62326f6
ec10f7d1
e708e80c
d018d43b
1d13d1fb
ee0b1bc6
d4f125f3
fafcef0f
01f11cf7
edf725ec
1bf6ddf3
e50cdcd4
2ddcfd03
0ef528d2
ec161eda
15ce0720
f11cdcfc
020bcde7
fef9e8bf
39e2fdf1
18db00db
eb12f2c8
eb10f818
19d4d4e7
fe0ad41d
3416121e
310f23ce
0c13bf2b
0017dd0f
18e7efe9
fc0f0ce7
f30c1be2
16e410ef
cb10f6df
1417d331
d90affeb
d1ff05da
da18f012
05d2061a
1817dc1b
e42c2f1e
1d25e2d6
f91ffe06
def6d804
03262cf2
25e4e8f6
f21be90c
29eb1edb
d21c15f3
1c14e5ee
03dbe3d3
42d30421
d7e6230d
dae6face
2e0f2a1f
ebe9cfee
e818ebe1
e5fe1a2a
e61cfff4
05120415
d53515dc
f3da1d20
0bd80beb
3030df28
1e2ee031
0b0739fa
e6ee0cf3
cdc6f33b
1cec1ac5
0ed730f1
e52611da
faf016e5
262e1be1
efd1d0c6
faeff2dd
120cdc1d
2cef1acc
3a0a02f0
0c11f5f2
1bfb141c
fe0dd8fb
04ee0a26
171becdf
2ed5f0e7
d8eee6ea
0efcd6e7
fd0a1d00
edf40cf6
de15d612
150dfbd7
dd1f2105
04e11fc8
f616d412
de18f8d4
f80d0ee7
05eb0a2c
1428f52e
ea19ecff
001c062d
2307e701
d6fae825
0aedf0e1
d9f11fd6
ea141e20
e4dded17
f7f8edcc
22e2d9d9
1927f6d0
eee2d3fd
d7e3f5e1
e6feec16
f1192901
29ddee2c
e1cfdbe3
ff23ee15
e839d1e3
db16fbda
09dcd30a
ea19db13
42f80ff2
ce0c02f9
2cfef20c
201eecfd
06def826
0e0505d8
f002fc06
29dcc9ff
18ea2926
ebf4ca17
f3190dd7
f8d10802
d81ddae5
2016d830
20f920eb
2a1c12d8
081defdb
250dfc27
ebfef4dd
d603fcdc
06e22af9
dff9ff14
32ed0cec
14ed32f4
0be6f7de
f2f80401
e9e9de3c
dd2215d8
2d06daff
1800321d
e81ff926
3d3bfee4
1000f708
daf1c308
2bd4042c
0fe1031d
e0db1130
f232d1f6
1d0af9ca
ff1a1e27
0a1a19eb
2118fd08
1702ebec
df03e80d
ceceff21
e111160a
05cc300d
fde70cf6
2c12cbf3
11e6dbe4
f5fa11dc
0ef0ecf6
1a33fd0a
ebfd32e5
2a0d2334
14fb3ef6
efd7e935
db22f4f9
1ade2af1
082fc9fe
0d25deff
1410ecca
d4ede2dc
2312e9ee
f8edd3d9
de31e4f2
e5e41ef5
e21dd72d
fe11fa14
1edbe3f6
11efea13
031808d3
c5d31efa
1dfd3422
17d21102
cc2cfae1
ef12f2c1
dc092210
03d8ec21
fad007e5
18e2cfc3
3b223aef
35e015de
d1fddd2d
2d16e80d
19fcd6f6
bc080cfa
2adc3807
2106fc3e
2cf20d31
2716020a
f6300fd3
022e0117
cff6fbe6
0beb0336
1b10ce1a
f4f110e2
ff280a31
2d1c0efa
f2e617c5
2405e90b
06f2ffff
dbccf5e1
03e6d2bb
24ef34dc
e318e334
e9e0fb23
0dd204c9
de061c1b
22f5d616
de15f4e5
d4d2e1ee
f229d702
e4083244
1b14fc0a
08e9ebdd
0429f526
fe1fdbe6
1b171f01
f5da2e07
f1c5182a
11d20612
f80fdb19
e0e61901
d802d527
d03bf115
eae810f4
0f3c1629
d4e2d7e9
d208e219
201f0a1b
eb0b260a
38fec4ec
261b2d06
fc1ffade
1301d9ae
efcef1d8
16fd1cf0
efe9c3f8
dad80fff
c00719ed
cadf0c1b
36e61e12
fdcee816
e60623f4
e9100919
08f118cd
130d1924
fb3317f5
f31deae9
08e130fa
28bd07f3
efdf1f3c
36e7132e
e718e6cc
edcc2526
ec3ec913
d7000ddd
d2dc1c41
14eff219
18c5f6e4
d2fe23e4
2c0d051f
351709fb
121fdd1c
120ae220
000725d4
1a1ae30d
eae525dd
d6efe61c
15f2f806
23dccb1c
ed26e0c1
eaecd012
d6f517eb
e0f0d219
01fad2ca
21fa3217
11ec07db
07db00f7
f5ed440f
fd18de07
e00e221d
34071b06
fde41f40
20fe1c1e
ea2405e1
fd0c041d
e33af2d6
fd100cd2
df0efc36
ff2df506
24010cd6
fbdb2409
ecf8f8fc
1ce506dd
0d01041e
da032100
dde8edcf
c10c11eb
e5cff6ec
f3f4160b
d9e4c6e7
17caed01
c5dfd60e
e2cdf2df
c4ec04e6
d31ef4cb
1810ebe0
f22d0ef0
ee212cfc
c914ef33
f72bfc18
2f1eebee
c9172be6
06f03beb
1b14ec07
2b24dbf5
d1091307
eddf1ce1
d935f339
1b1bf901
1af2ea39
2224f8fa
e4e2051d
06dcf9e7
2818fd14
fbe8e800
f91312de
f7e5e8ee
e1dd34c9
f8ff1dbf
28cf23fe
061b011a
da20e9e5
d1de0efd
d5e1e715
db062ce9
051d381c
edf4e2cd
23faffda
2718172c
e5ec3318
b52b041a
2239020a
22eef6f9
cde62bf1
32cdea08
e5c8163c
1f0bf8fb
000efcdc
20c6ea32
df31e72a
d0f3e614
c00d0e32
06f4c6f6
0ab6e40d
05dbe51e
cc26c115
0fc61beb
3f240016
281dfe1e
eb0949d4
16f503d8
c1d534ea
d4e709dd
2f1f1726
e90f10eb
dbf6cfc9
ce0f02c2
24d8f003
fc12e218
19efefe5
40f81332
2c20d30b
c024ea05
3002f2f0
0bcdeebd
ddee3ee5
12e818f8
fc09d719
f0fcd62b
000feee2
f72828e1
182611f6
060f14fa
19fe0d42
f21bcccc
08fe1b0c
15f30cfd
200a02fe
f60e0de4
fd0dfcdc
e1fdc9fc
14072207
1011d730
07d7d9d4
f8f0f81f
20f6e0fe
22fcfe1c
f907f8cb
0dffdf00
01f44015
d71309e4
44361103
e60beb17
ebdd3b42
12e2d1d8
20211c15
22ca2005
1414f0fd
3ec2f22c
05131740
10d4e6ed
d01f1027
080cff0f
e9f40c1a
112e382d
c709e6f4
f63f1a11
0e221305
fe15e72c
0e1bd12e
3bd216ea
4bd9ea01
d0dc05df
dbdde50a
fee6fd24
f809dbf2
0b1be8e1
272a1af3
e509090a
050e1ec1
0debd6fd
27190c06
e710ce1d
393203f0
17fe0b4a
3312fa0a
dddbe6e5
1ddb3206
d8f600d6
e5d92728
070cfa14
14f7e43d
ffe7e6dd
e6effce3
2ad521df
211f0a27
cf37d9eb
15f0d623
0016d11a
21f4f5ee
d1d10b16
1dd5dc0d
21bc3bbb
f3ed3210
0eda080e
0b2411e1
100a18e6
f325eafe
00f62cf7
bbeed417
23dae6e1
e3e500d1
28edd507
e3f032f6
1f0700e6
fbcc13d6
e4ff31fc
30da21e1
d9f5340c
15eeddfd
27d5db0e
dde6dfd9
15f41017
f42e2aea
0bf4d0f8
cf280717
0713fd35
d9f3d5e6
e10f27bd
2bdedc01
dc0229ff
ea0b230d
033ae21c
2ef9f2f4
e00fd6ec
fed52907
1301e1ce
ec0223ef
e21e12fd
17e4d9f8
ed052811
f9df19d2
130efe00
a9fd0bec
ec0cff02
221608ec
1af71a08
3300e5c6
f118d80d
292734e5
fc2a051e
1cd8e805
15001fd3
0a152321
e702f2f6
fdd4dc0f
fe031e08
0916d71c
081320d6
d414cb0e
f5f7eabf
d9cfd22d
e3f50a0d
3115f6ee
de2be635
102af025
e2fee4ed
1afe13dd
18c623e8
1c06fae5
d0020ec3
0709fef1
ed1a022b
e71913d0
f4c608dd
fce7f8ed
e000dcef
cad0f4e1
0df5fed8
01080b12
1d12d2e3
f106fadd
be2bff26
df062d1d
e5f3f5e3
08c7101c
dbfd0621
12002306
0d02f1e5
d4d6e2d4
f5d524ee
f4d71bf2
dce1d500
0701d616
dbf3f4e1
00b9fc34
ef0ae6f8
d9fdfd18
efedf5de
17ff07f3
dad80a1b
cedb28e8
ff1a09f2
00f1e51d
f41c20f2
eafdf5dd
1de3fa08
d1fd08ed
eecf0703
25df10f4
23ead6e1
2e0fd3f8
05f4e10a
1a0a3138
d8da02ec
1ed81117
0fd903e0
1bffe6e0
280a31d6
fdeb0133
f5e407dd
10ea1c32
ee08eb47
f2ed1c03
c5fc1bdc
ecf2e616
0d0f2e13
0ff0d0cf
f7ff2b15
f92fe938
fe1c1507
1519df2a
0a1a22fd
cbf11af7
e9111902
ef27f003
d300f0ff
16d8d207
10ede03c
1bcc0fde
fdc7c1f3
0b270a1d
e71d27f7
fc15fdca
0b15391d
1ad5323c
d303ff25
2ffa18f3
e0fb3417
103a2408
0f0b3b2a
23100de6
02dee331
fefdee32
f1dff427
f1f8cddd
00031ec6
e5ee0621
d22b1510
07e2f7e1
1418effd
0726ea0c
f3e90319
0fd219e7
e2c83002
24f6f2c2
c1fe090d
21e70422
d6111e1b
e21b13d6
1edb0501
c809fd25
0e0fda28
b8e22aef
e61122cc
2529e5f8
221de218
e4d626fa
f2d71e04
3503f3df
1bcf0e16
d329331c
df092e09
f80c27f3
fac7101d
29fd0d34
eaf72e0b
e0fd121a
fd2e210d
f210fc1b
1f36de0c
0904cc05
e1f72d21
1b26e33e
ed11f6c8
f20cef01
28d3d000
c9ea36dc
d7e3cffd
db2d23dc
05dc1ecf
1bfded17
01cf0d0b
f6e21f19
20f2facc
2acffaea
dcec1bc7
1cebeef2
ee230d43
f5d6fc0c
c2d22cd8
07091e02
0ddc24d3
fd44ffd8
260d2ad9
1713f21a
0dd6f219
1711e80b
331f19f7
f92f1904
c609eddd
20cbfae0
df291ff8
09170b2d
f90f20e9
00e3d6f0
02e902cd
f403f82b
01041be4
d0180ce1
fce42513
de0b27e9
07dd1520
19e930f2
d9f5e524
30dce124
db03cb04
1a152cf6
02ddead3
222bead0
08f61547
e6d5fa33
d4f5e336
04193ff2
1fe909ef
030330c8
27eef5f2
20f2d408
23071904
04f81d36
2bfdf0f7
c92a2412
0af72602
090f00fe
f3f7e0d9
f924062a
e6e829ec
ee1bbb1d
05f9f114
41ddebfa
dffcd51b
2c27ff0e
001ff110
1527ea24
f5d3fd07
4fcff7ea
d6fcf702
33d41019
0be9d92b
afdf02c4
d70adac9
ef14faf4
f6fa3436
26fde1e6
17d90034
2e1d3fd5
e317ebf0
c9e40420
fc0325f1
0af81dfe
11c90fd0
03f8e001
ffec22ff
120ee8d6
f11227ed
cecee914
05de0bd7
19ed0007
162c1a1a
1205cf53
fbd6ea0c
230b0af6
e7d917f2
e5d52c14
18dbdf18
f4f3f4d9
0cf8e424
3223df1c
2114e20f
e8f101ed
f30710de
0b06e50d
0ae3f61f
1ff208d4
d4111fee
06e9280e
d1f0221a
f81e29fe
4c0bd8f6
ee450722
01e1ea01
1502170d
ec0c0f30
eeeef240
19f4daea
cdf801ef
27fb00f6
1e1df91a
15160cf6
4bece917
cf2d1bf8
1fdb00e9
27da14f0
01d50e49
d0f4cd2a
01fbff27
1eefd6e7
efefef11
08e2163a
edcecf18
d40f24f9
e2d11602
f5daee1c
f803f5f0
dc10d2da
10f003e5
f9331820
14fe5e34
d61a021c
07f9d8f3
1e25ed22
120314ec
df15f8e5
18de113d
dcf32733
d316080e
102831dc
ebfc0b0f
defb1cde
2ada181f
d1e9110f
3b071911
09470bce
19ec24d0
4bd24815
3f1df641
17dce027
13e62d1d
1d1316e3
1de613dc
05e41a0b
fd1308cc
2c000a18
09d6ddd9
e9fcde12
03e92d24
29efd60b
cf1aecd8
fb0d5801
03e23942
fce424e1
d0e1cd05
1ae0fc24
0dff2200
cb01dee8
21e7e629
d3daeae2
1fdd09f0
0c120c03
0002e6ed
033fff24
1e06083c
f613200f
f3f8e7e6
ee13d01d
29d91122
36d84204
11e2272b
08e9f406
121211f8
142adaf7
ffe22016
0ee0dcea
52f8ca05
ef23eef6
2e1d0b10
03e20be7
06e6d2d0
d3081ff4
cd1f24d0
0c042bcf
f4c84714
cf0802f1
2aebf903
11191517
0b4709d0
d1d02cac
e5010913
0b10ee09
0dfce1fd
540f1bf6
d30afc0a
1744f4f4
e5cad50d
ea17160a
36f1eb23
e8e814ea
051e031b
22f935fe
3e1c2233
042126f8
f1f8fa18
eacad201
131a20c7
0ae40fe5
58ec0d28
1616fe58
4416f51c
e2e802f4
daec09d2
f7fcccf9
cdfaf61f
fc4929ec
f60b0af3
0220e2ed
cce40ced
4203f0da
da1aece6
fc04dae7
05d7d426
c8e0faf5
140ff852
3edfd6db
fac5ed17
1efed704
10160c0a
02d50c02
41182ee7
1efcd3c9
340a2c09
2c095ade
2bf4e120
2609ebef
23e5fad4
0d170511
d2dc11ff
ff2207e1
14e9eaf9
d1d41e1d
0e1510f1
faff2227
dff10622
28231814
05df1228
f045040f
dfdcfdf2
f21006f6
f53f0c07
f11532cf
ed1afaec
e7fafd36
e6ff1800
e60e1809
0ad52a44
eed6fb20
dee42f02
cf15fd00
0dd4090c
fdefea04
3045f6e1
0d1ed5f0
041ddd11
23ce43e1
2dd6dc3c
1ce3f5d8
e8ce0e11
da0c02f4
f2dbd9cb
d818e536
11f4e3fa
f402fa01
2b05191f
1412e110
2bf1cbf2
fde80e11
d81e12d1
e3ef2acf
17edfc06
edf8071b
19e71700
ebf001e8
1335c70c
e007d3c0
e2f619e0
2a2506f0
f7d51002
55e0ea01
fcf9ed2f
2bf1ea1b
0508d5e9
180acdd1
f01508fd
1b2f1e10
f4df1ac0
10e71dda
0ae31432
d0db16d3
ffd01302
dfeceafc
09d2f108
0ae8111f
1ae2d4d2
121ff804
57200825
fe0125d9
061404ff
fe24e3d0
2312f829
ee2145ef
f7fe0f2a
def5292a
25eb03eb
151a1010
d93effdd
0a1004f4
f3f5f4f8
e624060a
1ece2bf6
0ff442e8
f4280913
f4ece0e3
f0d2fdf1
fd18000f
e1f5f1e4
28fbe91e
03dc2506
1ddc20eb
d2dcf153
1accf82b
e1edf11c
14fadc14
061214c3
161b18d7
24f1baff
d1eb191c
3a1de5f8
e1ee21e9
19ed43f6
16ee12d1
29140f26
edf53ef2
e625d81a
152a28ea
ecddebde
22e2f703
f4201bf2
c6f51901
19e11d20
120bdbf0
ef202630
08ef2af0
fbef1bdd
09e605e2
1d0e1719
0831d012
f1151cd2
1adaeb06
eaccec12
ed1c4d27
0bcfea2a
27ea10d7
0b0424d6
0bfb02e9
fb39e102
e50e0afb
0ee1351b
00facf13
dd00ce1b
f1081024
271f0be3
dbf1fbeb
25140c00
141005e4
f5d8dcc4
cb1d2012
14262315
e613d0f9
f9eaf60a
26f40ef7
d6cdf110
df14f1d6
d3f0ec28
fe17c11f
fbfe0125
21322c1d
20f00918
05e01a03
0d151446
20f1dbd9
22c900f3
f4fc2c00
f01f17fc
f53a19d0
d003f213
20e6ca07
5307351c
16e626de
f2ff2516
01220ff5
2c22060b
f2f821da
15f72525
09db36ef
e9e908d8
20f8fc38
f31fdbf7
d8faebde
121a0ff4
f823f2e4
12daf72b
131b24e3
02e0d60a
02ef1616
ecd01029
dc01c232
f21442f3
d9e0f1d2
f83a29df
1e0afee5
2dd8d845
0110d71c
0cd5dd1f
113020fd
0ef9e1fa
d43af20e
ea07f7cd
05dde2f5
1c34fb3b
df18da36
f107ed11
ec16fb07
0bddfd38
e2eb04cf
361e1be1
e622f7d2
07fedf02
e6f4d9f1
12fbf8d6
fed1fb1d
06dd08d6
0fe214fa
19cee9d3
0ce42004
d115db29
eaeb0915
32e7dcf0
e5c2e52f
19fa26d5
1b270fd3
ece702d6
27e8f3e2
3929f0fa
17e6ea19
efe50e00
0be8d9db
060f1710
fa28f5d0
041f06d6
d52cdbd6
25060521
d52604fb
10ecd3ed
daef02f2
03fe2335
06090d16
e4000319
d7f4faf5
f9d8e22a
fc040734
062ad909
f7fa1e12
312be5e9
d51bf511
1de606d2
0ed0e7d5
09e4dd05
02350914
0fe3c6e6
04dec513
09f63211
e721162b
160de522
2ffcf0c8
3aff1247
cdfcfe20
f00bdfe1
d30a21f4
26f8ef26
120adaef
f8ec1d05
f11e0d12
fe3a3809
fb03ed4c
f504eb06
1de7d5e9
0904190f
1b18d304
100417f9
191de70e
ec1ae0d6
2e15150a
3a00cbe8
000323c8
3220321d
dc012aee
31d5fb18
e1fb22d5
f621cafb
042efed1
1beb07f2
ec27c41c
330525de
ddd7e7fc
17cad9da
ed010907
e20d0650
0aeebc18
24cf0a30
e82b3012
d520d417
eb0317da
d5d5180d
f6d7f2cd
f5eef635
2018db3c
ea1426f0
d502e4c6
24e13135
23d2e8df
10eef9d8
20162add
2a0d110a
2ef0f4e8
3134dc08
09f9101a
083123de
1bfe0f1e
4cc831fd
ff13fbed
10e7cbf4
22e7f8fc
01f7e9ef
e909c819
6a281d27
e919f2dc
12f21929
29f91829
e5fa1b11
fc19f6fa
28d6def2
e10306eb
faf5d5ec
01df07c4
dece0926
dfd30810
fb21f1e1
e54fd60e
e8dddd1d
2b0a050e
dade0ef5
210ff7ec
dafee2e9
dafcf8f8
fd16dee8
37ffe3e9
4efa06f2
1be5fadf
f8181e19
2cdd1dd8
09da1ed4
08fdfadc
0bf3f3d8
2e0bd43f
1c1818bc
e43f21ed
f22628fb
f9f14416
d4c9fffd
3ef11be6
27f2c834
0335ba17
141fcc0d
f4dcead6
181e15d3
28bf05fb
19fd1cd8
db23dae1
ede62b0e
df2cf6fe
fe01d828
0be3f518
d5f91c45
f8dc0432
1203eeed
e42806cc
1cf516e3
e1170acd
4f06e4f5
d51c1808
ec08fe22
f0f51703
de050419
07f6e013
02fffffb
391bede8
ddc7d3fa
d73de802
1debf8f9
ce2c0e02
0ee1fd29
402913f6
20e1e504
ef32ba0b
4beefdfb
ded41518
2922d134
f0f6e0e5
15170cf6
d2e91116
05014100
e211d00c
06cb02ec
1f0d18ef
01d5e61a
1de4c7de
e2df09db
edeb0e08
24e1f503
d90fecd9
47211009
12dadcec
f8f5d51b
e7e014cf
ddcb1a22
1b17f0e9
f7fde504
29ff2119
deeb0eee
e2f90621
35ff0426
d30a3c0b
f7daf00a
1f2d0005
f618d4fe
d107ba07
3e08e4ea
06def2e5
2c06f626
dc17f509
dd13d0e6
ee270c09
22f0eed4
0c20f816
18c50a05
efdd00eb
1ced02e4
06ee1adc
f1cf0809
dde8fe1f
e0decfcc
c5e7fa10
15ed10f1
eaecf0f2
d1dd1317
24fdd61b
1ef2d4e1
05e00523
1a00c7dc
dd14d6f5
0515def2
24051f23
0acd01d2
d4170dea
dc09fe03
17f2d0d7
fbe3e311
effae3c9
db08d711
1cd521dc
1f1402ec
0a322425
cd1c14f2
e3fe2432
27e6c71c
fedfd5eb
14e91903
1b04e81e
1f1befe9
fccef7e4
2c27c5cb
e9d8e6fa
f6db0bd1
cbfcf912
23f62d15
e41bf0d8
dcd7f9dd
f3151d24
3220cee2
d71002fd
c405ebff
e2c618e2
fdd101fe
04daebda
cb1cf425
fffdf3ef
224125d5
131e15ed
d6f636dd
01e2dbd4
d9c91711
d81218ce
c2f61cf4
220810ef
f82c04da
fee81b2c
f6cfe5f5
28f0c9e0
10d324d1
e8f221d2
091cd5e5
eae3fff1
1926dd0e
dffbfed0
dc06d919
09332e1a
e9011804
f3f4ea26
dbe3d206
1b27e0f0
f5d1faba
d11fe901
c5e6f229
e1ec231b
e014192c
01e7cde4
04cd13ff
1ecfdc26
d53b040a
eaf51bd4
1a3bfa1c
d9e11502
1ef1d3f9
eeee16d2
dd2df41b
c8f2d9f4
041ae5f4
dbdcffcf
fa01c422
2317140c
e1e71dea
0c27eae7
21e6d521
ecf81435
19e9f923
eee9e1fa
d7271bd3
23260a06
1709e7dc
0303f5fe
03150ce5
16e20a04
1be1f421
d6f91013
0b0de0e0
251f10ea
0000e9ec
d5f2f3e9
1fdb21f9
f3cfeedb
f2f1fcc6
e3ed0d09
ddf634e9
030c05ee
31cecc3e
cfedeee4
24dfd41e
122f13c2
011bcb14
db1fd5d1
1b07f527
07ca21d8
f5f9dd0c
d9d0f209
dac8cf0a
d406d0eb
fe1f0b20
e9f4fb04
fdedef1e
f1eed509
f5e41ac7
fadcfc0c
eb0cdff5
1e131424
f40f2ad8
ef010ffc
d1220cd8
f202d0d2
11e42120
d7dbf8d2
3a1611d9
f0f3ceeb
18f9cc07
26cc15d0
0b2a2e19
061ed42c
ffc6ee08
e32df2f7
f21de811
141504de
d6fbc6d4
e9f400db
00f60a06
11ce05da
08dd2ce4
0902d3d1
140df829
e0d71805
03fd1507
cdfa2e02
e90dd31f
f9e6d715
e904d20f
dc0ddbcd
cefde211
d402e216
facfd8e4
2523e1fb
c708f729
e3d8d8ff
f5e1df23
ea03f3cd
17ebd307
d814da1c
f719eb0a
0ef104f2
d9dafd0a
ff2e0ada
f3df22d4
dde00a04
f907ecf1
c92d11ea
15fcece6
1012f7fe
d9cfe92e
1832d223
f91cdcec
d3e806fd
ebcaf8df
e61508ed
ecf1e0e5
dfdce8ee
0d06fe0f
27dbee01
fa31dbf8
d0e3d2df
122015d4
dae1dde7
2be6001b
2c091709
d4dac5fe
20f71311
16e1d1fd
c32027c4
09ed1821
2823e0eb
0d0318f0
1709e110
2a1804f9
ec11121a
0805e047
f0fdcff5
ccd20bce
040008e1
dae5ddf9
edf11e1c
e9e11e21
db380714
09fcdbd4
0a0ff1c8
1bd6042f
fee10a2a
f0d4f6e6
1dfe2be6
ed23edc9
2913ebff
2cf2efc5
ed1523f7
0dfbeaf9
120a24d2
f9e2ee05
f1d905fe
d40bc4cc
25101607
e0f818e3
fe07e4fa
112fcc07
ddfc3323
e6e0cd0b
fc2af7f1
30e425f1
e3e7e826
03df203c
e60bd7df
040d05ed
0ad8f013
1a02f406
e7e509e2
0edb3cf0
0b22f432
e6fe2bd5
1dd4dd09
d7f60235
d7dce700
3216e006
09ec1411
10121606
0602cd07
e11415df
dee52c0f
0e11131e
162028d3
d5ecd610
12022525
1d10d221
1605d8f8
e4f4d402
cb0cd917
16071b14
28be37ed
261105e7
0ae11ff0
0016f8fc
db10b7ee
ddd30afa
29e1f0f0
d7ed18e4
0f2e16f1
05121525
e73323d2
40d92a25
f3ed15d6
251ef5fb
daf2e4e8
370018d7
23e9112f
45d3082e
16f8ef20
ee062614
fc092c1b
c01f17f1
eff9dff1
d4f7dcf0
3f2223e3
dbd4c011
0e02fee5
e407d707
1d11d12a
24fc2d29
04000d2b
0afcd60d
f9f4f2cb
1c001312
07f2f0d5
02f92bcf
f92405d5
17f1e9ff
d7e8041a
efebc00b
dad308e1
d53aed22
1df207f7
f30945db
d11b10f9
3e2e0709
d9e12213
13202ce2
d523e218
f5084ae9
fbf2ca18
eed9f8ea
2f21eb04
cf0a0bea
e223ff16
f811eff7
e5e5090e
db23f625
0c0c04f9
f91f08e4
1926f7e4
1fdbd005
07fd2131
d0fcf811
e734e8d5
fd2c16fd
ee270110
111e13eb
05cd1ec6
d1cedd17
f9d20809
021326ea
02be1518
17f60822
d511dfda
cde30cb5
d42c0a38
f2ed23fe
eb080fe4
1d1d26fa
041927f2
16d042e4
e626cb26
f616121a
3109e2cc
f640cf15
e0f7e4fe
20e7eae9
14db21cc
02ec0b29
3310dc1c
d6e1f634
063b0ffc
2befd9f0
1efc12df
d539e7f3
e9090620
d5db1ded
cc1904ef
0a33e100
e012f8d1
eddfdaef
d41637ff
0e0701df
281312fe
f205dbea
2916d4ec
ed1e12f8
fb22e90b
3004d70f
ccf6d31e
18e1f9d3
f0241d24
efdc03f6
d4f0faf0
0114cf18
290306ea
16fed712
27f600d3
efe9eed5
250c0227
c30922d1
e5f5092c
ec001eeb
0ce5fd38
07d9ef17
0017d6f9
2b09cdec
f2030517
e622eaed
0fd5e329
f50f15bc
f3fe0aed
1a03f50b
ee07071b
0203cbff
28300a19
d4e41224
d6f332de
d9dd45dd
2438dced
1eef1bf3
10f21aee
d5db0cc7
fcfbde30
172834df
16170d00
f1fe161f
2ffc28b1
112d1a00
eedc0bd8
ed1c0f15
ecf6101d
cd0a14f8
34101d38
1328ed0f
34e7e632
fcd8f5e8
0813e121
eb24ea20
ea22f40f
01ce1024
0b24f61d
f61b18db
ed1e0d14
ee01edd6
23f816db
0c1e0910
f6dfec0c
fee4fc1c
ed21d9ec
e1c92c02
1916ca2a
1fde29fa
f4ea13f1
e8292a0b
0efefbd9
fefed5fe
ed0b0421
f0ff02e9
0fdb340d
e4e8ff00
f61f0f00
0a19efd5
ded8e707
fae0e531
e6171840
e91a0ce6
03310319
012dfa29
e6db2ef1
0120ece1
da19221b
d11601f0
29f6fc11
e611e006
e1f4f00a
fedb2106
38ec34d7
f3f213f4
1fec0ef1
06ee0b17
072c2aed
1627efd4
dc06ed1e
25d6110b
1ad5fd2f
1aff10d1
e40fecd8
d7f135db
d811090e
f40c1d12
24e4f9f8
dde5db4c
16ccff11
f6e2fe2c
3017f021
d9e01717
ece7f032
31f20fee
39e70904
0fdce711
31f8e7f8
f32b09dc
ecfb39fc
e12b21e6
fffcf301
05f1350f
cfef1514
090cd817
1ff42ae2
e9cecc32
f60d0bdd
22da25e4
1e2d210b
0dfb0321
1fd30602
2310f8dc
1727dce1
21240d17
2e03e815
03d809fd
edfa28d2
e4260d2e
e6e5ea18
db00e9ee
ce202a11
271e1800
24ef11e9
f4f6f32b
e906e83f
2c02e9f4
fc1d02e2
17fa2307
ef05ebe9
15d6ca0a
dddce716
1f19def3
e8e6e815
dbfdf2f9
d6dad0f8
0417f323
2ce6300a
03260cdc
0fda18e8
e11fe9d5
d8f3160e
dceb0b17
15cd07e7
fbf2d3f7
e912dbe2
2b19fef7
212404e9
e70ff3de
060bea24
13ee21f9
19f403e1
221f1f30
d8dc2312
f5e0e1e5
d02f1617
0c02fd39
260bfee4
0a06d4e3
2c1011fb
25150aee
d507d8fc
cffed90f
13f2f80c
1ee1e4e3
e201fff6
1ef5e6e8
270d2c12
2bdce4f1
2a142620
35fefe0a
19dbdfcc
ee170ee8
d834fcf8
05e41119
ca26f20f
fd2614ed
30080830
e306dd0d
262916bf
dd21dcdd
1adbf8f7
002109e4
bf13fa08
d70528da
d908d4fa
e6e4eafd
0ae0f0ff
ea05e301
0d06220d
e519cce3
1616ddcb
ced41a2b
19e7dcd6
f104f11f
032be2dc
e51de9c5
17f41de7
fd0dfe0a
29dbc600
e9f0eb0a
03fa2cfb
0519030b
1defdede
eff4e421
f5f6ec33
f2e0cf05
0fe50c18
e21c05f2
191fca1b
07e7f703
052327dd
eae0d518
130b1b1f
dad20e0d
f8d534ec
dae1dee2
fa20df1f
05fadfe1
0cd5d3d9
340ee410
1c20de27
b509f104
dbe0cbe2
28e4e4d0
f424e515
041dffea
00fefbda
0525f9c9
20080bde
101aefe5
17dcdce9
facae8fd
1d2e0123
e0e50721
ca001e1c
0a2cd3ef
051e1c23
e40601f1
cbe010fb
0f1d10e3
0418f514
f20de0fc
2024d4d6
03f4ff06
deece8da
f7ccfbf6
16231cf3
1905f7d8
e7e702fe
eb06e51f
df06f6f1
da11ffca
c5e71c16
f125e73e
ee0cded6
cd16cf27
0b11fa08
18c8fac8
00ffc828
0a1d2822
0ffef1eb
0f3ef508
28f91828
2c17dee0
c4e42cda
cdfb16d9
0131e6f6
d13114df
dfeccf2c
39cf1227
eaeacfee
09efddf2
d01ce7ff
ee222100
d526f72d
2de70fdc
f70e3bdc
f1e506e0
100e3d2a
11260af9
d71e190c
dbf7e804
0f02ebe5
02fa10c3
d423f9e4
d4cf16da
e613e3e3
2507d5ec
dce630de
0c020008
1711e1e7
ef2e060b
0b2ae9fb
0a030801
04fb1d24
ff10132a
0e0300ce
cdd70dec
0b341b1b
0418d600
0c2fe3d5
f4dddb0b
150a1122
f31cfe0d
1320f0de
d8df1818
cfe3ff07
27ce0407
fce6df20
1819e4d7
0ed00d10
e4df190d
2018062b
fe1ae8cd
e102ea1e
0a0ddcf6
d00405d9
d6d90201
18f6e126
00d1d9ef
062f2f12
dd26dcde
e7e2fe21
db24eef9
00f7061b
12390802
08d307e4
1c19fdfb
c33e22f9
d2cd0ad9
e422fe1d
e8311723
0fe5111a
fc081509
e624f927
241826fc
25e0cff3
e5cee905
f3eddd02
30022e28
ddda351d
ee13e20e
06d812ef
e511ddd3
de0ed8d2
0509041a
171c3821
e6d8cb06
3220feea
e9fbe9e9
2df62410
0c1514dd
de022ede
18121ef9
fe06e4da
f8e0d213
2c2325eb
023004e9
d82b02eb
1718fff8
e7f50de4
c8f612cb
d2ec05e3
1b1a1df2
cdeacc1c
d8e83708
21001a0a
dfc4e206
0dd01f05
000624f8
eefbd5dc
13ce1615
ffd8e818
25f9fa15
fe0816fc
31fbf3c5
05f71122
3e1f15e9
0cd6d71a
17d82aef
1b111bd1
feecd126
1f090512
18d72427
292e07fd
33db1b1e
f928d41c
d426ecfd
f3331401
0404d721
e3f7ce29
e9e8fbfa
ee0116d7
1af40dee
f4d4ee03
d1f3f124
e4120e04
f519f4e4
ca111516
d2fc01e9
2f1ed4f6
f5ce2d18
090fe9fc
33f31eda
e61cedf0
0109d327
e2d424ef
f1e81bf0
e8f3d6d2
2d2103cd
27f0df04
1ddd17ba
efdee60e
1c18dc04
fffef621
10fd01f7
050500e0
31ffd30a
01e20afb
07cb1df1
1b2dfe13
f2c911cc
2bd3ee02
40eb0cde
06e9db1e
d3e41b20
d30003d6
f511fdf9
e52ff104
081f272a
dd3cf01b
d1d00202
29e014f4
23e9cddb
fedcd4de
e52511d4
1cff2b1c
2814df17
0fdb07de
e6f413ef
f9f810e4
faf7de13
240616e7
11e0171c
1acd2c0c
2af3c60a
fecbd4f4
e1f4ecdd
ed361b28
281ee7fa
1d03eaf8
eb00cce0
f9371afa
17f917fe
d7f3d503
3214100d
20e518d7
240717dc
17361cef
d316fce2
242312fb
13f6e2df
f5df261a
dd11e8d7
fe1a25ec
e722d029
0be52910
040e2704
e009f61e
f926e2d0
f9270501
07d0ded0
de0eecd0
1bff05cd
e5d80cd3
14e4fcc3
e9fa1218
fbdfd308
e1f9fbe0
e0e6e001
f8d30931
2b28f0e1
0620ee05
db15fc0e
2eefd1d7
cc310423
23fbf4ef
d1d5cf08
1af1c909
28e4e9e2
d6eee7d9
0a09ded9
0ed3e6fa
fd0015f5
d10419d0
c2f91105
f3fa2df8
f5f411e2
1ff6dcf3
3cebe5f8
e9e025e0
fbe8e523
2724fe0d
09dddf0a
caf538e6
3f172b21
0ed0dce3
f9cd191c
1de2e1d7
dd201a29
17d2e1fe
1b05eecf
14d7cf23
cd162e20
0f1620d4
05f9f72d
010bde1d
0bfec61f
f9e5c329
19060904
1cef2404
13090a05
e531d9fd
21f6170d
dace29c9
e91ce5e3
d7d3d9ea
c0f8e8de
c1f3d213
ce1e1224
07d51109
01d331e1
1f0c1612
eae61800
fb22e0f4
1c200cc9
1d25ec16
ed142f0c
201fdf21
f6ff202d
1aee3029
fc1715e4
fc2dfa08
e9e619f6
0302d2e1
cd2ecff6
e5fc12eb
d8f4d216
160828d7
ce14dc16
d307dbdf
d32909fc
0312fee7
e5f8d311
10d5ec01
f7dfe1d5
2a15182e
25f5dff0
ea100016
22d9dadf
f4f1d90a
c5ddec3b
0f0fe9d8
2d0605fc
29061ef7
e9ea201c
ece9d1e8
28dbe4d7
d7e8f800
e9161fe0
170a262c
d910e8f7
d10211e5
ef0b1df3
d6d02a18
ebf11c0a
c912c41d
f5edcedb
f223311f
cdfb0605
fb1adde9
feeb1c35
102b23ee
03d71de6
05ee0504
f2e90ce5
fff6d70a
fae2d8df
fc0b12c3
26f008e8
f81a090e
dce1f0d1
ce10fbc9
20130e3d
d2e1cf20
1fe9f7d6
1c08ecf7
d82cc800
e80006e2
0bf2d706
eae7ecf1
e6171706
2b14f30d
1b063014
2f11e3e2
d9edebf8
000d2407
23ee1024
26d0f5f4
20e6dfee
ede912d6
0be305fd
eddcdde7
1825cc1e
e027e12b
efed203e
efe82ad4
f3fad50d
e5d8e914
19f72408
e92d25ed
e3e41af4
eed50817
e113eae7
030ce5f6
ef1be212
1406ff17
0b0e102d
d4dbd001
d72ad108
cd050b2d
ffd327f3
ecee13f6
f2e1fbd3
0bd4091f
ed13de02
27fe212c
0605fa26
14170b2e
2814ecc9
00fdef18
e0070c18
db1a0a11
ce2ad7dc
ed1cf3e6
14e70a0b
f6ebff26
f7d40426
13e7ccfd
271fd025
eef3e1f1
22e81bfe
d70a180b
06df1ae9
c42e142f
0ce9d51c
17cd1be5
ddec0ae5
190a12d9
072129de
1fe911dc
00d31fd0
02f803ec
2de9fafe
cbca0f18
37e0d919
001f30e9
29130dd7
f9edf815
1b1bedd9
1c12fe2e
f0e2cdd8
1d1a06d2
fe031e14
172ff620
fa1325ed
1220e4ea
03f2e4f7
16e91d3a
07fae639
32d11b14
1b15d507
e007eaf0
f91b00f1
1d0c06de
e31a0333
e81408f9
f7dcf018
17fcfe25
04f0ff19
0a0fd3db
0cf2e01c
1ce3140e
e5e51c1b
cb18ef01
21330c48
b9d2fc0b
fa1919db
da171e1e
d70f11fd
27d8dc39
0222162a
14f20bfe
03fed5eb
19fbeb1d
f1fe071e
1f140521
e3110c13
09f7eafa
f62f02d7
ce25353f
0b0bcd0f
fa2e3310
05fbc72b
130efa15
ebd6ed1c
0300e3d2
0803d3ee
fa2a26fb
e3fbdd1a
e8faf930
f801dff1
f5cc0320
d42eeecd
fe1fda18
f114e6e6
10e21904
0a31dce5
1df71808
e325d50b
f8d71cf7
d5dde3f9
06f70321
281d1aef
ebe71c26
1fdbefe8
e8d8f004
2f020f23
fcf61de0
fd2ae623
0ae4fd18
13fed6e4
032b0124
33f1f13a
2a23d5f4
0b23e5fb
f51c0734
180bd7f9
ec150405
e6ed04da
d5ddd700
1d0a0eea
e3f713fa
2ffad3e6
04de03fa
edd8feeb
06cf07d3
e9030522
c71f232d
de0e451e
f7fc09fb
1ee50b22
fbf6000c
db18d2c3
bf06f8fb
de091c08
f600cf04
25d2ed37
eee51efb
1cce24cc
08e5def3
ddfe09d6
e1cd0008
edead00b
0bf5c62a
2d20e2ee
180df2e5
020e282d
e1e9142f
e115cafc
d8d5e0f1
19eef4d3
e429022a
e72817dc
24fbf439
f7dd0112
110fcdf9
d5120ee5
f3130a03
c6f4f6f4
0431eef8
f9e42b04
fb29dad1
11081dcd
3c18f604
d7ecc30c
c4d3f5f0
17e32233
0ff8e7fc
0a05062e
2f1d1b0e
ef0613fb
1611baf5
eb1c00ef
d4f1e3eb
091dd2ec
ff27fbfd
eef0121c
16fc2412
3ae3cb2b
f119dd0a
28df1af9
29e4efd5
f8f61c22
fdf2d10a
e10fed11
f9030a48
05f71adf
fae10cfb
f7f8fb09
f7e8ffe7
de0d06ce
27062730
dce40639
1ed626f9
c1f808d2
3913edcf
171ace0c
fcef15f3
341ad924
dae8d51b
d21ce13b
2f101306
130ff8c6
fd02c60a
fefd25fc
1dedfbdb
e8d91808
d3fb04f4
ee08f90a
e71b0fe1
20d5f3e9
e80021f3
0d0ebf1f
20e3f1db
35ced6d9
f3d7f2f8
1d1122d2
1a160b20
f0ef10fb
f00f13d4
f01f100e
e71a0505
f6d4dcd5
16c7000a
1de02cf8
1ad3fa27
d606e607
fccc1b02
d438c4b5
eadfe3c0
efe1c60a
c51ee8e0
f7051ff8
f60b071a
08da00c0
201cfa23
10062a1e
fe07faef
2c122aef
e3e20411
24d61620
fd06ddf6
19f3fb00
f81f1ae0
1cfdeefe
081ee326
f3e21226
e1191202
32d9fcf8
e4021113
040f1cd4
e5e92221
f4e7d1da
f01f3407
c5f50e00
e817f6ff
11253603
d2d800f5
f3d7e1e9
34fd05db
f836ff02
0607b91e
09da29db
dfdd10de
f1251f38
04160609
edf5e5f3
1bd0f9e8
11f4fdea
ee15f8fc
083108cb
cfd619e5
ebd81805
f3113921
d125e6e4
18f9d828
13f9cb0b
d6d9f616
e9cedcfd
02dfdee5
1d01051e
d71ffd0b
2ffd1efe
1f082116
13d50a23
10e71f27
e00e10f5
ef1833ee
26e4d60d
dbea02df
e9e70806
e11efc28
12e0e1f3
12ddc112
2bfb1621
dff8e614
d512e523
20db1e15
0add25ce
d01d01e1
ebe51600
24c2efcb
041b20e2
d5192e0b
16d32b38
db270410
f0f61d2a
13230de3
111ee4df
14f61a27
300a18e1
f5022212
1e1419dc
0f20d60d
37dfece0
1ccf15e6
d5151919
040717d5
df17db11
f6f8ed14
120f08d7
24d52725
05d2ebf4
d5f42315
e90ede0c
f1d7ebc2
fcd70406
dc1fdc14
e8fbe20d
e2190807
f1faf6d9
16cdccf6
dc071601
f90601e2
e91de7ef
0c3ef815
e0d8d4d5
f4d81fe5
1cf11924
0ffaf3f5
f504e505
16210708
23d914f7
1ff4e91e
dae3fe1e
d1dddae2
f4012be4
ec20d4d2
dcdd1023
db1718e0
d8d8f4e3
05d513f3
fd24d5bd
001fef1a
cc0dc2d8
2eeb181f
f7e6d214
d3d7d61c
cff7f705
f8e7e8ef
ecd5210d
d4f720e0
26e80c11
dcddd026
daf0ddd5
2f18ee20
13ed1307
0035c616
0610e9e9
05e302ec
d20222f1
cae61f20
fd11cd1f
0ee1e228
fbcaf9e5
2503f912
e4e20e0f
f8f70407
121f0fdc
e01afcd1
19d608ce
ce26051f
13d7fdec
ebc5eef1
f204b9dd
1ede0fe4
d422c326
e8f24301
1e0f01c4
dc0bf506
da25daf6
0d0e090e
260008e7
27dee826
1bd82205
f418190d
20cfe30b
e8010612
2a4412dd
d20f03c9
0f080dd4
dc1424fc
e3d2d01f
fee5060a
c80b18f2
230bebeb
e5050e0a
efe516ef
ef08d8dd
f1f11010
ec240809
05ad1909
3c27ca00
f915d8e8
14e01ce2
dbe83f00
0c082326
cc260fe0
d5f727f2
2824cf15
fa2ee8f3
f91d08e5
1617181e
f0fb0c16
d9ec052f
1ce60413
1bfcfd08
06f8e5d8
faebe127
04ca01e3
1adaf10e
e4ecbd23
3addf30b
3303f41e
f1120021
ed1ad904
07e011ca
d40b1b06
fd1be303
17340c35
20f50ff8
35f81035
d5231617
21bfe2ce
16dc15f6
1e0516e6
f51ecbd8
db2025db
29fc160b
1535fa17
e80f0d02
f8eefc09
ea1af949
ef0a15fd
4bf22601
0bdf070b
011a0907
fcd910f2
fc062cf4
19f9f30c
d7e6063b
2adbf0cb
232f1312
e2ebed29
00f40b15
f52bfc13
fc010530
d7e9ded3
fcdafcd7
010f00f9
05e8e41b
c7f6fc00
d600ee0f
0b0c1046
04d3ce2b
d9f50e23
eed71bfd
0bfed9e3
f7f2f5f1
32fc350b
2bcb234a
d72c08e3
1d20cddf
2112d120
ff2ccb36
e6bfd621
091704d7
0bd711e4
10f3ebfe
17d01bdb
e8fb0723
fa0c06e3
e7cae439
20cde626
ece8dd18
0f181ffa
1c1ef017
2324e400
440b1c1d
dc13e2d4
e2db1bf7
1022d61b
f5270306
ec13cee6
310a19d6
f3f8f23f
150707d3
d1ebfb0f
e5d5e909
e810190e
c920d5d6
0f05e608
13f34728
0c1c0d09
e0d7cae3
3ff31a13
0127f3bb
da1cff17
e8fee2e9
1de4f201
0dd0164a
32feebfa
e5fc0e06
ecf7d904
eaebe3e2
d30b260f
fe051715
e3dfc9da
1a0febe6
2e1d0c09
10f4d84c
0ef409f0
f5f712e4
00d6e122
ebefef0f
ea030b04
24fe0707
efd71f04
13dfdce5
15f0dbeb
15f7e3f2
d51ae20d
da08e7f2
ec063923
21ed011e
dd2ed71b
052122fe
482b0514
ddddf1f6
16f11522
df032b2d
1308fee4
0b17e947
30110ee8
c40701d9
dbfcd403
f2d6e1e4
cae42d20
38faf3f3
f2efffe4
0503e8f4
1ef93106
14d20452
23c7f104
dbffce21
0e2616e3
0b27ecc2
1d1ff833
08eff907
1009e723
2a0bd92a
cc2ff423
000e1917
0d20d01d
142627f3
0021ecd9
e2e6fc09
be23cddc
cc0a11d1
1bf80ff8
ddd4cb02
fec4ee12
edd2d833
f4dcf6dc
e905e23a
f80afaf2
c600d9d8
d91dc921
e3fbf6fe
d1e0f30f
3311df10
ee0c18ed
241003f2
26eafafa
e3fe0112
10ddf4c5
dbc9e510
cdf4fed4
1226ec20
ee031eeb
f7f0dad5
1bf10f03
13dfe012
f316041f
f6f92b04
29cd230c
f3d9e0fa
dd250403
0ffb172f
f0eb1313
f823d907
e529da05
f6251bd2
fb01dcee
cfe4fd1d
ca2b00e5
f70bde04
08cefa32
e31bfddf
ccd5d507
d7ef012f
29e432f0
dcd03cf2
d213152e
dd1dd8f8
04011cd2
21f71433
e6d4d8ed
02cdf8e5
ec3c25ff
1e340add
edebf5fd
432de8f7
fcca062d
0dddfd34
d3d1fb13
22d4150c
0ed913d5
d82be7d7
fae02ff4
fadbdb07
eff1ed03
e00fedd5
05ef2c08
1a28e3fa
0ae41504
fce018eb
ed1ed303
fb07f7f8
0414ffeb
1b18fd03
ff05f3e4
1b2e212d
0c2d1d12
fa171de9
cf34d6ff
3b2affe7
14f438ea
04ebe112
ebe50109
2dfedd0f
1d2a0928
33dbd320
e2f50115
2aee29fb
ddd4040c
2ad4f21e
1ed0d6f9
1508e304
230d1523
e40b05f4
f0e41bea
ceffeb28
05f42ae8
d3dce71a
f0f020f8
2d0c0310
f3f7023d
0ae8e510
fefdd0d8
0ed32724
390b06da
e4d0eff8
e81acaf7
d603ddf4
0aed021e
2c23f614
19ff431c
f3e3f72e
2307f508
23d22219
f109dfe5
10e6cf1e
0f2609cf
071be4ff
15f4181a
102be90c
dafbd71e
d6e4f021
fcda1715
f908f712
e5f62813
e90c1305
e828f6dc
e9d12f25
e4d9cad7
15bc2318
fd10e829
d3d4e2d3
e9051fed
fad508e7
e1d8d213
1dce1be3
12c9f31c
f6dc18ee
12e1c5fa
ede10609
faa3cffb
21f5f1e4
d8e2c4e2
d313f6e7
d7fce718
f21d28f0
f6e10527
062bd7d3
daee1102
04ddc1f6
d2cfd8d5
07261ef0
d4d9db11
0be326d0
01e519fb
1fe9d3d1
feed2425
d7ecdd16
b8fcedc2
f5d3310d
22f9dcd0
cfb0be17
2bebd1f9
fe1bc3d9
c915ebd2
dcf5dc18
de10fdcb
e9cecdfd
fec5d5df
ced8d5da
21f2cd26
fcfc1dfa
05a606eb
12d2f10f
eaf60bda
d1e8efe2
0ed8f803
1cd8061d
f2eff5e5
0de20b29
06031104
dcc2ebe4
fb0dfed8
fbd20c0c
c4eb1026
04091ace
19cd19c5
d8d4e01a
def2e8df
adf5eb1f
fef102f4
cb040a28
de2a1dfe
f4e1c810
1efad220
cf0f0ae6
b3e0c5f8
0411e0e9
b9f507f8
d4d30721
32c6f8ee
f2aae1d2
26e4ed21
f80c24e4
cbabf8d5
1a0aeaf3
2207fae1
1ee4f4cb
f8faf2d6
e60f03e1
d2f9cdc9
ddddcaf3
f618e8d8
252cf9f6
f912091c
0de730e5
cbedcf1a
2dd4e6db
ce000625
d5f0c8d9
0df2e6d7
d0df181d
e9dbf1b9
da090615
2ae00fff
f3d6161f
f61fcbec
31d1ff27
eb0ae2cc
d607c4f4
cef7dfdd
ca05130a
e90d271d
0ccc18ef
e4d9c814
f2ebf204
efcfdae5
fbeed406
24efbbc4
ebd2cfef
f018e9dd
1f1ddc0c
e51a21d9
de1ce611
ecd21e20
e2d7e8e9
0cf2ecf7
23062d23
fd12f508
fbf609fd
fd191fcd
dbdfffe7
08d617fc
dccb1011
d0cff1cf
e8ecdf00
1be9ccf8
0fd5d218
dce6fbe3
2628c91f
fcfbd3d5
f5e71c00
c9e4effb
f7eef6f1
05c907ef
e7ffe117
dc00fd25
e6fe0519
f8e1d919
f8df0ce2
e5f308f4
da04d7f2
d707360b
d2e01a0b
11f0e909
d82ec5f9
f110f61a
f013e6f5
19ded1f7
d5f702e8
cb21ecef
2a1d26f0
d8eaf0fb
dff1e822
e71fe8f3
bef323f2
cb05efc9
c7e6eb12
28d5f0d1
b2d301e3
130f09d0
e8d1c110
b5f9cd1d
d914d425
beca0520
180004ee
1d11f6c9
d5b2d8ef
e20415f2
f53a11f8
dfb906db
ec2cf910
02ddf504
d11923ee
1ef21aff
d006d920
1bf024ca
e9120ddf
fd2ae102
eb0ec7d8
e0d2d7f6
07d7340a
eef3cdc3
26dad41f
d409022f
cdeff804
f01429e1
e9e409cc
cb0b16cc
db00cfec
ddd411d4
f8e62b10
ead4fd20
24f2c503
13fece05
fbf419e7
12f7d8d2
0e1ffbd7
eed506f6
e52403ff
f2f3dd0e
0b1c13cd
f50c22d7
dc11fedd
eedae9e9
3407fbd4
02e6eb1e
2614071c
e4e425c2
071c12f0
1af2d010
2b02d716
e3def7f0
f0fe3322
d2e902e6
14171bd9
e4c6e81b
14caff16
07e5e5fc
df120105
f519f6c5
1c2801c5
08f7c4dc
d7d5c3f5
17f9f826
db19f726
c416d624
ee2107d0
1d01dac5
21210f1a
db211f03
d9faf10d
f3f803e8
d2f919e8
2f01f300
fcde2716
e9f91625
09c1d8d0
e5200a1a
c3d21ccf
f70ee31a
da11c819
2717fb22
1a1f0fed
ebe8c6d6
e6131d04
dcf1dd0f
d3f6f302
001fd912
18f81a03
12d223da
e5ca0fdf
27eef8cb
2834cade
d2d92d09
c10fc20f
04ec1404
e3d5ede4
cff2d4f9
191eeacb
1812d0fb
0eda1406
ce241ffe
dddb2fee
f8f2de0d
e4fb21ca
1812e7d3
e2091be5
eb03d5e6
f81b1211
eae617ce
0ceb19f3
24d9e410
d80224da
ee0fd221
0908de24
06fdd8ee
02130df9
fa1dd926
052aeceb
cff1d6ea
011b1b21
da30ffd5
d319d1f1
1710f908
f7240134
ec16f0f6
30d7121c
ebde031b
2b1d09ec
08eae407
f9fc1204
e210ddfe
e3e1e212
eaece123
f624fbd2
dd0221ff
1401dcdc
271112e6
e1d80d2c
e1dd1525
00eadd10
d73027de
fb18cef3
d72ceadb
fdd9d620
f5dcf312
daf1e4cc
1ce61c07
1e02e90e
da0ed2fa
09d52df0
170a2403
0adfff0e
f22219f3
1cd80ff0
fb0bdc0b
2b0bfb17
2be6f4ea
ff0708ea
dd0ee620
1e2ef723
2a0303d2
2a13ed15
f4ded428
d0d515fd
1c1700ed
ebeeecfb
e01b26d0
0b31cee8
0be426df
f2edece0
cbfdd716
e6d30d08
1603ddfb
e6f7efdb
221b23e7
fd24f9e5
f8f51bf6
f605f91c
fbf90de5
cfdb1f15
0804f4e4
ddf3dcdc
f5001bd1
27ffe320
f918ed0c
1ced2ae8
f6fdd5dd
0510f2e1
10201718
ded70cd7
e7190de1
ec18f4f3
1ad0d723
f3f10ce3
1107f027
e6061fee
1c10e1d1
f1ece9df
1630d7d7
02f4d42a
f6d70a0d
e1dbdeeb
21112421
1e1bff0e
df0108dd
1fffeb25
1432ea03
ea24151f
052029f1
ffdc23e4
cf081d20
06f50523
ec0ffdff
f904120e
0c0a0cd2
1b13e201
f6e9021e
0600eb04
0ff4e10e
d4f7efdf
2510dd03
0e1602d5
d911e7f1
02fe0617
e0e7fe1b
1ffa2cfb
1df0f324
0afb1bd9
ee1aef2a
122c2a1c
cd24ea19
02d32a2c
0b13dbec
0207fcdf
fd0ef118
e20df729
e3150b1c
e2fee8db
cf04f8dc
f9072922
e1edf21a
f1dc1ede
e700f1df
d2f9e826
26d610de
d1f0081f
27cf1a1d
fc100c01
2c1af8e1
de09f30e
df1f0c11
01e40006
13ed20e5
282d0ff5
df06dfe7
f22903f1
36dc26e4
d316e52d
0803181f
d3d4d5d2
e7fbf61d
cff81103
1cdcd9ed
1bfa1427
0ddb1fdf
10f42918
21e921ed
1cd7f4de
181f1e04
14e10822
10fce6fb
19cb380a
d7260907
19d3dcf9
d72cd703
2526dc1e
050606de
eadd03ef
0814f327
29f70b28
08000cd4
f2fc0c27
0cd9fbe5
d7f61f20
d1ee291c
f4020fe9
260920e7
26ee3227
221202fc
13e81926
26dc02ce
d0040cf8
10142cfa
0f0cdadf
f2081ad3
db08faec
fcf3d4f6
f1290ff3
f814f1e7
fcf1dde2
dd301d24
3019e01d
e1e015fb
01f9ff0f
19fde30e
1229df04
ebfaf1ec
0b23f110
d3fde00b
11192b0f
db1bf7e1
e51bf202
0edf20ef
e314121d
1c00ecdc
1a1b0309
1431e7f5
e127eded
d900d6ec
e925e3cf
dae7f2f1
01e7d00c
fe02151d
d31dd8e2
ded2e909
e4e6e125
08280d21
e8041f1e
150f020d
d6070ee8
ea292125
0e03d206
daf1de0f
20121009
1d11cc27
16cbf3d4
fee30405
f50f2500
f013e129
1be9d9cc
000ded09
07120d06
ceefcf27
e3de0409
dc1021dc
fef7f621
1df4f2fd
17ed132e
27db0617
1104f004
fbd51fd7
00f71a07
291ff415
fc1c14ea
1bede3f8
f5dc1a27
00d0dd01
fc03fef8
d92410f5
ebd3f0de
fbd5dbf1
ebe4f40e
da081901
e819d4e8
0d21f5f6
dde91d44
092e0ce0
021011dc
d70b0902
2b28201b
fd1af831
25240f07
e2cff827
eccef133
edd805fc
060208f3
0f101507
e0f90921
e714dbe9
fddff2f0
0aed2b12
e0ec34f0
08f2d70d
0cd7f126
e51502d9
28e40f05
dd2027df
27ec29cf
250df8f4
e71912eb
f5e82f14
ebebe4ef
f616daeb
2cd70212
edf71b12
eece0a02
1fdde4f7
09d1e2f5
10dd1d0e
e6c7d427
ff06db01
e61c1bde
db281cd6
f512dff5
e4150dfb
d020ffe8
f9e724e9
efff0a21
d2ddf8f5
ff07e9dd
1a1fe01c
f2ecf00d
e00b101f
f21de908
13e705ca
24ed1319
f2fef11c
0c06120b
f8d6eede
e2d924f9
fae0f309
f411e02c
e1e1f313
f6e4e7fe
13e7ee1e
141603f4
08032b10
e0fff9d8
e7df1be7
09320be5
f101e6df
1a162e10
d91a16e1
ce1eef22
eff10cf1
04ded9d5
f4161500
1511ff1e
f9f1f113
3c05dbdf
ffd7f211
170c07e7
12050df2
e226fb28
1fec0c19
0c1c161c
1b0dea0b
fce6ecef
f6fad60a
2fe1f9e0
0d1cfe0d
d7bbe4f8
f413c804
f0f7e400
f3130405
0ef019f5
24dffee8
f019ed0e
eef7110d
2dfce60f
d8f0e01e
f3262dec
fbff1b0d
12ede7f1
25fdfd2b
190a08de
fc38dae5
0d23edd5
f92eea10
c322ec03
14f3ef1f
090050db
06f5c52f
293b2adb
0ef7061b
230e0b14
e717faff
e4280cfc
1801fd11
0ee4041c
fd01e1d3
e10b4d01
e2f7011a
1413011b
1912ef02
fbeffe03
07110a08
011c17e3
d80bf4f8
e5f9e230
04f7f0df
19011001
fcdb2be3
f60ee9e5
290df8e2
1c2017e2
33101e0a
f626271f
e5ce0a09
290de0da
ecf51208
def500f8
3b15050b
10d8e1f6
04fc2517
36f326da
f3daeafe
0303eded
0c1509f8
e2dff51e
1903ccf1
fd0d201a
16e706dd
11f1ffd4
fb07eefc
f0fb02f9
20d9edeb
e90a460b
361213de
062ee6f1
1b10ff20
2900fcf4
1de7fcd8
0a2819ee
031403e7
f7e61127
17e1090e
13e40003
e408f82a
25f40f0d
d6ea2007
d6eae618
f40f1914
ec150901
f6f3f5ef
edef00f0
f910d3f1
26f3dadf
fae52919
12e9df0b
f2ecee01
0cefd5c7
29fd2ae9
0909cdf6
fb0afee4
f7dd11d2
0be42219
da1f06fb
e0c2f127
f8f9cbd5
de1517e1
d925fff3
eb25e4fa
e7df230f
c437fdeb
ecf006de
fcf302ef
0919fbe9
091aee02
12f3d0e6
e3d413fe
020c14cc
0cf6e925
f6def31e
fdf6e726
e315180f
c6db0c05
d2db0e14
f3fdecf1
3c15ff01
e91e08e5
f41408e1
d609efe8
eb0402ec
e2eff3ed
ecd7edeb
0bfb01db
d41f16e7
db14db12
020a1e02
f3c0bff9
ea0bdad8
2ed5edf8
1a0a08f0
17f5f3e9
f6f919e8
2306ead2
18e8fdf0
1fe0e9fd
e4e305e4
e232f404
0a07f2fd
1ffc1026
d9dce0fa
1b11edf9
f5001a17
270aef3a
f50efd21
f115f0fc
0a0a36ee
fa09ebf0
ede2fc12
ed10d1e0
19e0d8e1
ffe0ed18
f01cd8f3
f0fe17f1
06e60504
1821f925
22e5090f
170dd50d
08f61bfb
ebe8f611
13cd4002
e1ede5d3
f214f21f
19f4ecd4
fded0004
fbe9e01e
05f0e407
0e241a16
ee071de1
fa09fbd8
07ee02e6
19ebe009
e0fe0d12
fe1fe21a
0b080a15
f4111312
f3e307f9
f8051004
36dee60a
0ed61c22
0625d60a
1b0fdf0d
e00d3007
f5e0f9f5
25cb0704
19e3e520
e6d008e7
fc22ff23
f917dc12
e513fb02
eada09fe
f9f4110e
e9132cd9
dd081022
effeeb1d
07e10ffc
e1fed50a
2a1bf70f
1e1414f3
e708e2e9
1112dae2
eb19fc02
fecfe93d
f0052618
27d0f20c
e81c12e1
13fb040b
2e372004
c50211d6
f024df06
e9124fd8
1ef7ec3c
0f0e15f7
fc120d11
43e70f3d
1c1318f7
10f3f4e7
f8042e35
dbde1dd0
0f09f620
e5ffef10
0301fd03
ecf3f8e1
e7ea02ff
1a18f8e2
f9dce41b
e81e2714
f2e2eb12
1b0025eb
0b1e080f
1ae3e80f
ee092623
ff211ad8
11df07d9
0fef132c
1d1e15e1
0f1d1514
16ebf61d
1e0016ee
1e18e002
21091401
f302dc28
5303061e
03e11606
07efe218
16ea1f26
0dfa4018
f11e15e5
110714eb
f5e108ee
f0f5d901
09e4e5f2
1bfa0f05
3002060b
f805e0f8
dcf6d2e1
17ee5032
35ee15db
0a0803fe
06d7e3f5
1910d2dd
20ecf20a
e70ae7da
0009e1f6
15191eee
e5e9e821
e5dcdc25
eff0ff29
0dd9f2e0
f609db05
d4040111
fb20fcf1
e6f5e804
02090ad0
1609000a
f4e51938
5119ddfa
f6f00701
2213052f
e5e00403
d2fff119
01e0ee03
eb01fd00
18070e1a
f6f624d8
1bf608e3
e4f30cdc
f2e9fffb
fbf2e5e1
c9f31be7
ec07ec14
ef48231a
e6300add
1906e2ca
efdc18d2
14d825d0
ec1ff91b
20110e1c
0e1d2ace
3ce204e9
0ff40214
2407feee
d8ee0cfa
3adffcef
03011e23
f7e607f4
f8d0f00a
0f07e0eb
10e814da
e6da0df1
181dd2ee
1c0e2106
26de0e13
15f3f21a
e7d3d5f0
0001151e
00df06f0
39e2eeef
dfdcc4fb
1be8eeff
e8150107
ffe70003
031efb1a
37defef0
e0df1807
efe01aec
03fae0e1
e31be9f4
e31d0404
010cfd13
101c0b27
1ae216f5
0308f9ec
1af6e2db
0805041b
f6080733
0de9e8fa
15eb000b
eaec3ce2
f6f11d1e
061cfaf8
1fd50c1b
39f91df7
e31a1318
2014ecde
e91d1224
31eee6f8
2af512f1
041ef6f2
e2d4fff5
d1203dda
e91de400
120b05fa
1c01d6db
e21019dc
f9effa0c
db232625
1501061d
e92e151f
db13ecf3
f73f1109
e91fef0a
d0020cd9
f20ad2f2
fbd3f11e
1026f01a
ef0de3d9
e9edf824
03e4fced
22ee221c
23f707f1
2bf410fc
eef709ee
f007110b
0b280712
e01e0311
1aecdd18
ffe9e3e4
e12ddbd9
f0f0f424
1615faf6
070f1121
ebd3f0e8
19d5080c
080042e3
2cdc11d5
fefbe41d
1afd12eb
09df0e0d
26e61401
e8f9fe1f
08f1fe1e
ea1efc1e
e2171004
f930e441
01dd2242
4100ecf6
f40d1702
02f6f1e0
0c26f443
e2e506e8
065302f9
19de3204
db010726
3121210b
12e7ff11
1d05eaef
f30e0801
07ed10d5
060501e9
1a22e6f5
153e3d13
ede90d1a
ee17f20a
24fc0b12
d4f41aee
df083dd6
f0f9dfd6
ff1b03e6
0b070bde
012c0434
d100fc26
09ec260a
02d8050f
0e21ede2
2ef6e806
14001910
1be6ebf1
d71a1022
17273302
18ebf5fb
fffedf19
2208f00e
28f8f32c
eeee02de
f60b10ea
24f6f3f7
ff13e5f9
dff2170c
eb1614e0
e51f08ff
0edff1ed
e30afde7
f41c3e00
2deef819
09dee525
e6ecfbe8
000f2709
27151427
2bd7f1f5
0f01f80c
120ee2e2
ffdbedeb
60ee1928
d6dd13fd
1311e8ee
08110ee6
d7f73efc
0116dc2d
4014ed33
1907f31a
080011ee
112c17dc
e53de303
e4f605dd
046cfbf4
eb17322a
e4e8fb1e
0f1400da
1bfb2a0f
4be1ff01
1fd5e500
e60bfce3
fcfd3235
d8f7def2
14433321
d9031409
0ffd1ff4
00f03dfd
c9f70026
141a1815
cb1d14c8
e6f62fe8
21ec1207
11fbfd1f
d81e2aff
031de2f3
ed17f8f2
db48e9de
0e1b0fe5
11c8f506
3ada1ade
060111f7
fb0a0c06
0fdb2610
45eddd21
ffd71404
fa1507f1
1d0209e2
0c29e818
46fd051d
03fa10f2
1a0a2520
1b082311
fe12e51f
e7e70f24
22cdf507
da02060e
e8e3e80b
221cf30c
dcddefe5
34ee08ec
ee162616
f6eb1d1d
e92e1909
23ddfbff
f90705e9
3cfdfb27
12db1710
dd21fde4
fc1de5ee
0305e412
01e209fe
e9e9ead6
01171f04
f7f41428
e9d80d02
e3fa09e3
ede9fbe6
e2f9d501
edff1fe9
de18e1fb
f711eb01
15f012e5
17f5eadd
f2fd0a1e
0f0f1514
240cfb27
1b040505
fee9fe0a
171fd914
dd10ea1e
09df1321
fdf4de20
fce20cdd
eae4defd
e107e820
d50e1700
1c06ec1b
221508ec
1deeeafd
fbdefcf1
0106f31a
00f522d6
1b03e4fd
dd13fa09
f605d809
ff1fe6f9
f0f6e7df
d5d5e015
06d8e2d9
03e50219
03fbf2fd
0fd624e7
fde021e3
1df9edfc
f0d7e715
dd16031a
17e4161e
01161101
10fbd805
eeecd80a
f8dc17d8
f8f80617
0313fdf9
f61325f7
f3e20c1f
08fc130b
f41bef04
0bed0d1a
14f9e31b
d4f9df13
0f1ee31f
f5eafbfe
dff9011e
d612dfea
09f50a29
231a230c
11e215e1
da19010e
0c0fe2ea
091b08ff
02f5f714
fee905fb
f8e6df00
14e2041e
f9e31404
da1714e9
0112f1df
f706eafd
e019f000
ea23e6fb
da1edb1b
0828f1d5
e810daed
fefa0c10
0eef1afb
0618eaee
14dedcfc
0cf4f303
0b1901e3
08ecd9fd
e110e7ef
0c181ada
e30f0612
eb12eb0c
d8fcf019
0c110f06
10e50110
07edf806
170efcf7
e3d9edf9
1cdaebec
e010fd04
13d4f7dc
e00bfe00
13f70419
150b14dc
15f10ffa
11e4e818
dde11019
07ec0b1a
15fafef7
f60af8ec
f1db05e7
0605f200
ee18f614
0c230607
1512f817
d7ecf1e1
112326de
e402d6f3
05e91f0f
1f001404
e904e404
14ff0617
e216f2e3
daf8f912
fa03e215
da241609
de0507d5
fb002010
e11bec0a
e6eefeff
060c0906
2024e606
17f4de23
100fe9e6
1cdb091c
df0aec1a
13fae828
f6fafa0f
ff15f226
26f8fad6
f11bec04
26e817f6
ecfdee04
09040df1
efdcf1fb
09ed0220
f10acee4
04f7e2ee
f2130cee
f921eb0f
f6030b0b
25f3e6d8
fbdd1f0e
1ff0e2ec
191117dd
12e60be3
fd31f407
dbe6ffeb
f7eb2fd8
ee200613
e9e5fcdb
04161ff4
2df5161e
14fef606
04e2e0f3
fb10dbe0
0908140a
f70ffd0d
fe0f03e9
16170d08
ea0303fb
2702d7ed
eefef01a
d510e013
22f3d8d6
0ffa14e9
f40d1c03
15e70cf9
d9161afb
dfd62102
d7191e14
1c0c21eb
e2eff70f
fafa0a16
ec1d1ee1
0be5f210
0720ece2
f7e21dee
17260604
ea041ae0
d706ebe4
2905021a
19deecf9
daef0e16
1de2d8ff
04fc0c10
f6000ef7
04f71fe4
dd0710ee
d3091e13
e615f2fc
e61e141a
dce9e9ee
dc07edda
d4e61cf1
2a05e0ef
fc2113db
15de1ae8
d6f4dff8
dee224df
fde3100d
1f1beb1f
1703060a
ee20e401
1afc0edf
f5ffe71d
efe7eee0
ee1911d8
0725dc0d
16f2e920
fadf01e0
0ef8021d
e904dc06
e610f9e6
1eff0502
1421ec08
e4e61a0c
dae51701
001503ee
1f09fdfe
030bd71a
feff0ce0
0b1124e4
0c071e00
fcf0de09
fa22e8df
19e60903
d6e40fe8
1af2f4f3
17f7e9fc
11dfe6fd
040cf80a
16e2e3f1
d6ebe1dd
0beef5f2
f5e81510
0f0bd91b
0a0d1804
1401f113
1ef7fa07
16030fd9
e9d50d13
f6f129ee
0112f604
19ecf20b
121cec04
04e313e4
fb230a0e
fe1cdb1b
25db1011
01def009
ee03e520
f5dfc9ff
f4011f1f
f2f3ea17
1e121df2
ffe4f0d0
08f2fa22
f3fe1eea
27f40eeb
0ef20b1e
e9f6f6d5
faf1e81d
d7ff03fc
fddbf7e2
e9f809f2
f9e20bdf
e8f9e9dd
201216e4
0318efd8
f7110be4
f40d0de2
eaeb0a04
19eef2f9
ff141be2
19d6d61a
fee5fc08
f1e6d9d8
d4f51025
09f003f6
d6dd18fd
e4d6dff7
0b15fb10
e915e7d7
1905ff25
ebe8f8e4
221efef8
e3fa00f1
fefff60b
e606f81e
fad4f12c
fcf3e6f2
23f4f41e
fff0fddd
221cf109
f5ffde11
00fe1a11
0f1d0be1
1c16e8de
21111306
18e6f50e
ebdf0bd6
1efa2dd3
e21705fa
ee13f2ed
13f1f605
17effa05
fbe3060e
13ef0ede
f9eae114
05f4e9f2
06e10a23
0e1ee6e4
f303e910
e819f0df
fafae521
17fb0ffb
1a0af30d
1aead7f5
0afa1410
12e31f02
eee80208
d9f11fd9
06f115e9
0208e118
1c1f1ff0
02fbf0fe
d61ee818
09f71c19
0ce301d9
0c1d0115
e81ae0f4
0cf1e124
2104f111
e21fecf0
ffea02f1
f4f5e7e6
18e61d0e
04f6e01d
fa1cd6de
0b09e104
19221b1e
f1161425
e2dbe91c
191dfdf3
d8e01ad5
fb16f1e4
050303db
e8dd1ef2
0df8f5fc
0deee3d6
24fe12dd
ea141122
1b1f2207
fdeb1027
0717e2fd
fb060ef6
0ffff10a
10ebfed6
f414e51a
1ae5edf2
e1faf9d4
f518e801
dde2fee1
f1ded90a
eae413d4
0ce6faed
e91a1bd5
f9070d0b
e6fc1015
fd080bf3
13f6f1d3
15e9140c
1219f328
db15d306
da17d2ea
1aecf904
d7e9d9d9
e40609ff
f1f60003
dbfc00fc
f9d8e9ec
e51edc02
f9220ee1
f0f11716
eef5f215
f213e417
20eaf131
f5fde2fe
fe1d10ef
18f70529
f31ae1f4
fe1f07fb
111bd6f5
07e51405
201cd9e5
eb01d40c
04d7df00
222ad5e6
1b1cf9fc
1ee8140d
0ed4fe23
e2ebd5f3
e7f6da09
f4e20bd7
f30400f9
151203fe
0f00ede6
f01ffb07
fcee06fb
d619e4db
13de1e09
e8e5121d
10f5f513
1ae214f9
0cff1b0f
ef10dee7
1efdf2e4
eaf80722
fd1912e3
fe11fef6
0ddb21e2
0e1be504
01e8e51d
e9ebf30b
d8dee919
05f1fb0b
10eedcd9
1c011f18
f4eae405
faf6edee
ee0efde1
e5f3fb16
05f0e4d8
e9e60817
1bf51f16
e022d8e9
2ae71ce8
00dbfc03
d7f6ef19
fb1de2e9
0c04ecd5
f10c0cee
f71104e6
1be6f7e7
f1f8eae9
11fe0b04
140a0be3
f1ddfded
fb13dcf6
04ea0eea
2bddfafd
1916101b
d411ff0f
dc08faea
0a1edfe2
0ae80ddf
0ce80ee1
0af7f6e8
1cdcfc0c
d90318f6
fc1626e9
eafc141e
08faf705
f3060d00
e91f0c15
0b0210e7
1e1aec08
f0f5fc0d
ff1a1112
ebeedbf3
e80a131b
de16e91f
0c0bf6da
d612f3f4
ef1913e5
eed40013
03fe07e6
dffc19d5
25210df7
0ef7d71d
1a02d6fc
f1edd9e6
16dc04fd
db061d00
f817e2e7
dae8d619
f0f81ffa
f0eb0216
e3e217e8
08e9e3de
fd1aefdb
fe1609db
1115f3e0
f9eb0f08
ed04fbed
20fa00fb
d910fafc
1a06eb01
1c1eefd3
12e4f1eb
29e5f429
1de90ef2
04f00c00
f7fde6e7
eae6efdf
e4edebee
d403f51e
f1e709dd
d31b08eb
f4e0f6d7
fd0cf0e7
e3ef06cd
0de1fcf6
e21bf9df
0dfbeee6
e208e905
0f0cfa18
e512f9ee
23030dda
16ebece3
0a150e03
06ffd8e2
e520eed9
091a081f
23e21c05
11f7190b
e11ddb01
fb22f7f6
f014170a
0ffad9fb
f415dbe9
0927e609
11d80708
e81c17df
0c0b0509
0d1207d6
1719d812
02df10df
eb14d8f8
e7ead704
12d822ea
e1ecfb11
05f302ff
f812dae8
04dbd8d7
de04ffee
ff0de000
22f414f5
f61915e2
1616fa02
1ae6dce5
dc240f20
f7f40f01
04dc1a17
eef0e30a
07f6e601
e0e8e50a
0c0d1def
f11df7ee
051119e7
fae011fb
0efce712
e8020803
f9f9d3ee
28d8e106
fbf1ea0b
f402f41f
dc28f6e1
1ad5fcfa
11ebe10f
e4f10c27
19e8de04
0cc5eaed
ffedd5f1
02f215f8
ccf01600
0fe7e118
fd15da14
f7031eff
0b020ee1
14eb3bff
09e3e3da
0f190210
1ef605db
2522ea04
dbe524fe
24f4f5df
38f7e2da
dd141cd0
23eed00d
162508ec
de0713f8
e5121610
d61f0bdd
eae5dbfd
0315cd3b
08e41814
fafe03e1
18100ff2
cc12db10
e407ece5
0adbeec9
1ae11821
04fce5f5
291be3d6
ebe70cd8
0c16e2e0
12080321
caf8d3e2
e51df4f8
d5e7ced5
1b091ae7
ef05fbdd
dc1111d8
1919eef4
0d3a2f1c
f2e906fc
0cd925ef
29f1dc15
ebf3f3f4
090dda1b
04f726da
dde8edd6
3604df02
00f3d4fb
fc0aeb24
e0eefcfc
0ade032a
021817e0
250adc07
c31808f3
cd0ad2d8
0319eef6
fd1f03c8
d9f01641
ffd8f4f9
f9edd2df
f8d5e615
08e0e6f1
0dd9f306
06f0dbfe
e2e6c72d
0ff3d521
06161609
d4f03d09
e31719ec
eed7f5da
02090a1b
2a16d3f4
0d1126e8
1bea02f2
0f02041b
d8191af8
1004fe10
3026040f
e00e0bf7
e8e921f8
f603e1eb
fb16d00f
f7fece03
da16e608
13ede7ea
fefb32f0
0308d7f5
da1b15dc
fdea1fec
e5f70701
f1ffe2dd
13060f1b
ec121f0f
1ee5010b
efeb14f4
ecf50dd7
db081803
d4f2f4ef
e10a080c
1900fe11
f7ecde10
0ed3ddf0
18342e0c
eeddedec
29efe727
11e3d6fd
f809e6f9
f6d7fd00
0709fafc
fa1eeed9
28eb10e6
ea25fdf2
151bdb13
10e534e8
f4fc0cfa
08f121de
f2050304
bf051ae0
eef1f00d
f5e3e5e5
0ffdecd6
d105da19
e000f126
e6e0e8eb
09e9f4df
ffe01cea
15f1150a
fcf70a19
df1f0125
df13caf0
d30be0fc
f1da59fc
f10edd03
02e6da1b
f2eed71c
1a0e1ccd
11d00dfc
d6fd0de3
2a210319
d4eaefcf
3aded91a
1afd0edb
10defbde
1cdf1616
f21eedd9
07f717eb
35efe935
e9e7cafd
d200f9fa
13003de2
f2d409dc
00e3da0a
fbd41aff
f92014e8
f0fbf1d7
fc06f007
ddec16e1
ff0fdafb
fe0dccee
fcd51af3
e11d13f8
0c0fe00d
f6fa1b18
1509d0f1
f0e3fa17
070ccaf7
e4fa31eb
15050707
fcff1137
f6fed807
2100dfe5
09f7f1f0
0a1916f4
0316f50d
fdd2fe19
dd1a151a
122bda16
e4e8f4e0
1e06daf8
e21e1ddc
e31a12ed
e70c0e22
e7e100db
e80bd8ff
df1d11f6
d2fa1df0
0d0e1a17
f907d4f6
e2f40bec
faf4d913
07df050f
ddd3d70b
ed18d93b
d9e1defd
f5f7d5f0
06f507fe
f9def4ed
e4d6de03
f81507ed
f9f4e3f0
d2f11de9
11eee324
0cf509fa
17f0f820
2f0fe012
27e01408
f213eb0c
d2def0f0
f60bd60b
2309e60c
d9eaf4fc
e7fb22db
25e015f3
e218e6f3
fbcef1f2
ebf00bf3
0cd81a0a
04f7ea07
da0925e7
ea19d720
0c19f1eb
21d8e4f0
190221ef
da17d8db
1ce8eceb
01cdd911
f50c1ced
23f5dd11
fb21d7d7
0a1aff05
06e21601
f7dffd1d
f2f3e6e5
f414f2d8
f3fdd7e1
0fecdc1a
f80711f5
1cde01f4
290fdf12
da01d9e7
1cdadb06
dafbf0f9
1cf71224
17f403ea
fefc0bdd
12dae828
ead4eaea
f2e1e5d9
e81428e7
1bece926
d608dde4
fafd0d08
0defeaf7
e21b0bf5
f819fa10
e9d1e8f4
fae0120f
0ae1fee8
f0f4da1d
ef0efdd3
180addfc
d1e8f0d9
301c1ff7
eafbe6fd
11f00c02
0cf4eed9
18070517
0d09f8fa
0cf2e8f7
31f6def7
ecfd09e6
15061afd
18d3f2e6
f61be50f
e9d9f816
e3e0ffd4
11101029
d31225e8
17fb1e14
0b0de4f2
03eee2ef
e9eada0c
defbe1f4
1c1c09db
030b0c12
e9dc0b09
fce8eefc
11e611fe
fa03eef0
e0ced9e7
080b0a04
06db0aeb
ed0114d5
e9de1911
0b2d0d13
fbffede7
1afffc04
23041eda
d8f5e1f1
d716fa00
f1e00014
faebf10d
0120dfdb
0cf40a0f
16d113ef
14d614da
ede10906
df1422f3
16daff00
fe0ae0e4
cbf1f314
07fe1af6
0de012ed
07271513
f20ee1e2
0ddbf10b
1cdffff9
0fe1e5e1
eff11213
00eef4ee
f5161638
0ddef513
f8221808
ef0f0cdc
11e50808
da12ef1f
27df100d
13ec1501
1cfc09d7
08e3f207
1be2e8e2
f0fb15e7
17f7dd28
fcee1504
f1e70ccc
e7de21cf
dee511dc
e4f2efea
f8e3db1c
de15e001
0aecf024
17eef2da
efd604f9
22f01108
21dedc08
e9e611e1
24f0fdf0
ddedecfb
e4e30019
f4141afb
fdd7fd0c
e6fd180a
11261be9
e3dae601
dbd30cf0
2cf0fffc
fa15f4db
f004fefb
0929f911
29efdbdf
03e5fe22
13e307ff
ede702d4
07f101f9
e4e5030a
f1fa05dd
2802ed01
1d090c0b
0c07f90d
fd0efe12
07e60200
f2e300f3
fc1ce8fd
e9f90733
e608e0f7
defc16db
db15ea0b
efded52a
ef13d7ed
070c0005
e00d1a05
0bf80200
f4fff40f
0ed811d8
13fa0828
0609f8f0
de16d220
0900e1dc
fc0f191c
e4f70410
2620f403
efce1715
e4f717f7
f60ed610
20e8ed05
08dd252b
031607e5
faf4da24
d3f4fd0c
fa0cfeed
1bccefde
e504deef
f4e71317
cf16170f
290e09f6
15ee11da
11041ee3
f9e8dc0d
f2d61812
ff13f40d
dbe51fe6
e9f6f523
d1fad9d9
e9f2ff0d
f8041ff4
dadd07de
f418f9e6
0300ffd5
ebfddb00
1be7fad4
1f0f13d6
f20b07f1
22170ff6
fef8f4da
c8da01ef
d60e06d5
e9d2f6d4
d1e713e1
00f5e6e9
fbe1e520
1bedf604
f501e7d6
09d3d5ef
ede6f9ec
d7fdfef1
f8de0cf3
e10d23ff
dedef7e9
ebedf6d9
00f10307
1604062d
f70ada2b
f5e7da10
1a20e3e2
13eb14e4
d40fe5fa
cb15ecd9
00030ada
e514f20f
e8f7c6fc
ee12def1
01d41de6
fb15eef0
eb09dbe3
13ed001b
ebe51300
1c0df108
1af207f5
f4d9e51b
18f0ecfd
1ef1db1a
22fcd7f0
e50d12fe
dae6ee1b
e3cada18
180a08e9
19fd0631
d70e2be8
df15ddf8
e4f01806
24ea1d18
e9d5e405
100bdc1f
f2fb15ed
08f81de9
1c0010f7
d90fdee8
d1f41312
f1e30003
dc1111ef
21e0efea
f3e4e3e0
13eafdf5
1508f2e0
2901eff4
fc1c001d
130a0f08
17f91511
fcecfa16
ddfed5ea
df1defec
0108fae0
0de01407
d9f6ec13
fb1ae703
fee7e404
efec1214
18cbe6f7
fd220522
25d900e9
d30b15ff
1a15daec
e3d30a12
0d14eef1
190028f7
0d0c0801
f512e6f4
131cfc0a
fff5d81c
e4f7e2f6
e1e603e6
03d71004
0510fc34
f722c514
2df3dbed
d620f8fa
eedcea2a
cf0a20d4
1e1c0de5
e2eb12f8
dbf7f60e
e9ecea17
14132af9
db1404e2
0ff6ef02
0afdedec
141addf2
cf1b17ef
ea0ed9ee
d70cffdb
f2e80709
10dcf313
15eceef6
d616d9e0
0d020bd7
f2000e18
fce4fce9
20dbdffe
eb1cede9
0709e11d
e2f0e6fa
d8d9fdfa
01e0e00b
d11bf013
ec01db15
0af1020e
1bd9ed08
ffda1ee6
fff902f6
121be127
ff2c141d
20f1ef0d
070dda20
ed14fce9
1fe8fd09
151ffdfc
04ff15d3
f514f113
ece5e7f4
dcecf1d4
face121b
0b211803
fd19f9db
0bf3f103
f8fa2023
18b204f3
faf92119
2cdeec1f
1d0ce2cc
020019d6
e5d5ff11
fd0a2012
f9f71de9
ec1915fd
101bf80d
1f24260f
0fe416d3
140fedfa
cced1afa
ccf70aff
03171afc
06f92104
00f4e207
bbfa0ddb
de1c01e8
06090d20
e9f001e5
f10e01fc
2f10f8de
c4d9010f
1aeafcf8
0a1c0ce5
e12223d5
f4f80c24
f9eef4f1
d2eaf8e7
efd906ec
faf7d9fe
ec21c620
f50624e1
e907180b
10131c10
dffee414
00fc05ea
04ecdf1b
e4f521e4
fa13ffe5
27f72505
f8f8e90b
1fe0e003
21f4fc10
f41c00e8
15d405e6
dbfbeb18
d8f3e3fc
ef1cd4d2
ebef0313
fbe6e915
2209de10
21ebeb06
13eb2def
f9091aeb
03fb18de
0ad1ebdf
05e901f0
d81b31d9
220eecf6
21dfe8f4
2512eed6
162a0c03
e70203f2
022b141a
ee29d9f2
1cef0109
ebf60a1a
edf333f5
fed7151a
dbfb0c13
f80f1b12
19fe00eb
0cfef5d9
00e20c31
cadefbde
bd18f0fb
16e70bf5
daf6e7fb
c3e0c220
0a02f204
1613dfe6
fc0ffbfa
f3eef0d6
fcf7fc22
0404e208
08270c15
02d01ce3
171cfc0b
11dcef16
0e1b0709
de0de725
ff12c6d8
1ded0df2
07171504
0700ca03
e515e203
f804e5df
0ff120e9
fe23e70a
d61014f4
12db02db
14f21a08
07f1c8f8
e117f3ea
e8ead911
18f2e4da
feede3e7
10e7e308
fd1bd9f1
e7dfec13
d7f3fced
3014eb16
1f121327
20ee160c
ec220301
0efa1d0a
eaef2ade
e7120ae8
e1d7f315
061202db
fc1fdcef
0306f3f2
f4e70e03
13ec13e1
18ebfbef
de00fee8
f00016e8
12161404
1323da06
e3fd19fa
fbe915fa
fe120e01
eb0fd817
1706060a
f8f8100a
22d7dbee
2806e0f7
e70bee33
daec0df0
e2de1b0f
021112d5
e5ffd9db
ededf6f8
c90e10f2
081112df
10eaf30c
0200e7e5
191ae4e6
0e0cc31b
2af021e6
f6e41e02
13deff14
e2fefa19
04d5230c
fae0d9fc
2a23e9db
0de915fa
0cf511f1
f61b050f
f222ff02
e2f92417
0b251519
e10f0202
041e1310
1ffc0607
f412da04
0fe3d824
eaedf61c
feed21f0
001f0802
e1ef27ea
14f2dcf2
1003de1f
f715edf4
f908eb1e
34dff5e3
0c1415ec
02f91e03
e603ec01
0103e6e7
eeda2a2b
c408f1e5
0706dcca
dc23e51d
f8fe19ec
f80500dc
02f10224
e1ddfff7
e908ef23
df011912
faccfaec
f224e7fc
fa1ad3eb
01b514ed
e8e0eb1f
0c09f904
21f3110a
0905dc1f
ddd904ff
2003ea12
022311e2
fc1fe700
d3e8e1ea
ddc2f8f9
eaffe0da
f8dcfb1a
e8f70f00
cc0fe8e3
e40cefea
e207ffff
142611d8
00c9fde8
ff1cde00
dfdfe100
02101e0c
12dd07f1
e610e0e4
f8f70408
111dfef7
de0a15e9
ca0f08f7
08c9e90b
2408dffc
fa2324f8
e7ea04e8
010ef6d4
e91419e5
01ed13dd
fa10e412
0a02040d
f90fcdee
f70513f9
f312e801
f5f60823
130e1dea
fbe92022
eee00709
beff07e9
d7d5cef9
f5e4e7ee
e4e3e3ea
eee51ed9
fa21fe04
0ff8db20
1b1322e1
cae3e314
2405f1ff
e910fded
0b3902e4
f6efe9f1
1c090018
e7e7efe0
f8db08d3
e613dbee
d51adede
f2f90a33
da21d618
f3f8de1f
d7ebfc0d
e60ef229
ff29da1b
03e018f2
f4042d0c
140af7e1
fb0f0f07
ef07ddf4
0ffee8cd
09190722
0408f0f7
f5ea131b
17171010
f8d01ff5
00f2fd23
f5de03f0
1817f314
f801fce3
1cdf0afc
15ee27e3
02e118d3
131020d2
fdfc29fc
e904f6ed
0522d40b
1522f9fb
0710160a
facf2ad7
e3e50af0
f8f4e80a
01e31e00
03e6e905
ff12eb1d
fbe2d606
f61205f0
050fe5fa
232402f1
2532f2f6
e2e10609
f2f2e90f
d6defc14
f1110ced
18db07f5
bcf0def9
01ee14fb
1818ef1a
10c70d10
2ef6f011
ebe8dc0c
ef0b01de
de01f623
c1fa1fec
f5e9e502
f8deebf0
17f210ea
fe021bdb
d81df802
e4ff19ed
1015f1f6
f905080b
f6f31215
131eda29
dae6fdf7
09d7f800
e804f600
0212eb29
1cede4e0
e0e91ee6
db15e314
1af7fa18
e220fbd5
1d10fbf2
ef13f111
02dadf11
06071fdf
f9dc00dd
1f20c1f8
04e61719
db25d8f2
f4eeff0b
f21a0013
2b0bf9f3
0621f83d
20ebedd4
18f311d4
02f712d5
ee0e0702
ede6f9e9
1c10fb24
1f15e709
fd23d915
01d70d1a
f4e10001
04e8df05
20e215eb
261f3839
06080edf
03d9df0c
09f9e5e3
22000314
1728bd02
24f726f0
172bec03
d910eed4
f008faf9
14d5e5d8
0012d7e1
dde009d2
e1ef0105
04fd0efd
1209f91c
13e80f10
05181f0d
27f9f8e2
22022307
f5fbf7e0
1fdff506
f7f3e905
11fde9f1
29f8d304
f41e10e1
0717f108
fbe4efee
06e1d5dc
2f0ff010
10071bce
d8e1f6d9
0e03eef6
eaf72709
e2f4fe02
07ef1d04
ecdedf1e
040f08f8
10ff0c16
fb0d0422
0605f321
e2d824fa
ffe4050b
0b072ae8
0411050d
1d15ebef
e8e01adb
13f33f15
2312081d
ef23fbec
0eea10c9
e32806fb
ddcfec1f
e7f2fa04
e0fefa20
f41020eb
0df5f9ee
d703e81f
1ffe07e1
f3eb17ed
0af01e0b
0f16fde6
f0e9e9f6
ebe00102
08eb04f7
d2eefc04
eeea20f9
120cfae6
f4e9ec30
f8350c11
1528f7d3
01e4fa1b
dffad71a
dfe21fe1
071512e2
f40dfef0
ea211503
fcdac60a
250ae000
db0cfadf
fd1115fc
09eb05f9
ebecdce3
e726e7dd
fb080914
291a1a1f
1511ddf8
fd07f5ec
0226fb23
f60ef71e
20121afd
fb23d4d1
ee160b0d
08021ae1
3e2bd7e2
0b0c2304
12240606
e3e9010e
192412ec
2bfcf8f2
02f6f5ff
f4e6f4ff
062513f8
1d221dea
fb1cec39
0af4d5f4
f8fb21d5
02e53510
26e30b01
28051cf7
121f0ffc
0b1a2b07
14f316fb
e308e00d
f9fed918
ede9bbe8
09daf812
091213e3
e50cf815
2b160d11
1f152bde
1adf0c06
32dcdaf0
3413e306
13fcdfd8
23d4e8e0
0c200600
1717e514
e602f1d9
f2f00317
2edefdf8
0af4e81e
2502f4ea
e9302feb
083901de
0622f2f1
0b02cbf4
df04f6ee
07fdf0ff
08ed03f4
110ef308
120e46dc
e6c63d43
05fb0205
0afeec01
e0fe0016
e8020427
ec0b4405
18edf127
30d9f9d8
25391fe3
f517f60e
2311050c
f7fdf706
2ef817f8
2a2de403
071dd9f7
1306e522
0bf71d0e
0bfff81a
113808cf
e00eedfe
d6101216
d606f122
e5f53ee6
f510ff29
0cefe8f1
1efdfbe3
f7ea1d03
e7240f18
f2d70fda
fbf939e2
e1eadfed
f9f7fafd
dce80f1a
1beb04ff
1adedfea
fb19f1ec
0727e31d
ea11e402
e925e602
dceef024
e91d15dc
283cea17
24eff02e
10e6e9ff
26e10ff8
06eb1824
0f1f32ed
d5f10aec
1d24f521
f012ebfd
0df01c04
000b0921
1bfc0ff3
e81eda07
e60a01ef
df22cbfa
16db0ed6
faff1aec
07e5091f
dfcbd910
0d12f0d3
eae21108
1ef92013
1c12dbee
1eec20fd
f2e20120
160816dc
072a0926
3a001ae0
fd0c1cda
f7fd1deb
06fde202
f2350e1e
ec4d2d0f
0bf9020f
f222fcf0
fcf2fb1d
0513edf4
e514e1e1
ead80e0a
e9da14fc
ef23e31d
ea04e1db
0ae4e9d9
fc1a13e2
02f01c1d
f1e3eae9
fd1ad814
15d501f7
1fda0bdf
00e615f4
f705e00f
f8e428de
e80fe4f7
fce9e415
d80c1dec
00121c1b
04daedd4
f0f3fd1d
1913fe1d
f61f04ff
db0e1bea
e500d71d
e8e60ee3
190c16ea
1de0e607
f1e2e3e9
1b19ea11
0ef31ff5
de0a0219
f5e0e805
0b20dae5
211af3f3
ddf609ff
f10bdc09
eaddfdf8
faf8d8dd
d803fef4
050c08f7
19f0eff9
e5e1d917
fff41afb
ebe9e20d
2202d4ec
22ebdd04
daef12ed
f0ef170c
1818ebf6
f8f0ed06
d81d1509
e105fe1c
e7fbf80e
ebed0200
dde7fc0b
e41ad3ef
f5160b11
21f3ec04
011805d7
dfe21f1c
17ee07f8
23f7071a
1101e8de
000fe607
1bec0a11
f806001b
f5fbe919
d7e6d4d5
12e702d9
fc0cf80d
1bf0d814
ef17d914
0623e903
0511ee1c
e00d1dd8
def1d3f6
e900d911
d7eaf820
eae90bd3
f416fd0c
dbebeddd
02100014
f8e4f2fb
08200015
ddf712fb
0d050c16
04f8fc0d
050bfe0a
f61ceb1c
1c10e4d8
1f24ea05
f3070fe2
19ece909
11ff0d17
0ff202f6
18f70efb
f1f1011e
f8f0fad5
f1e0ea1a
e7dd1c13
d413d505
f3f9ec22
f40c1817
fcfaf2d9
fc201bfc
1eded714
f6e71ce1
f51317fd
181eecea
0bd81206
d7f4d91e
070c0e03
06050d09
06fedfdc
d725e5e5
0e20daf5
17fff2f1
e113d504
ed1cede5
0310f31c
e01c09f2
ffd903eb
10e3e5e2
f701030d
d8fef606
08d806f2
15e416f8
1feb1b1d
f30f0cff
161b0c1b
ede72220
22f718ed
01020405
0ff4f316
fde1f1ee
04000615
efdef0e7
15ff15e3
f709f1e4
2806e005
e91d09eb
f40d1ff7
04e3e6e2
e8f5fee6
1307081c
fe261502
2111fbf1
e11b0ff0
eff5220b
eae2e9f4
1c181d01
03f400fd
fafb0d0d
05dfe91d
e8fcd7fc
25141c15
1b0b0d0d
daebd613
160e0d00
04121afc
de0de5de
da1cfa12
f2e60e10
10e512f1
e7f003ee
1de9faec
f1e3fcd7
1aeae80c
fc01e812
e80ddcfc
12fdf10f
d4101d0a
f0fdec0b
faf502d8
faffe1de
09e505f2
f21bfd17
28e91018
ff0317fa
1ddcdbf0
dd230e0f
f1e5dade
1dfdddfc
e704e11e
f7f7e409
e003f115
14e4f90d
f3faeadb
e6021b28
fc121907
15f7e5e9
10e8e7ed
22130ad5
fee0df1a
ff0cf605
f2f31019
0d002c0f
d3dded1a
ddeee3f0
01f01c0a
1a1bdd18
d700fdeb
eee81922
fcfed50f
0714efe2
fc0a0be4
e20721f9
ecdc18e1
151e12e5
ef1ada01
d41e15f0
1ced081c
1c15f5f7
ffdcd80e
11f6f012
0d0aed08
e1f9ff03
0415000c
ea0b2109
f114f3d8
e7261c06
dede15f7
12fc0ce7
edf9050e
e700dd0f
e7f2ecff
efe4eb09
1dda1908
d7010719
01e817ee
e80efedd
151b12f9
070beb0c
f5f8e0d7
f8d90700
f015ded4
f1e4f7f1
0320edfb
f41adaef
ed09e50c
e6291dec
2adfdd1b
dfebf306
dfec0509
ff18dc05
e1f51e1f
26e6e1d9
f3d90702
1dfbdffe
dee9f918
1c10f7da
f522f90f
ede9e025
efde1f14
0c09e5fb
df23d907
e6f9fa20
04f51304
de2704fc
10fc19f5
1beff41b
0ddf1bfb
020ddd0c
1419ecef
f8f20fe4
1de6ebe4
d820e118
f61bf4e9
1adb1efc
10ed03df
d8dae8e2
02f014f0
e10e1204
f1f9f6db
d70211f4
d9e41fdf
e71edbed
dfefee07
d8e821d8
e814180b
17e4f3f3
ddfcf9e1
0bf2e6e1
09d8de1d
0e01dee2
021705f8
0ef30dfd
f507eb1b
10e2fd10
f0140c0b
0fe7da08
141d13f7
e2edd910
2205fbf9
e206e60e
1ff9e8ef
edd6e60a
e913e904
1e0fe8f7
04ecdcec
0b111d15
2b21eae6
f3071617
dafbeeeb
0aed10d8
12021efd
14e5f618
e3dfd5fb
e1e3eceb
130916d8
150b03ea
ec06e60a
04d916d6
10e7e11b
0beaebec
0c12d7f5
0914eb1e
230cfce2
1b03eafb
e226e5e3
f2e5d7e0
061215e4
d4e81ef5
0f09d5e2
04dff022
1bd7f51c
e31917ec
f7e0ea1a
04f715dd
fce61f05
0613140d
16161aec
1e0c0ed4
11f5eb1e
001aefd9
e3df1cfb
efeef4fc
20ec191e
1cf511df
f50ae7ef
0c1cedf8
e1dc0ffe
05e11d1c
ffed0122
19dbf20f
f41717d7
04fd141b
0e26f5fb
f918ebea
ec0cf5e9
0cee1dff
1214d810
14e50bf8
ed07d6f5
f5151902
1605f115
0dfde218
efe60609
171f22f2
f9de1109
d8fe0e1a
05f4e7d3
ecd4d707
fef40912
1bf6e4eb
f7f0fa0f
f907d7ee
ed1c18e8
ebfce105
2ce8e10b
0dfaff10
0219f11b
1ef6dc1c
f6dcf001
1d1ff702
e0dbf9d8
fa0adbdc
17dbf7ec
d5f2d8f8
f70ee0fc
eaefe8ee
e81f26d8
11131219
dffbdaf3
e114170b
20fbf6f3
f92a0c03
03edde01
0007f3f5
e7f00c10
1b1fe0d9
160f01e4
050ff2d7
fc1eeff2
08040bf8
1f1fd32a
0e041e0c
1a0ffa1d
e7e3e2d9
f2e707ee
f5e8ed0c
dde30303
ea090edb
03d9f0f3
db21d7da
1e1405dc
ed08e8f1
1a07e205
f200fadf
19121018
10dae01f
e0e7f6ed
2015f6fe
e7f005ee
dc0015fe
fae9dfe3
14eeee06
0a02ec07
e6040c0e
e7fe0cdc
030afee7
eaf210f5
0ffa2318
051a0417
1904f9ed
ed000fe9
ebd919de
d80205ef
0603d6da
10090505
0bf0f503
ffd715f8
11081a1f
17f6ebe1
d411e60d
01f8f10c
e5f3d7f3
120a0add
eaf31003
15df1a0b
2a1d0d1d
dbfce7e0
131cf115
f5efe2ef
eb0b17dc
f4fee9df
effb1413
161feade
06df1ef7
07f8de0b
d8fc0004
141beff9
f0daf0ee
fe07d5fa
f7e3e2f9
00210916
05ff0710
1ad61ef3
0320ff19
21eb1306
010ce807
1a14dde0
dc1ae609
d500f1df
2302e1d6
f8f1d9f1
0f1715fc
01ddfaf6
f1feea0c
06161921
10d6e7ec
1c19dc19
1907d9f5
f01afe15
e713ecd6
0d17f9f0
faec02da
19d70ee3
101a0c1f
0109fe0e
f2db0ed6
ed070ee7
e30303f3
25dfd509
0316f5f9
03dc030c
d91edb08
0503e3de
f023280b
e8d9e51a
02131f11
e5091a0c
ffe4e7df
2cefd4db
10dae012
2203e320
18f5f9f9
e6fc14e4
1507f3ed
160ffc09
07e2ea15
ded90c03
0bddfce7
100afa0d
f4e21114
db0d19ed
0fe501f5
fa12fd17
e2120914
eef6121f
f40c1303
060ee726
0bfdf31c
13e6ead2
ddf716da
e30c0816
fbe7eefd
07d7fada
050e1304
dbf5e4dc
08ff1bd8
e8d4eee9
0f09e3ee
0fe71925
0f0ef0e3
0317e60c
16eff4ed
1b0514ff
12dd140c
f904ebf9
e91e02e6
14e117e4
0002f007
020b06f3
dad30df4
0feee807
d31df71a
e0ea110f
f9260707
1f0b1de2
f31cdbe6
fb11f9d9
0ed8eb0e
06ed051e
200414f0
1dee1c1f
d5f4e4e5
efee05eb
fb10f002
f60decdd
d7eef5d8
edd9e120
e31aec08
d6eae712
2406e9dd
eee6e2db
061dfce9
e50aeff8
e71ede0d
fcdf15f0
eef6f7f1
e8f5081c
0ff6eb1b
0fded5d6
0624f1f0
03fb0be0
100f07ed
e8f300e7
04f4fb12
19fa001b
e2f014dc
1e00d123
e512fb11
02d9ccfb
f8fdeeed
1b261a16
09f0fefd
fb1ddf1c
d8202622
25faf7fc
e91020f1
fcfcd813
11291ae1
21f4291b
f80ee2e0
f9050a18
f22713d8
001107e0
2af5040e
2a2123fb
1f0bd422
fbfd0d02
fbfb01e1
05d8f213
040425f5
e61300f6
eef0f405
e3dae9fc
00212c12
ea1a08ff
d6f90ff8
0b080d03
df28021c
fa10e7f9
0e23fd00
410f3617
d6e91b2b
18f31ae4
ff10fc1e
e7f3dc1b
fbda1304
e7f9e814
3afe28f5
2c0dff12
efd8d9f6
fd221f21
18d80c0e
f110e418
0b0e0501
13f6d0ef
fb090806
0dfd2410
3be615ee
390e2af5
e20001f3
0502f815
e71e35f4
ffeddbf8
10fffdf9
270701ff
fc21e0d7
f1eb1a24
f7e7ee0b
07f5fcfa
23f1f8e3
fe3802f9
ea1811f6
e80fe7ec
f4f41e24
e3fe0118
f225ecd7
16221ff8
f1ef28f9
ff25fcea
eae4380b
e82fe2f8
1007f806
f42705e0
10d7d7fc
f10ee7f0
11fe0fef
fbfbe5e9
29e308ed
f7f50a08
0305fa1a
dadcdfe6
0bf7eb15
c2f9f71a
feff210d
cd1cde2f
d32f07e9
f825da32
df1d2449
cb07f024
0b16e9f6
0222f103
11fd10e1
f90a0515
00122118
0117471b
fa081c1d
0025210c
37d715fd
cfe9e637
d4ddf606
ea17e308
10f511f1
ede2e201
0618edd5
17080906
190be81e
f9f5140e
e0c7e9e8
f3e90a18
1be6e9e2
0106fbe5
fcfb0716
ec151018
13ffcc00
d02c0915
e00522db
23eeecf6
e243160f
2214080b
ede705e5
2214dd06
e908f6fe
dd1be2e6
08231a0f
e010010c
02efe822
fdd9f6f6
26110819
ec090524
ddf0e215
f61ffa2a
f6ed2b26
f35ce701
0af34be3
1618161b
f9271906
e214ffe2
2a09032f
e322f924
1238f0f1
053022eb
45feed27
ec00e3e2
fed61f31
f1f3d4d5
cf19100e
fb0ce534
14080a03
000e1432
102520d5
0bf21228
171f3e21
0932dc02
1ef8faf2
ebff202f
0811e3fe
ec1cf5fe
ff1a272e
17f00b0f
03d7f6f4
fa230c1a
3ce3081d
caf4df15
fdda102c
ff0c1400
03fc11ed
10e61206
2be8d411
0f0bea19
f52802e9
1a10f604
fecd1b10
1111db18
e6f6deec
0dfffa08
29140d28
26ecfe13
e5ffe604
f1f5bee8
0ff201eb
22eb0a0e
f13010f7
e8ef1106
f325dd1c
f2f4f40c
26d6fc20
1b2b05ff
0e1432fc
d8f906e9
dfe6df29
1403ea25
2c0c1c13
02e61d07
1eefe7fe
e5050ff6
c907410f
14ecedf2
e6f8ee23
e917e906
dd0b13e5
042d0b05
fe0406ef
ff1ceed9
dafe39e2
f4311913
f615ca0a
fe130ee1
f212cfed
ffff0ef1
0ffc3ede
1f0ade2b
ec20110d
f71009fd
f206110f
29f4fe16
1d223529
e826e125
0b14e6f8
e6041626
1d15faed
e81528f2
f0f8092b
e7e7250b
e9190414
f31e290a
2a080c1c
ef141410
c6e20b38
f91f0beb
241bf5ff
3ef60732
eedee4d6
f500df27
e8fe05dd
1619fefb
dae5f20f
0901fcef
13fff80b
360200f2
fb1ee7ff
e0e1f52f
ee33ebfc
e60beffc
1bed02f0
33e30815
e3faf3ef
f204fd0b
13e9da0e
f4e0dbf4
eadce9f0
d6fee403
1a2f0ef0
f9170005
150b0f36
0beae402
02eaed06
e2efe919
023022eb
181d1b15
fff42de1
0122d901
0b091c25
e91cf6f1
1dff17f4
0401ec04
f4efe8da
07122211
ea18fbed
10f6f8e8
2b1c062a
092bfc11
e30206fd
d70bf50d
d1faed0a
22e6081f
01261ad5
051cf8f2
06f92719
fdff241e
2b2d070d
e721182b
15ffe523
1f070b0f
f2f2ebea
1df4e305
03ff210d
ff1cf705
f6d222f8
e5ebf408
02fa1dda
caf30b33
01f8141e
1b14eb12
04f7fe1b
e9ea1633
1cdce6ea
19e3e2e3
13c91012
010bd110
ddf31210
10e0ebf8
eaefd81a
24261de7
22071006
24d1ecfe
0012d41e
0d21fe1c
eafff101
29200419
effbdb24
08fbe205
0ff8ddf1
26fd1310
1c13f307
02f8e6ff
f6f527ef
e9092c15
0316ff16
e9060222
0bf83020
1a09f106
00f11fe1
23fd0f30
fb150b07
df1d1cde
18e70622
dbedefe4
0915e625
ff13011d
0fdfea2d
f8e21a19
ff2014eb
f8eddf05
3824d224
dd3304d8
1e02ec28
eaf005f6
f6fc0ce8
ccfcdb1e
1b0d10f5
ee1318ed
f42d3809
04f30516
3223231d
e13feb0c
21e1f30f
f90b2118
ff02fef7
14011607
20faf93f
0f101819
1412e016
ecfcf00f
efdef1ef
d50be92c
0ee7da1e
ffffeff0
e714e01e
0f1deb3e
141a0119
edf500f9
12051918
f3d4df1a
d5d2dfdd
1dfa1aee
152cfdd9
080529ff
ec0f00fb
15fd1b2c
e1ff23f1
0ceecaee
19f0221d
0ad6e214
122c190b
fff91efe
080afdda
e8e71ed5
1013eaf4
00301116
e01b0a00
edff2b20
f638e834
19da092a
f0332af7
36dafefa
1becf6de
0b110e29
ec1c08f7
02f524f5
1c06f815
e831f5d2
ee400f1c
09f0e90e
1e28e021
000dfcdb
192e3ad8
02200df7
fd131114
d81f0f13
0ff6f436
f3e7ef03
1717fde2
ddfc28f9
12fbf010
d520f92c
ebf0f9ee
13f20e23
2506fdeb
1d40fe28
0229233a
ebfb2e2d
18fff310
1ae83d19
efe90e4a
181d170e
db1dfa13
e4fc1a15
27e00515
f713d511
f411f41c
eafefb1e
041a0e05
01f60030
1cdef31e
f9fb1710
21cc150a
dde7d4fc
f90adde0
f702eaff
e515e81d
ebf303f9
1014eed1
f1120c1a
dadbee19
0b2e0830
271230d7
fc0dd8ed
1e2ae7e2
ffd8f413
e71ce50b
3cf30416
16eae212
f10e14f5
de2e0dfd
05f529fe
e00ff32f
fb04fb1e
26070c03
180a1300
28f50dde
ed12f220
d025e4fa
fb0307ec
0709f2e7
e20822ce
e235dee5
e8111dfd
1223e622
1019f6f8
063902fe
f611f507
121c2302
0d341ceb
01f7ce07
fae1e21b
141ef6fc
182aff2e
e5213226
d504e2fd
01173325
e10f0c31
16221a12
d4230e33
02f8e82b
f2e7181b
0b05e904
1319081e
e7f707ff
181604e5
d5dfe317
13171d18
02d0faec
041ef930
c3d3dc05
e53bef13
1fefe508
f8e419f1
fbd60a1f
111c102c
f409fdeb
18fefa22
1dffedf7
1018ff22
090a0516
07ed030c
12de15db
fb010cfb
1af0e6fe
fb16e923
10ec2aff
171f1a0c
1dfde0e4
f3da1fe3
20eee70c
fbea1113
3d0dd50c
e9f4dbf1
f601f6ee
16350504
f223d3ef
fadcfd0d
ff41f9e7
1f180f01
0bfdfaf5
d91b18f9
dce828ef
ee040d27
dcf8e8fb
ea01bad5
1b3f0804
f6ea14de
effb14ea
fdeffe10
1c0934e4
2a14f0e4
16fff409
da1703ea
fbeafaf3
1a070b12
e5d9eef4
181dec21
e327fedb
04f4f318
f5e711d8
130de134
330c251d
043bfe33
0df4ec2c
0100f4f5
f7f119e5
21df21dd
0ce31318
06db23f7
d70d1cec
1affeee2
13062bf8
0bfcdb2a
d3f51d37
ee09cb1c
0f09190e
ed11f208
42f90209
2bebef1e
0a0bf0dd
05e709f8
e604e319
dc0b1719
d92adff7
15f8e9dc
24d1f1de
08f52010
06effdd8
eaddf110
1b1f0edc
3cffdaf3
11311bf8
02e9de1d
1023da07
37f3fdf3
3412dadf
01351c11
e4f3030c
f00612e6
09e3f629
e6f52d19
fdd2e8f8
f321eb18
e62ef41c
e8f7f01f
e2dfd9e1
e428dd18
f911f601
05e3e3d6
e1d5fae3
ddddf3f1
14edf32a
100d000d
0ef2f016
fd11131d
d30eddf2
200152fa
ffcf1115
e1f401d9
30d81815
2aece70a
ee1a2711
250d1326
fe29c31a
dae8f2de
48e6e3fc
03eff723
edd3f615
e8e829d5
d7f1fc1f
15fb180b
e40aff2e
e2e6faf2
d501f023
161b45f9
c8d0dd18
d8dfe1d5
1dec17cd
0bf505ff
ed0721f1
0704ee1e
f8dee718
2f0c20cc
061ae813
d50ee205
241ef5fb
ffd0d504
eb36e7e7
150817f2
0a0fdaeb
e9d9f6ee
fa02fffe
18f5f21c
35e333ef
f40ad5db
14f603fb
ee19e0fb
dde229e9
dde30de3
30fbfd0e
f7ef1cd5
ffe816e8
e5ff230e
14efde0e
1213ee17
23cbf7db
020cf0da
f3f3ec16
00e61d11
1101fcd8
01121233
d4dee118
0cf0e6ed
2204f505
1f00f2fe
0fef161c
ffe70a03
0317c720
1e0e0833
bfed20bd
defb571a
fdef06dc
13e8e5fb
f8e4f8f3
2fed1cd6
f8df2803
0c03e716
1123c805
db0a08f5
37e90407
312df6eb
f3f3e9fb
021d03fc
08f7ecef
2edd1bdb
2eebd329
210beddf
1c19f32c
eeee09fc
d2f5fad6
11dad7f5
e2d7d905
190f0914
17dbf20a
19020104
ea13e2f3
31191bbf
1608d50b
e50ad81b
efe2dcef
d1ccf3e5
fed1fbf9
080ef41e
cb0af5ed
ffe4e8fd
db152de0
0100fc08
0dfdf30d
2115dedd
d718edf6
0fe8e5e8
e30f041b
d7eef402
090beadc
d738defc
1d16ce2e
df181f1b
e1f30d31
2401ee0f
01f6ecff
d310d4db
f5f6d9e2
1ef4d40a
ed090b05
010a1522
1a062316
15eb0310
21f8fff4
e9d5140a
ffeeffea
03fcda03
1004ef25
2204dc2e
fe071dc8
0de95823
13e824df
f7ec09d9
0520ca04
05dbf3d8
2114191c
ed0efbd0
19ec1123
072515e9
4ad30e08
eb21e708
13ece5e3
f7de0dfe
09040f15
21ea17ff
241e08fb
11ddc90c
e4dcf9ee
dbdf0600
eb0309d7
19e8d90e
e7fef109
0c13dc1a
e9f22911
09f60728
2012f7ef
3110f308
f30af1d8
ea15f408
fff7f4ea
0201e409
20f70203
f20ff6e7
ec05d5fe
141cf924
041f0814
2fdfff08
11de372a
3cff0017
0c2c0f05
20e800f8
f3dbf710
060212ec
2ffcd80d
180ae00d
fd2acaff
fa20eafa
dd0f132e
030e0ecf
e7ef0ce5
f8efd90f
00ee1e12
dddff90a
dcfe1e03
e201152d
1409f504
de17f8dd
c8011ef2
e30debec
e4f8dffd
eaf60fe4
13ffd83f
d30ddb00
f4e7dc12
ddd41aff
dd0a0807
1118f9e1
27fd03f3
0f09e10b
1d08e3d2
df10ea24
31f8f300
16d6e0f4
32f60223
05e1fafb
e92ce014
0afbd3d5
ebe60ed7
e8ebffda
e5020334
1021fdd5
16f1171e
fffe231e
f5f31f0b
f5efd2fa
1e1ee9d2
ec07e3f6
13e11708
260d1efa
f814f917
e61ae4bd
e0f301de
05ee0eda
1818061d
e6dfd7dd
01fdde1d
27e8ef17
1807d4dc
d010ed16
002b1822
24fa08d5
23d730f2
13f81e12
def7f111
1af001e3
12ed0210
f1f1eb1c
2dd7e9e7
d7eff9e2
f0d7ec12
da0bf113
0410eb1e
18fe2bf7
f9f8de02
fd2ee5f7
dd081316
e5d4fa00
0226f7f2
0802000b
d613130b
e8fbd5e1
d3d7fcf2
ffdadad6
12fcf3e8
fbd20006
1e06e21c
e1d0f0e9
0ae4f7d7
15f01a15
1519e9d1
ecd4fce8
0bf8fdeb
eccd0606
ece1ff01
0af5e316
f5f80a12
f6ee09eb
230917f5
0b1ed6cf
f0ee1ace
f511f2ea
d1f106e6
f00802d9
111513ff
0f17dcda
100e0afc
11f814e5
20f9fafa
d918d5ee
0a16e512
33170f04
04110ddb
e3070bde
01150bda
ebe203c0
e0e01a04
18f71d13
fc011c23
0f0ad4de
0af7f0e8
fff5d50a
1d080d1b
0f20e0fe
fef01ad5
0b06fd1c
09e20200
e90c0406
f0fed5f5
f21902e6
0af3d3d4
02dcf414
22f4e9d3
fe1dff20
151718e5
eee00cdb
e0d00312
e7e902ee
e313e706
e8e9ebcf
dcf8cdd6
d411f2cf
f21a310e
09150ff5
fbfcecd7
08e202fa
09df17dc
0319d900
e9d7f801
10e700d9
fb1d1820
0be8e710
dd200fe4
ea102bd8
f50b18f2
d4131b15
04e1e61e
edece0eb
e6d5dc10
010d15c7
0ddc0017
f0dae8fe
07071f0f
f02b01de
e7ecf7eb
08ddf1da
d9eb1af3
22dbe016
1bddf10f
d713e7e9
1c0615f1
160025ee
ed0f06eb
1bd6e408
f20df600
f6ef1018
121f19e1
fcf4ef1c
db13da16
160410f3
1ee4e706
e6fa1505
20091b1c
dedd00f3
f5fcf614
dfe0f017
f0e501e1
d2fdffeb
15fa18f4
09de001f
f7d61d1b
2fd8f4e2
0f23edd2
ebece0f4
f1e9ef10
0019ffe0
201cde00
1a17da01
06d2ff0c
03d2dbfe
dee20f11
04120502
e9ff0a06
0910f32e
0cf2ead5
d01610e2
d9061724
ebf1dc33
05fcea12
db1dd6e8
de0c0911
1b0b17d3
f81b14db
1bf5d9ea
ddd71741
e00eef16
070d0814
05f41909
f1dfe8e6
04151b19
2301e920
23e90516
ebe1c1f7
0010dbf8
00c2f2e8
f3fde806
38e5f60f
17e3de00
fdfc0cfe
04d5df03
14c8ff02
d62614e6
17e12f29
e2211fe4
edf2f9fa
06e72c1d
e9ee31fe
de1d15d1
01e30717
1ff2e5c3
cce709d1
e4f514ee
f009e6dc
d704f0ff
eec0f009
13e81600
170d06f6
dbedd419
fe2107dc
24f1e6ea
1424e7fd
0e03ffea
1d15ed21
f9d70210
de010012
0311031a
04f20f09
c8fd15ec
f5e7fbfb
d9d8d9f4
e713e00c
0c05fbeb
13dd2316
dae206ea
e5f91107
dfede3f6
f8fdf9fd
0117f321
1ee1f11c
f8e0e216
06fd061f
0417f513
fb0602d5
ee280de6
ee000011
d2e7fef9
0add12c8
05ec1e0c
1c00fc46
0516fffc
08f1eae1
dcf240e8
f6eef420
fbe1ec14
e5dd28e2
20c3eaf6
e7f903f0
01edf1ce
ebd41714
ddfdf11a
01c7daed
fb1df2dd
0d08dc02
d3e4f5ff
e4e7df20
0ee8e9fd
26fdf3fe
11f0001b
1de50126
d8f0e9f4
08f2e5f7
d9d90a11
1a110b06
22d4e2ed
1bc40f00
f9f7d9f7
eaf4e915
e1190ce8
d6d3e107
e7d7d817
0214f2e4
03f4c6e2
0df602dc
29e104ed
f5121004
16dffd17
fd352614
21e3fbe6
fa0aebde
fcfae4db
19e1071b
f2ebdd06
f10c13d3
08f4f6e7
f11d0c1a
e607d91b
d601f8ff
e7c9f81c
ebf80aed
1f07f612
d3f115e8
0519cce0
f2fb18e8
ebd9daf3
091d1ded
1c25e328
ff1904e2
04f60a06
12e8f910
de16e8e4
1909efbf
da1805e4
142af154
eefb0012
26ef1c05
d0243710
f210fa10
c8e8f20a
22d5f0e9
fce71e1f
dfe6dcd7
db18f6fb
f2c32ddd
e8d80deb
28fc03f3
e4fcd8d2
f0030fe8
0600e60c
e602ebe9
11e9c416
171f1103
e001e102
fa0fd6e8
0b21e30e
fccfeada
0621effb
0fe0102c
2cdecdf6
25f0e1db
001620e0
1ce6f0f5
f50ffde6
f309f21b
de1302fd
e1fafbd8
effcd317
200517ec
eefbebe4
f917ec12
e4e40dff
ffecfde6
1eeeeb0d
1311e3f9
1f17deea
ece0e7e6
d9e0f4dd
fa08eadc
dc110501
e4e0ff17
fad6d5ff
fcd71832
12e7dbe5
eed7de14
f0deec1d
dbf8dbe9
1a1eedfd
fb05daea
13fdd4f8
dbf123de
1200f4ed
f01513f8
010e1cd9
1ce9dc0e
04fe1df8
e7ff1407
f9dde3f1
14e2f51b
e2e0d822
130ef8f9
d80cf5d7
03102212
e1e31915
0aee1fde
e1ec0f12
f7dfe40b
fc20d90f
f8f50cdd
1b1510e7
11fbda03
e407f704
e00106ff
0019ffdc
e6131b11
fff9170b
0ffadb05
eb0712f3
1a0cdae6
d6ed190d
17181ddb
d9df0302
fa1ce904
04e6ee0e
1ff10c0f
f2f6df0a
f2fc0bdf
f9131efb
15e4cd09
fef90af2
dd08eaea
0b1005e5
fdfcecdb
16ecf111
d9d6fe03
f7da0c0e
0ade16e2
e2df2a1c
0edb1613
19fce5e9
16e50ee5
18f7fc11
101cf0d7
1cef01ec
06f800d7
07dbf4fe
fefefb1d
ea07fae9
0723f314
eff20ae3
f9fdf810
0aefe40d
f8090003
171b1810
df0cf105
18da0400
19ecec0b
02fbe0e1
270aece1
21121cdd
130d0ddb
12d82104
20fad81d
ec1ce119
e01f10cf
ede7f1f0
10080cf9
ed080ef4
1f0d171f
1cee09d7
181d10dd
dbd6050c
d4ec031a
00f3e414
0703efd9
25ee1322
161815d5
1700e1ea
e00ff7f8
e8e6fde0
ee160cf4
f8f11120
ee04010a
1debdb17
0905de0f
03ebe1ea
e1dc1006
02eff7f8
dc0ee6e0
150fe4eb
1a160fff
04e811fd
d6e6eef7
e6e8f115
f911221d
1400f5ee
e9fcd4ff
0ddc0d08
f4161ed5
03f9dddb
fcede8ed
14ebfc0f
dfe010e3
181aebe5
fef4e111
fa130a01
ddd9f318
0805eae4
06fe1cd5
0fe2eb1a
d4ddef1e
eaeee7e1
02f60a1d
f6e91513
1c05ead9
1df819f4
131c181c
1de506e2
0e1bddec
e4e0efe8
e0ff2509
e106060f
07e61e19
0d071006
ece111de
fafdea1d
f0031bff
e21fd805
f8e2e01a
1b25fef2
1505ff03
05fdf0ed
f2f0d318
e103f9df
1907d701
e3e80507
f9ec1023
20eded18
2109f7df
eaf71e06
d9e1170a
f6ee1afe
12080e10
2113f2f1
0325efd6
effddfd7
e4f20509
deebf503
e3d70c00
031cf015
e916dc1a
fee3fc01
db02e3df
0ae8fe19
1f1e1eee
f413eee8
eafad501
dafc050c
0df11fef
0efd18fd
04f706f8
e8db0717
071a0c08
f2d916f9
e107fafa
f8f9fbd4
f2fc0bf2
1f070beb
11160314
e0d8fae7
f4df1dfa
0c16fa00
08001ffd
06020be6
1903f6f9
ee0b07e0
e2140ff7
1fff2a0b
f019d8e9
fa091cf4
11e213f3
e1fbee00
f0efef05
13010be8
0c0b0fdd
14fa0212
f1de05de
04e2f8eb
df16fffa
f611dcfe
1befedf5
0bf50dfc
e61d18f1
f0171ff5
df1021d5
ed03100b
e5080020
081ed822
08db0207
d8f5f206
1af1d51f
18dffdf6
1e00deda
1220dbf8
f8ded8ee
1aec1bdb
fbeef9eb
dd02eb10
dd20dfe8
f3ec18f4
eff3fdee
f01edd0a
0113f508
1bd4ffde
ddd622d9
e0fb1eeb
e7ed16db
eaeef2ee
0cd8fefe
03e21b10
0621e9fb
1709fcf8
1b0f03fe
fdd904f4
03dcdef5
f001f809
e213d7e2
dd1119ea
10eee3ea
fa162c0c
e20cf5d6
ef1dd7e3
fff8f2e2
e804030d
1e0400fc
ecf106eb
0bef05e1
d9def9f0
18f3f2f0
daf019f3
e1e3ed12
16e4e1f5
e2eae6f9
ee1fe0e5
e4e419d6
e1e00514
fbe820d7
03070bfa
160af719
e1ea0a1d
010417e3
e0f705e2
e6e1d513
071d0c01
f7221611
2405f523
011b03f5
e40be0e2
06e8e7dd
ee1a03e1
14f9f800
ebf01eed
0307d809
001befd3
1d1a2108
0afa25fd
0bf9e4ee
fbf7e0f4
16fe1ee4
d41bdf17
e7ee25fe
e40ffae7
16180700
ebfcff1a
06dbe512
f2f5fc19
13d8d9e0
f80be611
17032014
f609e3e2
1311d611
1ce2f50b
fef1f1e8
20fc1cea
f6e335ed
20dbf2d2
f6fc0ae3
12091315
061d16e6
1c1f240b
f806fafe
250a0f17
190a0016
171e2014
0f05ed1f
17f8daf7
1d0cea00
e90404e4
08f70fd9
faebeb10
ebeefefd
041b1ef3
16f6f61e
10141bf7
dddd0224
03f82021
0d07f3fe
22f00ef4
dc20de16
0116e3fb
020fe218
0d29ea10
1d0528f5
fdf8e1f6
10ddd50e
1c082011
0bed10f3
dfde1002
10e6f80c
e61beeec
f4d818e8
f432fc01
21f7e112
1119f0df
f506d2fe
2211e2fa
dc1b13df
e617d6de
dcf30a22
e1e412e4
e8101601
ebff0500
fb0b071e
1d121e18
e0dedcee
fee41be6
ef10d7f7
04def312
dadc0c1d
edf9f2dd
151213d9
e9de0712
ebe11b1a
dd1e09dd
0e14ed12
ddf90ded
e11de0df
1305f00c
1bf7f3ff
f415e1ec
1c10e623
13f1feff
f2101cf2
e606ff1d
d8d92003
ec1d0eea
f6edf91a
f818f416
dfe7f5d6
f7d8e808
f9e9ebe3
f812f007
26dd11d9
f5fb01e3
18e6fcf2
1b0bd9f8
dffb1bf9
17fde9eb
0904f701
14031ce1
1c0e04e1
1ae71506
1ad5060b
def6d9ee
e51318d9
e41b161a
0a16fe19
040ddae6
fadf1b1b
e9150be1
d715feea
060bd80a
efe701ec
f6d613f1
0619e105
05fc0dd9
f5ed0c0a
18dada0a
13f6f6fd
11f7d8d9
e518fff6
f40ff5d2
dc24eee4
0af8d7fe
13e3df13
1cdce0de
f2dfe9f4
dff8f916
132207dc
0006ff03
f8f9dfff
f30e18f7
1408060e
d40fddf1
e8fcf203
e106dcfb
01fad918
ecdbefd3
f010e810
dffddd0e
19e608fd
15111903
090a0b05
ee16ecf2
e414f719
d41ede05
04f517e1
0507f3e0
e6da07e0
f7fef3da
0212f61b
1fe521de
1fe0e31e
18daf7df
f9f2d814
11dff60f
fb05f40c
e1000213
e2f214e7
0dfb03e9
0a0619ef
f50af2e3
ea1bf507
f517290d
0a00eae0
f71801e8
d6f1f918
e70701ff
e3010eed
d306fb17
e7ea0af1
f3f6fae9
20fed70d
0f03e50c
ee22f112
d805e012
f61901df
1cf2dff6
eb18e2ed
fafe1412
0e100fe5
ebd5eb02
1d0ef3e7
08e008e2
dfec05db
e70ffdf1
fb0d19d9
15dbecfc
def30309
26d5f013
0ee60b11
e2f0f21e
fe22fde1
fa1c1bf7
0fe609f4
0d17e4eb
fde5e4eb
f60ad3f3
e7f9dcee
09f8fad4
eadcebf1
ed15f6f5
02e00ede
270fe3fc
f0fd1df5
e0e9fee6
dcd5e4ef
1a0cf80e
e316e60f
ece20102
ed08001d
f717d914
e9e8fa19
0909db17
e8dfdedb
1efce1f7
dcf7f9ea
dfda07e2
21e911f6
00ebfb08
ff08e4ff
f0eef31f
1dd711e3
f20ad5db
dcf9f6f5
1a0e00d7
f6e6e318
0f14e916
201def10
e1271204
d619e81a
f410edfd
17faf5dd
04fef8e7
d5120de1
02f9edf3
e40d05e9
f80be8e4
06e90110
0ed8e705
19edf412
e2d5f9e8
101a0f08
e710f919
fdd8dff1
dae308e0
1ef3d3d9
f104f90d
1507fc16
f0e4f7eb
de27f2ea
fcfc131b
f8d909e1
e9f6080f
d40e0b17
04ec2007
1ae41ce0
20d50ef2
df0aebf6
160c1afd
12f8fb2a
daf4ece8
eaf6dddb
e6f409dc
00d7e6d9
e00b09e1
e1dc1603
e5f91cee
00d4dc0d
e2f31a19
f809f502
d81df9fb
dcdc0adf
f6e1e3f0
1eda1611
1fef1b19
f4ebe5d4
1716eb02
11eff90f
e8e1dfdd
ed0de919
16fed7db
19f3d419
eaec141b
0cd91414
0b141feb
fa12da03
0bdf14ee
db150605
17f83adf
13e90ef9
2308cdcf
12b2cbfa
e01814d3
efe8f60e
f3fae3ed
1819d6e5
03160823
ed0a06f0
d6d81204
1ef2e412
00f8edeb
e206fafa
fbcb26dc
ef03ecd4
0a04e3f5
0bf8e6e1
1d0f420d
e70100ed
1b01dee7
f51bfbdb
cfe21e0c
24cb02e0
dafc1ff5
1500e128
f1c205eb
edfe11d6
c921d6f0
dbed12d7
18e4fef0
0002e41f
1b1ef019
f0e8cc38
f1e7fefa
e9e8dd18
151c20e3
d905e2da
05bd1df6
be02fb06
0df501f6
ecf81ada
f2150fd9
11ebf31f
16dae6e6
002406e6
030eec0f
22d6ffe7
07f70808
fcd8edea
da23c4e8
e9ecf0f0
231dedee
13062bea
e8f20d1a
ee0120f3
170ce40d
2217fb26
141314db
efe8f311
dbe2e7fd
fbfef3b7
0915fa03
fdec1c1b
ebd42be8
f4ebdc2f
3011e6e9
28fdfaf0
c701daae
d5f9e3f0
060b01e8
00fdefef
0efcd8f1
e80cf31d
e00e1428
051110e0
fa06df19
11e7e112
0209ec18
e51b02cc
fc16f612
d4e3d5c5
1cfd1ce2
020d11c0
ede80606
c5e8d1f8
d4fbf0e8
1003f1f2
0c0f2111
e424dde7
faf11309
f6d8dd2e
a62a07fe
ecf310d2
14fb0bd6
e7ea1812
fc031bf7
1012d2f0
2ee2efdc
11e31219
0def2815
dd08d31f
04cecc2b
ccf31d0d
fff4f621
ee06020c
c7eee3d3
3aec24d5
fef7fee6
e813e8e5
f51be0d7
ece91705
d518e11d
f9db05e1
dbe1cd1b
fc0dd61c
fae6ea07
f6c31105
e2c609fa
fc0f0d04
35e5ff0a
29f80bd9
e714da08
e3201f14
e9f8fbc0
00f8e4d5
e2231adc
0df70be3
1bff0df6
0900c90f
e0fa21dc
2bc607d3
c4dae4d7
cce7e0f9
47180c0a
ff23d4d9
f71919e1
02d51409
1a10062a
300d171b
f4faed0c
101be727
24dcfe12
e42bf7b6
2d1c050c
e9fb07dc
f2e63009
e5d72df7
dedeedfb
e5f0b601
b9c4e5ce
0ce7cd20
f4f11fe1
f7f6f81a
18f9ff06
e4020ffb
d01efc11
f000e8fe
f1fff7ec
1fef0ff4
0b0807df
fdf3e6ff
19e0e61f
161ef5db
0bf3d61a
ecd401e0
1902fd1f
d50f221b
e20b17d1
d91de8e9
ce121f26
0515fdf1
2312fbfc
e606db04
0710fbeb
16c5dfe7
e9f60328
f3d8fffb
b6e2cdd9
f405fefd
1afddd0e
0abfebe2
e1defe24
07f202f4
1bff0500
1a34f2ec
1aeb0d02
14dd05e0
d505f7d4
11f11bfd
0e01e001
e00ad3fb
f0ee1f03
e4e8cc0d
150419ef
0cd6ece4
de06e1e8
d3132303
11020cf6
0ce1e8e4
df12f81e
edf32de9
dacf0d17
01010826
f4fec3e6
ebf5e8ff
11e61e1d
dee515f4
f300ee1e
17e2cb0d
dbfaf3f5
05082612
15f013f3
27d9d5db
cb29e9f3
e3f211d7
281010d9
d429e619
0fb016e4
08f3d201
d80ce7e3
d1efeae5
1a0ff6cb
102b1e1e
230edbdb
050dc918
d4fdfeea
00fdfcf3
faecc71b
eeead80c
dddaf3fa
e9fcf0e7
170702df
11fbe90c
dcf815dc
f2211ae8
ed00f91f
f9e6fcec
daf7edee
07f1e0fa
eddffee7
f810d5d5
0d0ee124
c4d101e1
dd18e5d3
1cf02f10
1c112005
e6dc271a
14f8fbe0
e9fcecef
11f01cdc
ee0905ef
01e3f715
c91e26d7
fbe8dcf3
fe2eff20
122e22f9
08dcdb1a
0efc11e2
f908d817
02ea12bf
f31415fe
06f71c0d
faff1ccd
1503f40e
e9de2d16
06e0f01e
14e825f6
f108dee4
1bfbeb3a
1203fe0a
fa2d06ec
1ccd280c
11001bf5
e80417ec
f6fafef5
f417feea
05e60418
f1320ef3
f8d9e31f
10e5f4dd
1806d1ed
dbd326e9
3923f8f8
cdff1dc2
d9f629c3
18ed26e2
e1200100
0314f6f7
3307e0fb
1c17d9d9
cfed1302
e51a00e1
f1fad718
1c03f8fa
b51dfaf9
d4f8f908
1fbef9f2
fc1627f9
f2e120e7
041f01f9
dc1f2ee9
f90021ff
f8fa1902
f10902f0
f8dae3d5
b5fdcff4
e80bfc19
f3dcf80e
24f4c603
f80bdef7
16eefe43
231fdff2
00340d09
12dcd5fd
05f8f912
11e9e513
01fddbcf
1c1d0f13
e229fa17
17252b08
e517c2f3
f30629f0
0ef209d1
eff104df
e5100b11
fffad804
012feafb
e7d9e1c3
fbe5e406
e2eaec1c
f6e0e916
15fe19f2
20d8121c
1909161e
e936dde2
f913d5ff
e6dc0dff
21382e21
deef02c0
0af306f3
fbf3f4d8
c210e714
1ee3f1db
f80bf0ea
1f350825
2426ffd2
0f30e60b
fb4aecff
e6130fca
e208f4d3
1342dbe2
1b180bdb
2ee8ffc5
fdd2ca09
dd130314
031421db
fa19040b
1518e708
fdf1131c
e0072c20
e2091716
ddf0190e
fc1004d5
dc172117
221934e1
15fafb1c
e4e7df0e
fe1f1101
faecdbdf
f0eac7d6
f3e702d7
ef0fe710
1507de0e
eee214eb
13eb3d2a
fd06060c
ee021e19
f3fceb04
f2fa2a04
09dc12f0
e3200719
0c1610de
d427d4ed
f928f304
02eb03ca
121af309
e503ffd4
dad7ee0a
ebf51edf
0acae4ee
12030f1a
0b15f302
12f82fd8
14231b21
f00c0302
040ce4e0
06172310
de08e805
1119e9d5
d1e1f0ff
04effde9
f70bdf1e
e017e427
e0f7feef
e0eb4be8
b8e2121a
19ef36df
22e800d5
d42ddfde
1bdf09dd
f704fa01
10d2ddd2
f827f1fb
0cf310f9
da25f004
e70b2003
ee23242c
f926ec02
2de11803
da180deb
fdce1beb
39e2f81b
f00317fa
e8fafbdc
06d50df4
d90e1dae
f5e8100b
0cde0e0d
242420e3
f629da10
ffffe624
0d1ae427
ee261b00
24dd2512
16ddea0a
f813dbe3
0ffcdbd4
180cf506
05dff6e8
d01bfeda
eb1ffd14
ee101ddd
0000fd1f
e520e8ef
c1030103
fb0a00de
1de410e8
23000525
e708e5f1
18e92225
32eeec23
1bffefc3
f11de310
0c1be511
f1edffe1
d308d6fd
f6051af3
f3f73325
050e1ef5
fae0f311
1f02101b
1106f519
07201cf4
d7f0ea16
fce4d5ef
0f271729
daf715d3
08141ffe
1e0f19e8
fb18f91b
20121808
0ce3f803
06fcf3f0
db38221a
2bd80f3f
f0101408
e6f622fa
09d502f6
f1130614
0cd914ed
2ee90fed
1a24fe1a
eae6ecf3
1104f7e7
f4d30ad6
480ddb39
e4e7ec3d
15120e30
280ee302
cc01f5e9
19e90c1a
09dfd5f8
dff001f6
eaffea0e
f5fbf001
15e903fe
e2d10803
fbe3f51b
25cde809
c6ef1215
f1f3ff13
e70524f6
d123f000
20fbe0e4
f9461ae8
18f4111b
f00f041d
1806fe34
f6eed7f6
1e2bebdb
ea1bcb09
0d03fb14
1e3ad5df
1eeff02c
12ecf4e6
260ce4de
08010103
ff17dc1a
00f9f403
dd2508f6
1e003ce1
eae215ed
ec071c15
e211fd04
33e0de0a
00f2f3fb
1c39f708
29f3f8ef
d7ebcfbf
fe0cd017
e10ff7f2
06dbf0ff
e20df300
da1512fe
170e1b0d
21e60618
e62ff0ea
193a01dc
ee0c2621
e41ff0fd
12e8e8e9
13f1e83b
e23310f6
08effe0b
f2e604f2
01eb1df6
0af71108
25f7ee1d
e6faee12
2339e212
f1ebf12e
082d3b02
fe1c1d23
e713fdd0
040decd6
bde3dd29
00dc2d09
15fbff04
25e80211
2906072b
f6e9ebe7
d7e5d9dc
f3f8efe7
cfed1d20
04f1f3fa
2c1fe905
e01701f7
15fc1a1f
e61117eb
20f6ecd8
1edadce9
0c0b1720
fae30d03
dd19daf4
1c2305e8
f1de1bfa
10fffc1f
ea110b10
f511e9d8
0906210b
fbec0104
1810e419
ea1b191c
ea0f1fe2
04db28f0
1ee3f6ee
e0220013
db010214
12f92afc
16e1fdef
0501ed13
0210fae3
f5f71613
04e3e0f3
e8e61625
0915fd14
fa0e01fc
111df91a
0beae50f
e2fffc15
06111fe9
d9e7ead3
12f2f80f
fa070aec
dce0ea22
fff4edfa
fb090308
1fdce7de
0302e2f6
ed1e0cf3
f1eff601
1b0313f6
09fe0a15
eb1ef1f4
0b1cfbeb
180421db
ed020e01
021deeea
f2e3e3f2
0c2b191b
0b0b0500
e8fa161c
fb04f81a
04edf8ee
f4161ee2
230c0107
dde72301
fdf3f90b
f20e070f
1d22f2e5
ea17021c
17ea111f
21efe70e
09ec0ceb
f31f09e4
19e1f4fe
0deceae7
dde5e1e1
fd1c1e22
04fd1207
1e0df826
fff4e911
1d1ff8ec
1cec051c
16f1ede8
1cedf8f4
08260b0f
fbfa1f01
06e8e0da
dad312f3
eff6180e
dbfafadf
15051310
fd1e200b
f7f0f81a
190f110e
ece523f1
f3eb19e3
1f2002ee
ebf8e7ec
f511fdf8
ef070b0a
04f6f607
08110ae1
06180bfb
f4d8f01d
111ade17
df1e09e1
ea0c1c18
15241a1f
db2523e7
09dfeaf3
e9d91a16
fddce7df
fcf11efc
f3180c17
ee181af4
17eeebf1
de0014e7
2bf41bff
f5dcf528
1e22efe8
dede21f6
1dfddc12
10fb08e5
20f624f1
0f03fddf
da06020f
022901f2
f70015dd
1afaff1b
1fde2007
22dadb17
deda09d7
00e007ff
f4e4ede6
f615e327
050dea19
eaf9efe5
170d110d
0ce70304
df1b15e8
ebe4faf0
15e4ec18
d8ee1407
0e0be4e5
ec1fddf5
08e212e6
1bea06f7
e1f20113
16dffb0b
deff0ef4
0604fe17
dae808eb
2c15fa00
121ad2f9
0626e7f5
eee2df10
ff04dcef
13d2ec0f
ecf4e3e8
de2b20dd
0f0526e9
1407d4fe
220be4ea
ff1ffaec
0ffaf712
011afb20
0c17dfe7
ded40c0f
0123f5dc
25dff70e
ecfc1ed6
05de08d0
e1fb22fa
d70aef10
e5f21de0
04e8ea20
0c0603fc
0a19f71e
0ce2f2e3
e5ee061b
ebf2e8e7
f21711e8
1612f1e7
fd06ea0d
fd20e6ee
ebf0f9ea
d9f30ef6
00e61800
090becf0
e1f7ecd9
10e3111a
d71f04e7
0fe8f1f2
e70febec
ecf9ea17
e3e2fa13
e402fa16
e510eaf2
17fb02ea
f4eaeae7
180618f3
fa04fc19
fddbfcde
e82027e2
20e3e8ed
f61eeefb
f1e6fa1a
df04ebe0
ee00fedf
0603e9e4
161e080a
06270e0e
e01d0c0c
0d10ecee
1b12e61b
0519f9ed
e915e919
dc05f001
1209fbf7
e8f629e5
0adcf2e0
f8ebea0c
26e10101
0e18f7e5
de0b18fb
0fea1224
de05fc00
f9f314e3
fad5ea04
11f50600
e123171a
f514e314
f814e404
e029f3fa
0cfe0ce9
df0827d8
f21b13f9
fbe81dec
071df30b
0fe9f81a
21f0eaf9
f0da1917
f5e518f7
ddfe0c0f
eefeed0b
151bf903
ef23e920
0016fade
f4ea0cf4
f60b102d
1ee4200b
dff20ae9
121d07f6
1b26f918
f5eefd0c
0a0fdf23
221d1b20
eb20f9f3
1a16ef0d
210cfaf9
092b1b05
041e0911
ea16dc15
f42220e7
d819f11f
f50e15db
16fe03ff
0b1cf5ee
f7e5f113
26fdf7f8
dfe1061c
eef61f06
020ce127
e7f010d4
e2f8f217
1de92508
1e0d10f7
f0fe17f4
e0ec130e
e4f90e0d
101fe015
eb0ff202
fa0cfd1d
ef1d1adb
d70427f0
09010002
e01a1018
f8271d07
f6ed05ec
e503e1ea
101e130e
e6f3ec21
e4f5df21
0323e7ec
ea06f914
14ee1dde
21fa0103
f1e2eee1
101edc13
16040115
f3250b0e
e9f0fe11
fe221902
dffe0efe
fc01fbf2
dbfde7f2
fde9edd8
06ddf408
0514e304
340edff5
04031fe9
2cdfdee0
1205f8fc
f704141d
0ddf0119
1c0e1a12
000cf210
dde1e3eb
041f0f16
020c08ec
dd192321
feece501
10ec07f8
07e6fc07
e0e01b1a
18df1deb
0e11efda
01f5f924
dafed819
fce80726
f8f6ed0d
16e40608
f5eb1ad8
181b0f1d
f7101fe6
29f82909
23db1924
091d1914
e6e2eefa
eaee1a00
04f01bd3
f8d62520
020ef7f0
ddebf315
05e7e3e4
dcebfc00
132016fd
e11ffc13
fedb08db
eadd0b00
0904e7e2
1bf9f900
0713f118
241f0d15
0410e70b
0de51a06
0ae400e7
2203231b
e8082414
e9fee7d5
10ec04f1
fcf3efee
ebf31d1a
f912f1f8
1ef50d20
0ee9fc03
ea16f1f7
ff1f0f14
de1f0300
20141300
1f000df0
e9e42413
f3ff18f9
290be6f7
f931eaf7
fb100df4
feffe616
e5060b0a
0c0fe418
ed04ed07
dd05fde4
eaf602f2
e0f703f3
08ef051e
de0fe5fe
04ea1ffa
e0140202
dff701f7
dc06fcf9
e305eefe
e9edf417
20fef8dd
e30813dc
29dcf0f8
11e306f6
0f1bfe03
19d42217
1a090efe
17281202
28eefb0f
0d19dbe2
240ddd1c
e00314f3
fa13ffdb
0c1ef41b
f1f6140f
f9e3f5f5
fed71b1d
17ea24fc
fcdb171c
1fee280e
e10d0ddd
221100e8
26ea1c01
e504290a
19fd2714
09071904
e00f100c
211509ed
1b0deee7
12ffe3f3
12f412f1
dcfbf713
def30f0e
ef18f221
1a13172a
2111db10
1adc14fa
20190afc
10eb0c08
14232b17
e521df06
180800f4
f70a0c1a
0a17db1d
db19e922
1419e71c
0515e91b
1d1df4dc
01f3f70f
f2ec1704
18e6e21d
e4fcfe1f
e9f812de
fd0a0507
19ff0d21
dcfeeee8
011f26ee
0a032212
250deefa
e516feda
0efa0def
07e62108
dff3df15
dee4251e
1314e125
12072814
f008002b
fa1adbe6
1b12e31f
02f928eb
e5251cf1
f61e1ddc
f702081b
ef1e23f2
0c2b0c12
191d2afa
09031d04
dde30aeb
f0ee21fd
f512e1e0
e01fed06
f80a11f7
1313e7f3
e8f8f824
1903e91a
17021901
1dfe22f6
e2240f13
f311021c
eafffd23
0822e2f3
e311fe06
26ebe3ef
f6102d1c
f5e9f901
f3f5ea1f
270224e0
f4ddef0e
fff60316
f21cee05
fa202406
e710df06
17f3eed7
d9e6df28
0f140ffc
0ce300e9
e2e41cde
13f8ddd9
e2f00b09
e405e7f6
f603ee01
1001f5e9
fbefea26
f808de1a
0a1ffb00
0d0217f2
06e32002
fe29f01b
06fc0d0e
f0dcef22
edf7180c
0f02dbf4
31f60502
0202e3f6
1023da17
0be31808
15e312f0
0fea0ae6
29ebe0e6
d827f611
feebf4d2
0e0dea14
e105ffdf
0b1d0bf7
1c1e1de5
10240d19
0618071a
eee0e9ee
1d171f22
062cebe6
1bdaff13
f2ec20eb
fdf81b0a
16f606fa
1de0e0e5
26e50b08
dcdf1beb
f3e4e4f9
f61711f6
f616f818
0520fa04
1703172b
e81204ff
200ff928
1c24fcee
d1ece021
e90f0a23
e9151a16
1910e6f3
14ec230e
e617f10b
e40b1d00
d6181c07
13e015f5
0ffb24ff
0429e3e1
d715e4ed
0d1bf8ee
22e80c01
13eff003
ec060f04
e7e01ce9
e9eae306
e9fe0ef7
e912d50c
e00d09f9
f80effe6
0bef1b0d
f6f10bf7
0821df19
0a0be117
0510ea04
ff18e51b
0402e8fe
091a16e8
23e12bec
0eee071a
e0e20ef8
eaea1de7
f2010812
1720130b
e612f4e1
f1e3dddc
0123ed0c
f6e7ee09
f51cf40e
e8e1fde1
280efe1b
f90c1aea
d8f6f30c
ddf81105
f3ca10e6
e00514f2
0a1126eb
dbeee118
12f1d9fe
f1d8df1f
f2eedcd8
22d6d234
05d8fa08
ecff1201
e51c01d8
f30900f6
ee01fa39
1607f1e9
f9e81b06
ef0710ef
ee1721d6
f016e9e4
1f10f01f
fde1eee6
f3d5e812
dc1df21e
13f6dd14
e5080c07
f8e4e1f3
daf7d91b
2bdee005
16f5dedf
ebd80bdd
0ce4ccfb
0b120533
1421efda
14ff0ce6
e604d1f6
dc19060c
1702f2d3
ee10e1f9
e10e09f7
0d1913f7
f6f8e5e5
1407f6e0
07f015ea
012bebfc
0df0df16
f80807f4
0bf101f1
fd06ec1d
0b05ed15
e41d1ceb
1fe9d2e0
0aeef415
0f19fb1b
2908e5ed
e90eec00
dec50b14
03e9091b
2fef1deb
ef19fff3
effdf5ec
0beb01ee
eed7ccf5
ef0710f2
eaeaf61a
fbff00d4
edf3c7cd
eefc1c09
0114e911
ffe8032a
09e2fed0
110ff822
24e400fc
e207feed
f5ed011b
10fffa06
1b041afc
e7f8ddfe
0bf11b0c
f9f2f821
0d01f9ff
10dc1ff7
16f9f4ef
0c0ef5e0
1f04f6dc
15e50608
f10123fd
23d8eb04
e80cf5ed
dcd52806
f208070a
e91103eb
0dfef40d
0810f9f7
0b07e7e9
02eed41d
f60f0c12
0ee208ea
e4dbee0b
0e041b08
c925e6f2
11dafcd5
f7061c13
0a0cee1c
dbd9e80e
16f7151c
29ddfc1e
1f19f8ff
25f9db10
f90406d9
f329f5e8
d30b1024
eddef6db
0120f402
dd1321ff
ea01ec26
f4350e02
2df808dd
29180425
3af5ef1c
1915e8fe
f81213ee
22e2f4ed
d10de8d1
f4f3f3dc
fe18fcf9
e3eafc2a
edede3d4
dcdff21d
190e0a06
0bcffbbd
c9fde905
e9ef0b1b
e1eefb08
e11519ea
e7f0eb24
fafde7e5
f0ea090f
e50e0202
eded120b
f3dc21ed
1ae417fa
0cfa0cf6
1218eae8
f1f0dcda
dfd22803
ffd00ae2
0e24f1db
f81dd212
33fee9e3
1cf001ea
13e8f1d1
38120521
e4ed16e5
21e4d61d
de25eeec
faf2eddb
ddfd04fb
190aeef1
1111d202
1bfa0bf7
fe0bda1f
0616f7de
0bf20fdb
f3fde4f8
021f1d18
11eef31e
ed1f1614
fef8e8de
d8181dfd
e9dd0cdb
de1f05db
1808f90b
e4edf309
1616fd0c
d3fdf212
efd41215
ef07c6d7
cdf6f904
cd1ae623
1614ede3
0906dbfa
17f1ec00
32e51f0d
13ea24f7
dde409ef
f704fde9
e70bfbed
2df10dd2
dcd9dde9
17f4c0f3
e5f1de12
e21d0bea
08130f0b
fddcd904
d4fbed28
fe13f1f4
0e1f0c09
fdfe1206
ef0e0b23
0014091d
2219071c
0214e41a
ea0fd7de
f10b1915
04f9e324
25dfe712
cb0a0f08
f221ead9
fd160006
0c08dbdb
ea1ae8e1
20d206f9
e8cdf5ef
e8e2ffea
ede7dd24
0e14d5e7
d6faf9eb
1a1518d3
2102fbdc
e7dedcd7
fe122ce4
dce6f9fe
16161326
dbdc032e
e50515d8
21ea2123
fe0fdae4
09ead81c
1504e80b
d8e5e4e6
09f30d0c
0fdb14e7
e0201c16
d00c2404
ed16e70c
2629001d
f8e9f807
0af2f016
18e2f6ef
eaeceaf4
03dffedc
d4ff00dd
efedf6d8
ecd915f6
1ae50afa
f8e522eb
e8090707
24c50c17
e5f8ffe3
ee06d9fd
f4f2ddff
fe19d7cf
ddd4ee0a
29d8f32c
060016fc
f815e716
eddc091c
0dd9d5f8
09e504e0
f3e52006
2b26e2ef
06232c11
f42207fb
ffdff80a
03fbf02a
26e10ce6
efdce80a
24161e04
f1141300
f80cd608
04e90ee1
1b07df00
1207f5fd
00e2f6cd
12df03e0
2fdaf8d4
20f1e2f2
0e0fead8
20171d24
041e0cf3
ffd92007
100429f5
e2e80cf6
1ff0de05
ffe613ff
0f180402
0c15cf00
19e4f522
f5f92220
19fc0322
e9f40aed
051a0dfe
1c20e9f0
1ef3e0db
f4faf9eb
1ffbe307
f4f10be8
f71ede12
ee26e213
f1f20af3
1c300f09
0d06e8ec
f318d313
1812f7dd
ed11dade
ea0edb07
f9dbe918
d7f61401
03d72bc9
070df307
f50ae5e6
dc14f00a
201ee0dc
e1e72010
ef080d1e
0ff6fe0b
e71501e3
00eb021e
181511da
f7f9e8e7
06fd1320
f9d1010e
04e5ee00
f519d81c
1a1b2417
e91a0f00
09fd02ec
0d1d2611
f102c12f
1ae816e5
01fbdf0f
e31200e0
0be9101d
fdf2df2a
edea0de7
f3e3de12
20e5f323
17f913cd
df0e0d18
2bde00e9
28f801cd
1e0fe8f3
1411eeff
13f9fcf6
f50c20df
1addf9fa
ff22e709
e9da19e9
ea1b0cec
0d29fde0
07e3ebfe
2af218f8
f90cd8fe
fcf4dd00
1dd6e2f6
eef11c02
dc07f8ff
f719f0e3
f4141126
dbf815da
13eb1a0f
e7e50e20
cff904e7
f5ffece1
14f512f7
0aee0f23
e1f2db1b
060a0d00
f200d802
0818ebe6
02e8f50b
de301102
0de40913
05f0e206
18ecfc20
1c0303e1
1d18e918
cfee0706
dbe301f8
26de2010
f6e1eada
ffe0ee13
0d02ee14
0ffe1513
e4e3e621
fd260df1
1efbe0ed
01f9dcd9
dbea2410
e00425e7
e10503b5
14fa3809
f12d1b0d
e9eaf0f4
e40b321d
f3e80638
1ce5d9f4
e30104fd
ddf1fbf9
f70014fb
0bfccced
09ed2500
dd2617fe
17de31f4
f92dfff6
de0e1e1d
ee00f708
c22509e4
ff0f06e7
e90a2bf6
03c91421
09f9e10a
e8f7252e
fc1fec11
020e0c1c
0716eb27
02081517
ecea05f1
efebe407
0313f1d3
ee0603f5
e5f513e9
25fa1a34
0608f2dd
050bd5e5
ea2514f0
fb102515
0c00f3dd
f02ee8d6
eee3040e
d3ede724
fcf7ffed
dcf305ea
23f4151f
13f30e0b
0cdaefe3
eafb11e1
d0ef2df0
0be806fc
0cd9d409
fb18f0fd
1020dd03
0ef8f305
f01b1307
e91ef308
130519f5
ef30f51d
030c1711
07051af1
ec051be7
1eedf301
22e5e50e
fc26e310
ee1e112a
0d1b0e08
141f1408
deeef5fa
10e914dc
11042eff
ef15241c
defa0c22
270ffee0
df1d180e
08ddde21
2ae3d114
1707ebf4
01e0e1eb
04d729de
f2280909
041f321c
1904e809
fff3fb01
101209fa
c9f8262d
25caea26
fd32d2e9
e610ef2d
ed2f1ff5
0bdc22f2
18e906e7
ecef14f7
f6fcfc2a
e500fbf7
2a281e16
0f1bddde
0e07e1f8
20ed2433
0420fa0c
f9e11703
21e119e2
d0f31001
dd1d2d1c
03fe0d15
fa19e61d
25edf1e5
e61cf121
22d7dd26
1eeb01f9
fa1b1430
e6fef40a
0f191b06
01e938cc
f720eadc
e3f821da
f5190bf6
eb19e01f
38dae319
1cfbea0a
1be5040d
fd0d022a
f5f2ec19
eb14d616
ed17f121
0e1a270a
f7e4050d
e7010edb
02f0160f
fb1a110a
d71614cf
171e210b
f709f424
050c2100
dbdc060c
25e7f306
f936100d
f9091725
dffa2a22
24fedcf5
e7fd060e
e3ebe819
e5da16f6
12fd20f7
03d6e51d
0201e901
1113fd17
0cdb0611
d91d0028
0c15e729
e3d6d92e
241d12f3
ddd902e1
e4071c01
fd21e3f6
fc021af8
04d90308
1aedfe1d
fddcfe1a
e61cf100
1f1b010b
ebdfd608
2cf906f0
ef18f5da
ea0e16f3
19fb0d0f
e320e91e
ef28e31a
1decf6f3
fd05da06
dde40de0
18f627eb
f9e5dc1a
f8001bf0
f2eb19f9
ed20f4fe
fd06edfd
e60008f2
eef10412
de10f9ea
eff7fdde
0c22f51b
0e1b0018
07141d07
1812eafb
011a1508
db21f21a
d8071df8
f1091b00
ee1ed8ec
f7e10bf7
fcf119f4
25deec08
0200e722
0cfb1fe8
1012fc08
1ae0f4e4
0a0cfce6
1cdb1dee
dc170aec
081407d9
f7fdfce3
21fbf2e0
000dd60c
d826d81d
ea02f5fa
dbd41210
e3201402
da14f50c
e925ebd6
dd01fd11
fc1ffbff
f5db1904
0115e7e8
08ee03f0
ec03fb1e
d6f8e200
1423f6d9
fdec020a
05e12409
f4010301
11f8fc21
13e3100f
27f0f6ff
ee11e314
0f0f0c1e
26edf8ff
e1e9fddc
1719fff8
e306e5ec
fee70bfd
0fdde6dd
fd0a1bea
f6d9e2df
d6ef231a
07f3e71f
f2e62107
ec131c0f
f9f61e0b
0c16ffd7
20e109fd
0e2b05eb
09f8e6ff
fde9d9fc
e9e80414
02d9dffe
e408d9e7
1ae30510
eed7fbe7
fcee2614
dce01d0e
0cfaf2e9
1de81cd8
f2fdda17
1affe6f2
e9f1f90b
efef0b17
f428e61f
0c0517fa
06ed2a18
db07060e
ea18d8fb
eb090dfb
0e1ae20c
13160b12
de0f15eb
10e7d726
041ef40c
db06f50f
e81df0f3
20fa18e1
fa0106fd
1bf510f9
16eff6ed
dd1708e1
f4ea11f3
ffe1f317
1405fdf9
11fe0ef2
21141af7
e2e6feee
27fee7e1
ef19f1e1
150b21f3
100401ff
1f120e24
28ee180f
1a1ee3ff
16180805
e1f7e716
fb0c081b
03e9fb14
f5ec06f6
dfffe6f1
1bd6de1a
1bd810f7
f3111be5
05d80bdc
02190704
ee03f200
e307e4f7
eb09f0f9
00e920fa
dc1cd511
e5d512da
1ddc26e6
0a0609fa
27050fda
f0e715d5
15d7f8e6
fbe6e4d4
12111c06
08dadbe6
f1e9fbde
fde3dbfe
f407d616
e712e1f0
e4fd16f3
f4e6d7fa
0df8231d
f717e8f2
1102e7d8
f2131700
fbe80c20
e204d611
ea17fb17
f50303ec
e1e1d51a
02d3fef5
2215200c
07e911fd
0dee1b10
0b0715e4
1a060df3
f1ff2022
d8e30205
e3e211f7
10eefa01
f2e8fa14
dc0cff28
13e80c09
dce6df1c
e218170d
0e1f02d6
15d92717
0bf3ecec
18e60605
1a00101d
0b040cef
e0032223
e922f601
fffdeef7
ffd709f8
13e912fd
0cf61bff
02140e1b
0ed61c14
f40d07e2
06e508e6
1edadff8
13ecd9e7
0106ece4
11f20aec
15fae71e
0efc21f7
f9ecf603
18ed11e7
0bd703ea
17f2e004
02111512
ebf9eb09
f90e1411
e901d8f4
0ee4e9d4
e119e90a
e705d71d
ea211722
f511ebe0
1b25ff08
08edd423
ebfb10e0
f9e2fae0
ec231426
fce4f7df
fc03f00a
f52c1e00
ff12db13
f0161221
fad7e9d2
e12f18fb
1c08eb1d
1aee1eea
fc0822d5
1be4fcfc
f1e300ef
20fe12f1
e70d0fea
2210f405
05f91302
e3e61a10
0a1e0514
ee17de1e
1aebdf1d
efeb14fb
01dfdd18
e4fef710
0420eaec
e7db1815
def20ae0
28da24dc
0004ebd2
e6fdfef4
ee1d191b
1ae8d4f5
1f11fe03
f4e918ee
f81aebea
f316f81a
dcfb0ceb
eee3eb23
091eff1f
f9dbe2f1
ea19fcdb
07ecfcf9
effb0200
1ef8e7ff
fbfde0dc
00f7f1fd
1507fddb
050fe0da
df171f08
1edf2304
151e040d
d6142b0c
e8fcfa1b
0be30410
de0ef7f4
e7e7f2f7
f90d1c1e
ece9fc0d
1a06050c
01ed11f9
e4e6fdd5
0cdfffe3
ebfbf9f3
e4e121f0
081915e4
df0d080e
e422df1e
f8fc1bf4
f10805eb
e3011e23
0f1a12ea
da03011d
0edaded6
e4231bed
1afb0e0c
0c17db00
e219db19
f2ed17d5
170f1b0c
031d060b
0a0ee1f1
18e7f912
f7ebd6e5
1900e6ff
e912d8d4
da0d1ae9
0817e301
1fe80ad7
0812f2df
e9fee1fd
d2092817
13f6e807
da0df111
d8dde106
021f1d04
db0b15d7
f118f1ed
eafefaf3
0814ed18
fbff04fa
e121fb08
25e81fe1
01d7dae2
fae9f10b
f9f90d11
10dc15dc
280edd0a
201104e1
eddaecea
f70316d6
15fc04e9
1613ecd5
d812de1e
e318eedb
f208080f
ffe0e8fa
df04e106
1df01fe8
19ddebe8
f2f30ffd
11ff15e3
e717171a
01f2dbe9
1c2cdef7
e928f31c
e0f70afa
09e3d707
e620e6eb
1123e91a
f7ef1ae7
1d0fe1e9
dcfed6fa
09e1f612
d8d5de12
ddd80f06
dcefe122
f21012f3
2000f416
11dae214
02f72001
e110fe16
ef1e1519
19e7e11d
e6ece8fb
1cd3db20
d80505d7
04d80de2
0cddef16
0aeb0bdd
e3e1e6f5
fce61201
09ea1a11
1b1ad418
f3efe7ec
fee8e801
242adff4
1c2be1e9
d7e604f7
ffde15f5
e5e419ee
e6e81e06
1a1ddbd6
d403ffe6
f21aeb18
1dfc01e2
120d11e7
f3ff1ef7
1eeaf9fd
16de1017
f7e6f01d
e7de07f9
1013e6fb
e705f11e
1705ffdf
0e1806e7
f0f7e5fa
1ce9dde6
e5fedf08
f5fb0af2
f0e0e4e2
05e000f5
080209dc
1af40cfa
1becdff3
fbd8f80c
01000f14
1201dafa
fa2be303
e0e7090c
12fcfa21
f90ee41b
0deadddd
e1e9f1fe
eef6fa22
17ec0f09
d40923f7
0aecec0a
dc040701
191df30a
240dd8ee
e715e9d8
070bf2ed
19f221d8
db0fdef0
13df1012
13051edf
e7ef17d8
fa1114f0
ec1af0ec
031b10ee
1ee2f515
ee031915
04e31e21
e9ee01e7
de1cfcea
ed0beeef
f5e80e02
db0122fd
d2e2ddff
1f1beae4
1526def4
14f1e8d4
f3210112
d802fe0b
20f11415
f008e3e2
eedad9f6
ff0b04ec
ea1be4ed
0c1d10f9
f60204fc
22df04fd
dcf00ef6
0af9f0e1
1bd701e5
22f9f3f7
f7df03fd
e30d1cd8
20fef1de
1dfcf706
e2d9ed10
e71fe118
f5db04d9
0006040a
13e31013
191eef10
09f1f6df
f0da26d9
e5e1e5fc
f405d5fb
f4db0028
dffd241a
06ee0e1d
eae7f719
28f521d8
f2101fed
1d1b16fd
0fd9eb13
d4dad5e7
1b0a210b
17fc140f
0dd51d01
12e8e2e1
f608f91a
03f4e60f
f3ece220
0200e8f7
e207fe1b
1eda1afa
f1eae219
ddf304f6
f8eb0f03
dff31a00
1ef016f8
02fbe015
f7edd8de
1f0b1519
2014f2e7
df00eb03
1bfbe5ee
ebd8de09
0513dfe0
fbef23fc
f81cf515
03091c08
e40e1eec
fd0ff6ef
18f717f8
ed24f500
eeee0714
f4e71d15
e5010b02
0108f9e5
0ad91ae9
061a14f6
0ddee803
fffc0d01
081d07e1
1410e7ed
22d818ff
0b00110a
1bf311fa
27e0fe1a
df0de708
ffdffbef
1913dff2
200ae9e4
e6f91615
daddfad5
f003ef01
151c1ce7
e30ad806
f61de010
f804e11a
02fa0fec
e70a0807
ff0e0c18
dee2ea15
19f4dd06
d7001af0
fc1f0e06
f4e9ef0c
11e0e01a
0de2ee00
dc29e9db
f921ee21
0d1ed608
2cf4ebe7
080d0c12
1ee9f81e
f3f80703
fde7f502
2518fef9
fcf90cf3
e9e8e3fc
0f012407
23dcdeec
fddce114
01f009fc
1e1e12d8
dfee2109
dd23dd27
05f612f2
ec0cddf5
edf50bfc
1d1424e4
df1300ee
f32fe209
02f2d6ec
e725e9d9
e311f9d8
f5e6dc13
14dd2003
fc18d804
2602f2f7
d4f2faea
1d190e04
dcdae502
24e31c1d
f10eea14
e6d508da
d91e13e0
f1d91708
fb050b17
1f28ee18
ddf91cdc
f201e3fe
e0f8dfda
f8161b1c
1a17ddf1
1510f0d3
09f30205
eae301f6
0b0cf702
19efe6df
fc1beb0a
dd0ef709
f3e61ada
22da1ee8
dd16f4f5
06f9e7e5
14fecf0f
07140afc
dedbe7e2
f410ee10
f9f5efd5
f70ee20f
1a09f317
fcfde30c
07dfe9e5
15daec07
db1409f4
2521da01
d9f3f3eb
13edd81b
dc09f23a
f310f616
19e4d4fe
fff130de
05daf4f2
d8f315e6
fa140d05
fee0e5d7
ecf20cf1
16dc1bea
3f06f7e9
e4f5e6f5
3b0ad2f3
17ff0803
e812060c
16e6f2d5
f5102215
0f0a0df8
f9ec06ef
0f1be8eb
06dfe820
f00634ff
eceaf5ec
04e2f4f9
000a1afc
1303d6de
0bee0ff7
33fde7ee
dcfc15f1
16ecf5e9
f4f6d4de
ff1f1b03
10e9f60b
e7d1f2ef
120900f9
40dbf8f9
d8ffe80b
1a0904f4
ea3bfc1b
190de81f
2ad123f7
0b0c1afe
10f0fde2
1e1a0804
ff01eb02
cddef221
02dff7fa
0106dc10
1cffe5ee
e5f4ece5
dbe1da0f
04f802fd
0ee3d502
02fa1c1b
eafff6f2
1e181e09
f7fdeadf
19f21e31
170c1ef1
e1e2db01
de171a1a
1fdf080c
101c2413
e7ebfad7
15dafafe
fedc1114
fadbd5dd
e5d52e17
12fbe203
0508eaea
0b09fcdd
39fbe1c4
def50a04
0bf4d911
0900001e
ffee15d7
2de3c9ec
3a24fd0f
dfe91100
07dfe0c6
02211b26
fff4120d
f6210914
1203e205
16e1f505
eef6eeda
f6d3010d
f6ff0815
14eafac7
0d080aef
e7081bdc
1fdaf821
ec0219f5
f30315d0
e8dbe6d7
e0fbf4d7
ea13edfb
eadff3de
080e1cd9
01d7d902
e0f6f3fe
1f1cceed
07341fef
29da10e4
1cfc0931
f6eff0e9
f0190ad7
0a090214
1401f60b
0212ecf8
03feefc4
e41df3e2
0d09c929
17f7ea00
11f7fd15
30000fe3
100cedbd
f12d02fd
dde9ddec
fe1be40f
f72a28fb
2209fb12
00f107e2
f2dec0f7
13ec0f05
131efafb
01fa1e0f
d7d2f220
e328f436
fce4e511
d42002c0
da2b26ef
1616e1de
ddf706d7
f4da18f4
0fc7e40d
de01e4eb
e5e3dff5
0d13fff8
1ee8e9ee
11dceb05
0cee18df
fdd115d9
120de3cf
0de8dce5
34fbe8ea
28fbe005
eef4f1f4
fc06eb2c
d9130f08
ec10efff
d0e80d1e
f1d809da
32d3f907
e5d52806
11010f1b
0b0f13ee
efef1ce2
20ebd811
d80fd9ee
0ee5171e
e4fbd514
da04d8f4
f501d801
0719fdfd
d9dde122
fa0024ef
371422e0
1ecc061a
30fae6e0
07070113
0f1de421
2419e817
f70ff5f6
36e703e6
e725fcdb
da20eff8
f819e608
faf4fcf4
07fa1ad2
ec0bea01
db0cf31e
fdc5d7f0
e5db0af6
10ff1af9
ea2b0f00
f3fefaee
1504d4fd
cefce01d
1ce7fd12
d0e80aeb
f2f5d914
08dbee43
00ddce00
e0e3d3ef
140a211a
e605eb06
00d80f0e
23fdf3e0
eff8e011
061afbf8
f9dd1eed
13f40ae2
18f117fd
1ed5e202
f8020824
e6191809
e508d7f6
03fd2cf0
0c0f0212
f4dc1111
e6161514
ded419f4
f0f3ddf1
170bfd16
cbdedee7
13dbe0f8
1fd80ada
f3e9e607
02150ff3
0a12f8f2
d4efdad1
e4e3fa1c
f5d4dc0d
e8e3091b
e7f7090e
f000f705
25e708f4
fe18e213
dc0a291e
d7ef2ada
23001fea
10060ce8
ec07dd17
00f11bde
e02011f6
ecf1e0e1
cbf008ec
e020f8df
e9fbeef1
e21fe3e6
e20902f7
e4e2e0f0
ecf6e217
ee11de12
dceaf6fe
f8ed11d8
e10f0cde
07e90001
e421001e
eaff02f4
0e10d503
e8feeed5
f2e70a09
1edc1f05
12ecd7da
f5150931
d8e60324
12e6da2e
0fe818db
eff9e2fa
f41b08e3
331003ed
13d5d211
ede0f301
04edfac9
f3d0df0e
e80af00b
f500f902
20fde617
07f420e6
160de8ca
e9fc0705
00d1f9ec
e2091627
eae7dde7
0adfdf2a
eaf31514
150d12db
01f4f4d6
07f50b1e
2409efce
1fff1a16
24d4fae8
07fc08eb
e2ecf4d4
180cff04
1ed70a06
e80d07db
e1df15d7
edd6fc11
2909e600
e803ffe3
0f1ee5ee
e6270e16
0ef9efed
e9d20bfc
f1f4f0f0
dde0deed
edfe06fc
1ce406ee
d3dfdbfa
08f8e800
0912f1e5
d9daf028
03fbd816
d5ea0424
03f70cf2
e60cf4ed
130ee3ef
ebccd008
d620f0f4
fee4faee
f4ee0734
fb1516eb
1006cfd5
02ffe010
0ee7fb0c
19e008d4
f3e407e7
d902e64d
cce1ee16
f0fbcbdc
ee09220b
1ed3e9e3
d4d7dbf3
1be60feb
f7d011f1
eae4e211
0ad8fbb9
1ae926fc
2523f909
3bf40a20
ecf3ddd8
d7edfae3
fafdd909
f8ece7e7
ebf9fffd
1af211e8
f6ea08d1
17d8eb1a
ea04de19
0afdfa1c
e2fd032a
26f3f610
28d7fded
16fa34e6
2206dc2b
d61c1de3
d31cf1f1
0ff807e5
210b200a
f0e111e6
ef100cd7
08f4f7fb
0012ffd8
19eb1605
23fde126
e130030f
f8fe07d7
fafafafe
f2fde3d7
0cd902e9
fefae900
03fee21b
f11fefc2
f2f812eb
06050e00
11e7dffd
0be8c1e4
d615ee1b
1efe1708
c3ede2fb
ecf3090a
24e2d919
c9e0e5fb
f8f32419
1ee9e816
e2e0d70e
182d13ef
06f112dd
e7dcea1f
f91007d5
fce31409
0bd02511
da29c7fb
2a09e90f
d5deedf6
f3f0ef0c
0b1d1413
21dddc10
02fbe01e
ed2ab808
e0e8fe1b
1be503ff
290201ee
22d40f0d
21fa0a1c
e1f5091b
e11bfc04
0e0ce7fb
d5e4dfee
13f8f839
d0f222f3
d5f3fae4
f2f9f715
0ada341f
bf021514
11f9d8f5
28f1f80d
deeef803
ddd7e0eb
cfed14e4
f3e0d70b
0acdd91c
e5e80411
02f70dd6
e7d1f003
11050319
1ae604db
111ff5f3
05e8def3
f7f62219
efdaddd6
d2fe0e1d
e9f9e5d5
f7dddc02
00f512fd
e0e603f3
d4130be4
fde8fd07
1303df05
1ce5f207
e5fafad9
da0bff1a
19ebff08
daff2ee2
1afee226
1cd626d7
ff02e2d8
e4171428
020803e2
0202d7fb
d918fff6
12011cdc
f6d8e514
05e7d8de
08f1e30c
ed201d0f
13eaf211
f6de1e27
e3041304
01e7fd28
0efcdf09
0304d70a
d6f81232
e41c1010
d5fb0106
f7ec1119
01e80a19
f7ee00fc
f4c7fa0d
0925ef11
f2e6dc1a
01fa1bda
ebead6f1
e3de00e3
f7142a07
fff3fde5
f5e2dbea
29d30a05
bc1a01de
10f10c33
00eaf2ea
1708131b
11d7ee02
220c080e
d406e0fc
0c02ecef
daf9eff8
0909fbe6
ea09d515
f1021df4
f9f506fa
ede7fc17
eb19eb06
102fe90f
0ce710df
c91c1d0f
fe1af2f2
d4011d08
e2e00b10
0cd7de17
f0fbf6ed
eefbd5dd
fac11d22
d6e20516
0e05fbec
f7eb02f0
e700fd07
0c0f20e7
08e2f4f7
12dad90b
f1dd0dd6
0bf2f80a
0efbe716
071a01f7
0616e1df
dd320711
17e0e5ed
05201fdd
02080fe8
da25f541
0415d704
1cd61305
0c38f9fd
e308ed2a
1018e9f3
eff9ed0c
1bf6f912
0528fed4
fdee03fe
ea0cfb01
2805fd31
f9d71217
080c0ef2
dfe8d80d
dd10cb06
e301140c
0af2ea15
2118fce0
f71818f7
e4fd1c0d
08e7fc1c
1ef726d7
02e4fafa
1f12da27
e0d1d9e8
0f18f4f0
08e3220c
1a19e5d1
cbfee0dd
f5caf70b
1beb15f7
efd10415
f90614d3
f122e8d5
f61521fd
2be8e3ed
e7e1dbf0
f6f51fd8
e70a09e6
e4e70806
dcf6d6d6
f7f812f4
d6f3f50c
230d13fa
ef15e6dc
1607ee22
03c1d6f9
16f5172d
07191bec
19ffe610
25edfc1e
274004f4
1833dc24
edff111c
f0250b12
d7f3373b
2b48d82a
e0da3e1e
25f60002
140f1af1
0fff19e3
2bfdd511
28e8df1f
070f4315
07d7eece
02dc11ee
290b42f7
1ffdf7f5
0714ff08
ced91806
d0011d33
1df54ddb
d6f007f7
fc2d20ff
e60fe702
26232fe3
1cd90cee
f843fbfd
1b200ffd
0c66e218
271e0efc
20fe2f32
3de6131a
1f010438
ebe628f2
47123be6
0edbecf6
20e51215
1a390dec
11e624ea
39130918
e60ce91b
ea050fef
03f02d1d
090ceffa
02c6eb24
fb1c1de5
1f20f40e
ff0725f8
49e7dd08
4e123019
e5c3dfdc
d22205d5
1d431420
ddfbf9d7
002eeffb
2914d3f5
f719b208
4d16ef2d
fd1ef0e5
edfe1aff
fa2a4605
213b01e6
e5041d01
26fafd44
06281413
0412e81d
20f9e606
e01df340
f4e63338
1c3d0509
04184613
e13eeb2c
1307f516
00222501
3c1bf720
14f8ee20
28113a04
e8f8f8ed
24e51709
ff4005e8
09fdfbf2
e80605de
e4004e12
e2f9e351
05f801e8
ebf0ff27
fd002a23
e304e215
f5050e1b
e318e62f
fb220909
170f450c
f41c1914
29d53c17
4cf52631
1ce00d13
dbee10f9
d6e7f81b
30d513fe
0539ea2a
d31c2424
0b3c191f
36ffebe4
fc161502
21ed0b0a
dd042109
17d620fb
fef40b11
e4b9e110
09eacc0d
f9e81918
f8e3ff0d
39da0d0c
16f6100d
16f3e40c
c3ebb710
341c23f0
0d14fce4
1d29ee18
ec170006
1cf4d22c
011213ee
30f7ff1f
0521faee
1a4844e8
f738083b
f22e1030
c8e3ee1a
18243314
2eeff600
efea1ef4
e516e254
181c352c
e43cd5e2
1cf21a18
2140e609
2a0cfee6
ebdd30d9
230704f3
00e2110c
f054faeb
fd50f8c2
372ad129
d93f0b27
18170b19
08ea11f5
bdf13d01
1f150933
030313ee
dd190a25
192738f9
fd200e25
0fef3212
d31bf723
f60f1e08
000a0003
e2fa22f4
40e0ff02
04e433e3
3e1a32fc
c01d0bcd
13121b11
01142ed7
0b30ee34
d11ff231
023b1e08
0406ec01
34f4e710
f4190402
0cecd816
140723ed
03dff904
f6ce0828
f40edd13
2c16e80f
27e60f1c
0dd6dffa
09fa091b
10ff0919
e205f5f6
0d123c24
16f21df0
ff1924ee
2af4d7f2
e4f9eff9
18e1e8f1
15e02041
2131e303
fb17351b
e2111707
fdf6e6f5
fe0ccb01
0229db15
fdd6f617
220b1ee1
0d12f2eb
befc450d
ec2fdde2
fe0b1c1c
e839ee02
f710dc1a
00df1713
f722f918
f8de06f4
18462bf9
161ecbde
2100dc1e
05190627
e2fed910
f7f7ebd4
eff44fe7
0af90b42
0e1102d7
be1c0f10
eabd221a
f8eae81b
18f84824
f5faf903
cdfffe0c
28d8d3ed
f308e4f3
def7e906
1609151c
2ff44cd8
dceef5d4
edd01bef
0f0c45f0
020c003c
db14d957
11090ed9
fed50121
ff150c03
26ee10d8
dde91cf7
edb0fef3
fbc8fe03
f4e4e61c
1824f821
1e13d9eb
2128fae7
2bdc10e1
eefd1f21
d6fd17fe
cb19cfe1
d402282d
e1060bf0
d6f0ec20
cc06050a
d826f81b
ff12f4ce
04ff1bcf
20f411db
f83000eb
0c1f1b29
0c1f02e1
07f5ce22
38341115
13d91dfc
d5e31e23
d4f4e1ef
b9f20b12
ea40e8e7
fe1413f1
1026efdd
010917ea
e102f918
0606cbe1
fdeee41b
df164af8
e30fd90d
28e1fa09
ef3218e3
06ee0002
02d4e30a
f10727fd
33f21f42
23fa0203
ad1217f8
f9ea3313
f3120c35
f505e601
b8350fda
ef081ff9
f8d605e0
03ddfdd8
2fededfd
1ef7190a
031d0704
d8ddf4e4
01db3202
060afafc
f411f633
cee20b22
0416fa0d
3114df07
de13e21b
2c04fdd6
11d51e0b
0bae09e5
20d5e613
1cf91106
e416cee1
d6ec0f1f
f5e420ea
fc13f91c
fff6e211
05fdd514
dae8dadb
ed06fb30
0223f407
e52ed7db
cbe71af5
1106dbff
fdde0bc9
1dd9230e
0a0e1ff8
f3f10e2f
f5e90510
08280cfb
e91bbeeb
21250516
fa15d8f4
e5090c0e
c9280233
d6241b39
e93a03ff
130a1807
09fed3d3
f649d5f8
101ff8f4
3727eae8
28e20f1e
0218ec0b
0a13e5ee
291cf519
e51f1d0b
e41b0920
e1f1f4f7
efd81bd7
f8f71b0a
15082c04
ddf00f26
25cc4df1
21470933
27e6312d
e2f8d5d6
1a16ee28
fedeee35
28c7ef14
410d00f6
12e22b21
1e062313
0600d6ad
2b0df10f
21e5ff01
0a37f51e
ebe3e829
f622e31d
eaf6ed20
4101f432
f7df14e6
e5e9e104
dee5f31c
11e6ea0a
e6e00b15
160de918
13eee9da
1c040cd5
0301ec0e
04ee3136
dbfcfe15
d2e3c815
d922122c
220ef2e0
1c38ef05
0ae6fbfa
2406c826
3e231cff
11edeedd
ea350312
09e3f81b
12080237
1a270be8
d317d71b
14203e0a
01e40a3a
26070d14
f7f0e40a
eed51a46
1afce4db
def7d217
f934f4f2
db33e5d3
1bd9f6d6
34d9b6cb
27ff10fa
282c41df
0413dafa
161d16f0
e5160bf8
1defc408
f609d311
b3101af6
cbf9e41d
fd17f803
f7e1e91e
edda1be9
24211713
d0b80542
c61bf8f6
e60b1931
f106ed40
04e71017
241becdb
091002f9
f00dfa0c
edf0e6fc
fc13f605
09d71320
e601fa21
dd1f1040
0f1e0520
25fd1017
fc04dfef
26fc0402
ffeb0ad7
d7e2cb25
ddd80fd3
eb0be51b
f6e9e819
02341ce6
15230322
0ff3e10e
c4f4e7f8
dada1819
fd04f2da
27fd0505
1c19f5f0
ee0de6fa
e7dcf8f1
1f20bd19
0ee5120f
fe17e7fc
f52ce3e6
ed2116fa
d5cef427
e22bf837
bb14d9fd
4c1f00f4
f4d1270d
fbda03fa
bf0b0531
d4020831
ef0febc4
f60ec5e5
d8351af3
0a150cf8
e41fe5d9
f9f0c4d2
290adada
06460513
2922caef
3ee7f9ee
e1140adf
f4dbbd33
faf5ded9
1af5ff03
090f0c30
d404f9ea
db08fedb
d7df26e6
06122728
d5cf3523
c602f0ed
12df1ae2
dbd6fb20
f1d8f006
34f30522
370329d6
0df93fdf
ca1ee7d2
f215fffe
23d01107
fd03ff1c
cee60b48
d70dbb07
1832f902
f21ae421
300df30e
f2121614
16e2e6f5
20e4031c
e1be23d4
ff02ed07
01faf506
d511010c
221914f5
e2f00ae6
11f8ed0e
e320e10c
fa010433
3113d8ef
001de525
d1fa0802
0e08c80f
1823ffd9
36f0fffe
1cf2df1a
e5f8fded
0c02152e
ece9d10e
e5fede13
f73825e7
fbf41d41
13f5e107
ee2b1deb
fdfb3d09
eb1fe2f6
17f50331
f00fe4f4
fe301111
0be6f1f2
fe01ec05
121fedd8
fd333ad1
2f2afa22
17240221
e14b0319
1dd9f126
ed011dfa
d21cf5f3
13e50a10
124d1014
1013220f
fdcb4508
ff170d0f
3e0e2215
e01becfb
fbfbeaff
ebd8e31c
2c06ed19
061d16ef
0e04ff0f
04f52001
0be004ef
fd06ffdf
160c171c
231d1245
05f10f11
c215f92f
f8150418
18e5fa08
31e825fc
20e4ffea
fbe3f4f4
e6ef00fe
e0e3e816
16efdcf2
f31907e6
141fe415
061616ed
c1e3d5f2
e5eddae7
010ff029
e9f0f224
06d4ee0e
0222d825
0ed7e424
d304d016
f7f40cfa
f60ef10e
ed13091a
e9fdd807
f0f706dd
12d3f9cc
131fdbc9
ecf4d1d0
abd9d8f3
eff303e8
fdeae5fc
de03c8d1
d6f60d0e
eb270ff6
e5c8e034
f8bb1ee4
e418bf06
c9e3f5f2
e8d60200
fb06fd1b
08f6eb17
f820d6c0
fb01cd18
f1dc02dc
24d7f3ea
f3decd1e
cdefea05
ddb5ef1c
17d5f3c2
e7ffe807
13bf16fe
e3d8dfea
0904d5c2
12f321e8
f7e214f6
0ee7deed
eddd04fc
d7e7d5d5
00ddff17
04fdf618
e1f4dbd2
ee0cd610
f2e810fa
09000bc4
e6c0f4c0
f9bfd81b
eee716e4
c5de1620
0403d8c5
2104dd1a
ebffe508
20e01e0c
ecffcf18
04e31aed
f0130113
e2151019
ae14e0d7
1ff204f7
dad4ed02
e8acd517
dfed12df
edd1dedd
e51a0a1f
0ef520ea
fae6f0ee
f6ededb5
f1d50d03
04d9bae6
f2e60ef5
18dd0de9
06f70fd5
e8fac0c0
c3fae6c6
03ef10e5
f2e2e602
05f9edc6
f00dfd11
02e6e0d2
04e107e8
09ba1cf4
faf6b3eb
f001fbbe
23d80306
0f09f115
fff9dcfa
b70205ef
d9bf0a15
fef30ef3
1ef8dde8
09e8ef21
e6ec23c6
ded8d8f9
ff03dcda
0300bffc
d9c626d8
e3c403bd
f0d0fceb
07c3f3e4
d10fe0e3
ec00f7d5
cdd8cee2
e7ec0212
f9dceaee
d9faf5e2
f9e5d213
cfe1f9dd
d614d3cf
dae7dcd4
d6ca2cdf
1accf5d6
d8f4f7e5
fe10d61a
e8f1ebba
1ffddff9
e50ef9f4
12dfe802
0eeff60f
d80611e1
0609d20b
d0f0f5e8
b1d8dae1
f6ef0210
f9bdf8ca
00f113f2
cbf21e05
dbeff3fa
fcef1210
0d0dfffe
c006efc4
d621e1cb
0902ea04
f0d3a71b
dee8edc8
1ff50ad1
e1fee902
f6fcd3d5
dbf2ebdb
f9f1d817
e0c500bc
0d05f0e4
ff0c2602
09f9d8c9
eec71301
f2c1df1b
fdfbc5e0
bc17dde7
1fd7d5fa
e9e4c4ce
bfcdf7f8
c40f09d0
cac9f113
02d40cc1
e9defded
0b00bb09
00faeaf2
22cad506
d9f1f7e5
030ed3e5
ea1107ec
fafdca17
e8f7eefe
dad9dffc
0af4d102
f7fed6fc
e4fabe06
ffd6c9bd
fd1adc11
c2eb15da
1a12ef06
eb01e0ec
f6d3f4dd
ddf91208
fdfffcc0
f9dfe225
fd01f8d0
f8f4ebe6
ecfbd9f6
eaeed9f4
2702e219
05f900f4
fad2ea09
ffeff4e5
f4fef1ea
bde6d70d
aa09bff5
0506f80f
09befb11
eeb2ff1b
f5dfe60b
e710df0f
0622edf4
1ae51a1e
cde10fb2
110adcde
e0f0d412
1cc2c9ed
0809f8f8
0f03e1dc
070320d4
c2ed15e5
f012fce9
0cfdf815
0508de09
fb150fda
ecf209c7
f81dfd04
1ae1f4fe
29020ef8
0ee9e1f7
100c0302
feecdc13
d9ef00e0
ce0bdd06
0e090cd1
f819b4fe
ddea10f8
0d100a03
10fb1314
ec0c1cea
e7f21fd9
e3f1d90f
e908ede8
d70eee12
d202f4df
ebc40b0d
04e2e1fa
ec0e30e1
0427f3f2
f307d30d
d8ded8fd
100cfce5
f1fce319
181aed13
cad9fb04
38e2f5eb
ddef0fd4
e8fd27e2
07efe302
080dddc6
ef15dbe7
e9efd3db
0004e4fa
d52012f2
ebc2f201
e7eee8eb
030104d7
f703d4f1
e7e3db05
1ce917d2
deccf8dc
0cf3e7ee
c7ebc3e5
e3d920dd
2512d9fe
e2def316
140902d3
fa1dfc1f
eb19d8e3
ed04ffe2
f9ef13eb
e1d6fffb
e4e0ee11
2a18290d
1603fd24
e32df6e1
0b0e14e9
0808e9e2
dce2e004
06e410f0
221716d4
e50cd733
25d9dee6
e3dafed9
fcd32712
0fe706d6
180afc05
ce05c520
fcdb0c1b
2105a2e6
e20622d7
f7db1d1f
25d900ea
e30f0af5
1fe31c02
f2e5e9f9
dbfedff6
d8ef21e0
dcf60a0c
0df4fedb
d0e81e05
e8db16f4
1903f9de
dff90908
fcf0f2fe
f401f9e8
1eedf816
fcd4fbd5
eee6e712
32cfe7f9
19f1f6fb
2df321e2
e1fad3e7
03f0d8fa
f1e0e5e5
dcdb0708
fe41c5dc
1b11eedc
121d1a0a
12f9f213
ddc4100b
e90503f8
14e003db
f816eff9
07e4fd19
0ff60d03
dddf07dc
fee3f8da
0b15e500
eded19f1
1ae52feb
0803e00f
da13d9c8
0610faff
e6eee0ea
1c07dbe9
08d0e2cd
06deffeb
0de90d19
11e71cbc
f1f7fb1a
16edfac1
05e414cb
df160c12
eae5fb08
03d6db32
e500defa
0aebeff3
d514f4f5
0addfad2
f1e60be6
d5d0cd0c
f3e8de01
001dee18
0e0536ea
f30906ee
fefaedfc
3a0722f9
f30b05fb
27e5e811
fc460f1c
0efb06f9
c508d71b
04e601fa
d0040ad8
151b20fb
070703f1
05eb000c
f504f2ef
0fecfee4
efd6dd05
defed6ef
f1f408db
31efdaf6
e51be4f8
f8ee0ad0
f4eefcf2
11f8f1c8
cefbf7df
d4eadcd9
1a2ff901
f02701dc
1d03e405
140a05e5
f9b30d0b
12f018f7
c9c9f402
f21704e7
18e3c6eb
0cf52006
e9ddf6ce
c7fbfd20
0217fad4
06fc08fe
1e0e30e4
fee2f5ed
1de304cd
dcd8dfdc
13f4ecef
031d0f1e
f41cffe4
32f51fe6
23ebde2f
1700e3ee
1636eeee
25f9fb07
d316d521
f63ce4ca
f20e2029
0ddcef47
2d1eeedc
ebd92be7
f6e61e32
e21011ff
02c20fa7
171d2de4
0608d40f
08e6d51f
dae401f1
fddf0d00
ce17ede0
c823def7
1cf13fdd
22001726
f1230600
1de4df06
aa3200ee
0508db00
0e0b1de6
e0fb3df5
ee66d81e
def920fc
ce03e1ec
f12106eb
02f7032f
13f1e1e2
def9210e
350af814
e0f3d910
040a4c10
02ef161a
f01ffedd
cfd91919
1cdbf0fc
0bfffcda
1deafee7
ec0e0104
10ecf216
d83500f5
c5131c1e
f3e206d7
1cee1cf4
e5f10710
f823d5f3
dafd0ddd
edffe60d
18e621e1
06f9e1eb
f416f2d7
35ee1d26
f40c1c00
ffe9ec19
123f12e6
1f2301fc
1ad9f013
0b1400e5
1d011ef5
2b0b0fed
d817fcf9
2fd7d903
d604f0f6
052cffc2
eae514d9
ed0fe457
1ff81fdc
101808f0
0ae0313a
e019ff16
180819cb
cde92ae8
fb2dfd22
24efde12
1e192620
e9e7edf1
f2e42309
db113501
1fe80a17
f2efe921
ed39090d
fff0edea
c41fecd6
16f21efe
f61e08fb
d8f42910
da170cea
09d706ff
f70d20ef
ec0cf4f0
1de6d600
daefdad5
19e403da
35f21df2
16fdf410
36120aef
34d6eef6
feefedf3
e8f5f1ea
fb0918e8
ec27f7fb
ddfde4d7
060a12e9
041a0ef4
eeded7e7
21f42cf9
1ff0fae0
0901e2e0
11dcf0e4
d10af100
ed272306
130113d5
0ee7eee8
101e20d9
15fc0ceb
06e90930
0b1fdf1c
041ff71b
e4331a15
f80adaed
f82ce805
2dedf0ff
0902e232
fef3fbde
db2f1c08
361d0123
d602f71a
08eddedc
000a0de0
0114e94e
0cfad810
e7e117ff
d220fe30
ef0efc1b
14ebdbb5
0d00e0e3
e7f8edf5
2b06e31c
f8fe0e0e
e30014db
cc16e401
24f1e6fe
eaef2609
1bdce5e9
1753e9fd
f00925f3
fb11fc23
0ef417e3
00001ce5
e60f27e7
1925f60e
1bfffed2
04f21dc2
f9001503
1915f5f5
00d9161a
12f4d8df
0f17ddff
f3eafde7
eb052b04
dfe5efe8
14020d33
1017f6e8
e9f70514
050bf61c
0f39e9d7
061204f7
edf7f4de
200510f3
f0fef90a
0ed3dfe8
2f132cee
f9efe1f6
081bdd0b
0c1b1007
e6e5ebf9
072b0c0f
1ee41dd5
1e18220d
23f0fd04
181dda2b
e70bf9fe
1b3011fe
efeb0818
f60ccd20
30fc30e7
ef07e42a
cc1de218
100d16e5
0cc8f01b
ecdaf407
d3e2063e
e00feb14
0bc9d806
0df4dade
0fdcd9fb
cc181c21
ecd10af1
1711d621
25fcf400
0910e3f1
e4e13502
ea0de00a
fafbd7fb
f21c1fe9
020af4fa
080ffb14
fde6dd17
2607dcec
e4ebdcf0
24ecfde1
e31b1b22
d0c91717
0f0c07ff
0bebfed7
060b0de0
d7fe0005
18e7efef
12fcf70c
1d0726e4
c005f0f6
00d1d6e5
1f0a13fe
f300f4cf
d3d21ae4
2aef0d1b
0a01f809
2ddbd6ed
f50de1e7
f0e20f20
e9261ddd
13d6d6d5
184803df
040cdd16
cc2ffef9
02d00736
f6012adb
18eff50d
1bf900e3
19db0716
07d01e1f
1f0b0511
0af120f8
eed9f320
22fcdecb
e4350f1b
eb16011f
ee203422
eff10bf0
f1e62be2
18ef09e1
c01cf4f6
fd1af501
1ed7e2e3
daf628e3
d8ed232a
e21efb20
def71127
d8eddde7
de262110
1d1414ef
f1d9ec18
14e9d133
e7f0012e
c1e618f9
f4e517ed
1edf15e8
db131cfc
0fe2e008
3f17def4
ecdf2a15
2b03e1cd
fb0eedd8
dafe0ddb
0df4d4ea
e930e906
dd051808
020d0914
ce001307
ebf721e8
221acbfb
fbe6e106
def81101
dcf2250f
dcd9d41e
1fd8f71a
f204d6e1
10dae319
ffe9f900
0fdbf302
150f1dd7
26dbeb10
fc220408
f61af0cd
0d261de1
e8e7e5f7
e226dfe9
faddfa1b
d00917eb
1808d314
1101e7f5
1ae7e610
0113122a
07fbe6f0
dbfff514
1ee1f320
1217f9e7
e00beef2
1317ee0c
ff1c02e8
0d28f70d
e9ff3af3
e7d50c3d
00032ddc
f1c8e503
c12a1dde
e70307f8
030319d8
f408f6ce
fef60921
050f06f6
efd8ce07
20efe003
d8f61221
110c1f13
cfcef4fc
e3eae60f
fb062115
e5e20eb9
f5e42601
0a030ad7
e5ef0be4
f0160211
08e1ebdc
11e91e0c
f914e801
36e2fed4
eb11f4cf
300ce920
091fdacc
17e9e5ef
00e0f3e5
fd13fa08
fcebe50e
28f2bfef
2beec303
01edf402
f2f53afd
d8e1c51e
0310d918
18dbfde8
0f170e1d
ed202018
06f3eaf8
ea1c01de
e6df02f5
e017c5d8
01dff1eb
f113d51d
fefe1006
fcddf91b
e717d0fe
bee7190e
e80ce339
09f911f1
0bfaf931
09f9061e
fce90f0a
e01be5ed
f0fa1bd5
f7e0e9db
0ef3f8c9
101af713
ea0604e6
e923b70d
17efd6fb
1cfefa16
e70f1ce6
fe1806dd
f10dd71e
f9f213f1
2213061c
e6f625f4
e9f60c26
ec00f1e6
1cd210f3
ccfadd20
22fce907
ebfc0228
15eff5f6
fc05121b
fbd70be4
0fef180f
f6ea2a1a
e9d50316
0fd511e0
1ff935ce
ded0f1dc
13101519
1ee4f214
0b030cfb
e7dcf81e
1a0ce122
eae6e720
d21ef626
d914d9e6
e6fef2f9
fafbdefb
e9e0f822
fe1bf50a
e20cfb1e
0e07ea18
cfef19d7
1bf0e1d8
21ec03fe
28180fc3
dddc1303
20f00f15
0510d003
1c191cde
0509dcd1
0b16ecfb
ed16da17
1411d0ff
f40d0710
e90d25d4
240ff213
0b1b0be5
131eeddc
202e07f0
0216fce4
ea151bee
d6e00d14
14071bf9
d5e9fb1c
ed170213
f3ebf005
da121512
10e1e12b
19ec00f5
0208dc1c
0dea0812
de08f21b
050216df
d3dfe917
d820f51c
e90c2cd6
db16e51f
efe726dc
f30be1f4
03e611de
ee04fb17
dc1af6df
0b0e03f2
db08d712
e3f5f601
2d03fdf3
e5e91e19
eae814d1
e9e3eef0
eef203cd
0cf307ee
dbddf90a
fbd916f2
e9e9f914
0cd0f409
f31dd0df
f6041702
fbf1f7fc
15ee00f3
e41c040f
070ce11f
e3e7ef01
f6eedbfb
0ed4e3f7
e5f9e4d1
f3d8e0e5
0cd5eee8
2617dcd6
ecde0cd0
e20cf6e5
171202e2
ebf6d6de
08d402e1
04dd01e2
ed0ddfe1
1fe61ff4
dfe5d00d
ddef05d6
220a15e8
00ea06ff
03e4ff1d
e61b1b02
2c0f21f1
e6f110fa
1019fe02
e710120e
f4d5fff1
f60fe9e1
0ffc0be6
f3fad9d8
1201d11b
1a05f6f8
021bfef4
f90bce15
f3071f23
02f3e8cf
dfe2f7c9
ffd2fbd3
06ec23d0
11e305cf
0820f1ff
e111fe13
f5d3cb12
23e8f528
01e024ea
17e019ec
fcf51010
02ebd34b
fdd50619
d30703dd
012a3bde
ecfbf7e8
12db02eb
18fae8e5
10e722f1
1dede6fe
ffdad9eb
f7ebead5
d2f00410
3c11110e
1907d5e7
0de9ffe6
fc05defb
cf1ddd18
fef2eb03
2007111d
f61d0df1
dd03f123
041aea16
ecd4cff9
e317cff7
dd02d4fe
10e3fa00
ec20eaf2
f2df11f1
f5fcd9e0
0cdd17df
f9e1080d
e31015de
fa03f1e2
f2fb1019
dbc413ef
05f0ce06
102815e9
10f218ff
db270feb
eff7d814
f3e7120c
fafe071d
f7010dda
2521ece7
e9e0ecda
00e1f5f2
f5e20cdb
e307f017
06e4fe06
fe07c018
e9ecd902
17f4ece0
e51a0bfe
fe05dd0f
01dd1fcf
0be31ee6
fcd8290b
07d5f8e1
f7e908f4
dff7f6d6
db00ea02
deefeffa
daf6f302
e001dcf9
f2110842
f6ec0226
f80719f1
15dbfe01
0ade09df
e9fc13f2
fb0318d7
0a1e0c14
1a260f07
160dfb10
ee0fdaec
1a0f0420
f6eeee12
d513172a
15160519
f2ed1529
f4d516f5
d11b220c
f3ff020d
efe32503
fb0ee1f9
00f00bd7
2a1e1005
c4dc10fc
20110d20
29f5d5d9
f1e201d6
defe0400
e1e8d214
f3e200ea
e9d937f0
18f8f6fe
d6161cdc
e121f215
0e0ddd10
e312e7ef
3407e51c
1f0938eb
dd0df1f6
dadff918
caffe308
11d7e219
e3c3d200
dd14ede7
11fcdbf0
1edd0404
04de050b
edd710da
f3e8f921
e9f1d4e6
0ce70afc
0ce00d03
cff5eeff
22e9ee24
06f81cfa
e3d01b11
f1fc0324
17da1706
1e0707ea
0cdff1de
130dddd8
eefbf614
fdfa0df0
d9e70513
dee11c37
da11f9dd
2915fe1c
f3f213ed
d6f3f5f3
fa0cfd05
21e709d8
e8d2fff7
d3eceaf2
00d605d5
1beb21da
f9f51126
21f6022c
d61b180c
ef2507fc
03e2d5e8
d0dd1513
eefd08e9
ecfc3636
f4e122fa
ed01d904
03dc0cdf
ef03f1d8
cef1f303
1d16e3f6
f0def00a
fe123a1b
0517de07
f6090b1c
e6d8f1d2
e1f7ea04
06f5090d
12e30ff2
e8dada13
fe27fcda
eb15fff9
1fedd7fe
1ed9291b
0e24dfdb
0afaeadd
dd01d9ef
1ce9f514
d7e1fae9
f0e81609
18e706da
23eedbf3
eee7d7f9
14ddf1f7
d9fb2516
0106d406
fada2702
1dff01f0
f9250ef2
fbea1ef1
dccaec08
02050ce1
0d0617ea
dbeee626
d81c23ed
f3f6e603
06faecea
13eef724
0adb04f7
f6dcd61a
f624e814
f5e2ed09
1f1622f5
f2330dea
d9e9141e
0af6f9d8
1b1fdfef
e7cef226
fd0ee8f6
ea0ee6f9
14e723f2
ea02f61c
1c010423
ded6f7f0
f6f30701
e8f905f3
08f5f7ee
f3dae620
17e91900
10e50903
01e9ec06
d40405ef
f3f307e4
0c1ad81a
0b14ff1a
1ad5d715
e7f91403
060013f1
eae9fe17
f3f4e207
04f80ce0
e8fd09f1
fd12ed11
1adbead3
defbf6dd
08f7e40f
0a011113
dbf4f2e0
f71c2df6
f0e511f7
e105e70a
05dc1607
17e1ebd5
0c0005fd
fbfddde8
0008fbe4
0f08ff18
e6d9e211
0ce7d522
e31e13d9
2201ef10
2d0032de
cfe3ebee
dcece118
ede9f524
f1fce7e4
e7e91207
f9071af6
f625e5ff
06e5d106
15ff1406
f014cf16
c6fc1ef7
0bd71e00
08cc0918
13fa18ed
1700e9fe
2e07dce5
d7f121eb
f5f3fed6
0fde1de2
19d6dce1
d7fefde3
eed7e303
1a19e8ef
f5e7f006
f63eeada
1200dfdf
f0ebf8df
1505dbef
16fe0e06
d5dbf9d8
eff71102
f8eb260b
f4e8f105
e211f31a
1831fd00
e0ebf3d5
25f9ef01
32191ae5
21f2f1e5
28d7e0e2
f711e8f5
0f0ee8f3
e22910de
161a20d6
e320f807
fa0edef5
191dedea
30e2f4ed
ebe206de
0320fdf9
140628f3
3bdd08ce
f2e42101
eafdec11
f9d3ddf8
25281f07
f211e8ee
f90ff6f9
e0fde5eb
e7d720d5
ff120d19
efe115e2
e4e8f2ee
38fcfede
cb0fffd8
f1eaf51c
eff6f7fc
f526ef13
efe6e9f9
0a0f02f0
1aebf415
ebf416ff
fedaef03
15d6df24
d4e52cc8
002311e0
ead4f113
e0e602fe
fadae126
03ce04ec
27e629f3
fae4faf0
31eb1af2
3bdc02f5
f80b0c1d
1aeeefe5
1524e8e8
1bea1f03
e3fdedf7
37f4def8
36faece6
e71ff20c
0bf2e7f2
ceef08fa
0d04f2da
0dffe5fc
e404031c
f3f2eef5
dafffadb
f1e1d4da
01ecf8f1
3cd4fffc
0ae5e7ed
1ce40de6
16fe0510
0bd31bcf
191313f3
ec15050d
ef2dd4e0
fdf306de
f4f405ea
0af9faf7
04200915
f1e2f9ff
e90509e1
30de0502
06cb2ce4
19effd03
24dff2e2
fc00001c
08f50cea
ef0916f0
0edef4ef
e7d5031d
160ed0fd
f221de0e
17e3f4e9
10131dd4
c7e1fed7
cadd02fc
04c4f410
03e90be8
0706edfe
e6ff1037
fd0228cc
19d8c5ed
e8190aea
f8fe0ddd
f0f516c4
f5ede3ed
2116f640
08ff01e9
0cdad9de
f2fbe327
07e5eff8
22ddfc0e
1812090c
2d001b02
24faee1c
e409fcec
4119eaf0
f5e3f0d5
24efe90e
24111ef0
2dee14f3
1014dfc4
f2120b11
d8e3ce18
f1d518dd
f2eee807
fbf01326
1516cdfc
05f3ce0e
f51514e3
e211fcd0
16dce6e1
ddf71618
0cf2de03
fcd8141d
efeb0607
f4e8f80d
101807ee
05fce60b
e8ddf3ed
f6fde902
18f50cd5
1104131d
09d3ef28
ff0d060d
1cf3fdf8
13f0ebfb
101af404
ed11fd03
f1eb1e16
d1f92a21
fd0f1fde
3604d5c0
08c5f5f1
ed05c41c
081bd8ec
11ebe5d1
07140efa
fb1bebf7
fae6f632
e312dcdc
1afe1c05
f2192304
f7ff1ce9
e121210f
07f12630
f80506ec
fdfefadb
fbe211f5
04e7f3e5
0fd6fbf6
f3212409
01ecf427
1d0cc317
db1cdd08
16eef708
19162a09
04e5ea09
f1e1030f
eed8dfe4
d413f901
0ee919f6
cc1a22e8
e4070e0f
0419e1e8
0fe33022
10f4001b
f2eae30b
171404e7
201813ef
13d90617
16eb080f
29303011
e20011e7
1afb0d07
e81425d3
17fb05f0
fcef01e6
cd241d1c
daf2db0d
1ef114f7
e82ff5ef
f3ec19dd
051edd02
df2424ef
ddf71718
17fb12dc
efd3e8da
16c4171d
182afe00
121f00e9
0a06e7dd
ebdb15ef
2af3f70c
efe8170a
1d121e2b
e2d5e714
ece9f317
010e141c
2317c4e2
e20121da
06dff9f8
f3fd22f9
ec33edfc
f80e1321
eaecf7dd
fc0f2f2e
fedcf5e1
ed001b06
e00de912
0b19e1dd
efe1f10a
08f52906
f517d71b
f1031e0f
d1222510
24effc26
1fe6cf09
fef12ce6
0e1cf7e9
101f0ee2
e80ae9fa
e5e80e14
05edfc15
fbf2e3da
fff8d5e2
1a32e7fa
18f0e1d9
f31fe2e9
d417100d
e3e60209
d6e9e809
19e81a1f
21e628de
16dde13a
1906d9eb
09051a06
e81311d9
2d1cd314
34e4e3d8
1fe8fddf
1afb0006
19fb1106
ece711dd
102e24f2
db2ffcf5
f40bcfe1
1911d9e4
eedadb17
2611fef7
260cf80e
1812ed2c
d00cfddb
edef22d5
e8fc15eb
11f5ed11
1b01f81a
f70815fd
e9192619
e0e1e5ee
19fef2e5
00d9f617
dfe811e9
f019d0fe
d1ec19fb
0104e017
d4161922
ee1e00d7
e2e9e722
15f00c07
fa0c05d9
08e20735
03def0e0
faf312fe
2ae010fe
f81ce814
f4def61f
e6f2fddc
f50a1328
f4f8fe08
14e111ff
0623d9de
f7e42d03
e4f8d61c
27da0f08
37e112ff
05e4e919
3117fb1f
ef2211ee
e2060ee4
e41bf926
ecf9e6ef
03e5f1eb
f923f909
14f6f6e0
0215fded
f51a00e6
ebf91a04
0902e8ec
0f07e904
170fe105
e1d8e118
1dd80111
fbf3e9fa
fb08f9f4
24fbfe36
25d81cf7
f90ef5d1
f4f2de18
e33006f8
e119e5e2
e7f9e0e7
e0dd2519
21dae5f9
eff30ee4
0ad40c0d
ff1ffcfc
27f005da
de18e21b
eb07f3ef
e2dc02fb
e1e1e7fd
010521ef
26260ad3
1e090ddd
d9ccf304
03f0e419
1c13c435
05352ed9
25e71a13
052e2925
2216d816
33110d0f
26141f27
cc09fd01
f40bf9ab
02dff831
ec2e290b
e814d8e9
f0fe2800
3af7e82d
f2f2ede6
10d41ba8
100a02eb
1e081006
1cefb9e6
f019233b
ee17dbe4
c80615d8
be35da17
e51ef9fb
0407092f
fb101808
e9e1f200
c5e42bfd
0d0ee425
1c2cef21
e50d1213
0f23f310
281038fd
e1d3200e
ede21a1f
d7ff0910
172dfc11
0ffdf501
1f2ecc20
f8d50f14
2704d920
23dff6df
ece3f214
0ae4df19
0ef4f9e7
dfe8ff0f
d5f6e809
06f70d17
e711f012
2836f5e1
f8d4ecd0
f71ee5ec
fbff1704
dbf2e909
0908f7fe
052aeacb
f4dfe908
e6e719d8
091b17d8
eee61108
1c0cfb21
e8f02134
fe18ded2
f93643fb
121dd705
d604210b
2d25032f
0b1f2c1a
1305e936
1f0fd215
16ebf62c
13e1311a
0328e3ee
24f50c0c
db2327dd
fc22f10d
07dc0700
faf5f911
1640f3ee
13f12ec4
1411f1f2
11e10421
23f0d0e7
e0031305
d4e00506
e2fd27e9
be1de417
ec33fcf2
0adc2822
ebfe16fb
eaecf107
af14fceb
21d3e127
0df7f72c
fbfc2a1c
fdfc0d0d
0f07100a
0d0b220f
17fb29f3
f92715e5
f2e1dfdf
2af722ec
0506f214
fa10fc28
2a21df41
f0f6330b
1c0cdd1a
fb25ea1a
0d2013e6
df1826fb
14f3ecff
e6d3e1fa
ffeb0ff2
25321404
dcfe340e
06e2e51e
ff041805
0d04d0f5
dd022304
cb3316e6
17050602
24e707e0
030709ea
d40513d8
0702e13d
d9f31208
18f405de
e42b3306
15010015
ecf2341b
17d6040b
0ff61007
1e0f0328
29e00404
140ddf09
f2ff2dfb
0de4fde5
f309e1e1
e41eeef9
e50113e6
00031bf0
2a210d04
f702f0ec
e6fbe413
e428d701
3c04ef13
200fe3f8
041e11f8
0ff2ea1b
f8d812eb
f024ea21
f02424d9
070c1ef2
f2fe33fe
18f2e331
d2fa09fa
e2e71d1d
2ff60203
e5211407
fb1ad51c
00d729fb
c9f20fc6
f4fc2ef4
f90efaf6
fbf00cfd
f50f0afa
0e00ebeb
03e00e1f
28031932
0bee2806
130f0515
f7fadad9
e40d1afd
11260516
d8f5e921
fc2bdefa
dc0d0313
ea0c1901
1df600eb
2dfd03de
1a133316
f81808ff
e616ee27
c50fdcf3
f3db0c13
e830ffe6
0bf4dbf5
e4edf7db
27e71138
f3ee022e
22f9f7ee
ec0d26f7
f51be915
f21cfee3
e002f40d
f91c10de
061f0fe5
1a110114
0e16fe23
e4dbea2b
f900e8f5
e8e121e4
18eb060e
df0df7ee
10130cff
e4da2819
0ddee1e8
f3f4f0e8
e1031724
19dfd818
f71507f7
dcf00add
e4e9f6d8
deee1321
1df0ffea
1801f6f1
1709171e
e3e413ed
2403f11e
1827e6e5
dddfe1f5
06061eed
1b0221df
00020c15
0d03f212
d8eaffdb
d8f1fdd7
00d7f1e5
2021f112
ef04f5fd
13fe06fa
fcd91113
11e50911
deda1817
f1f3001c
07d9f407
22120305
21f3f9e2
e4f5f1e5
1c0dfb02
191907fc
142ddf07
20dd1e16
1ad7da06
14f112f5
08d314fc
f6f9f70f
09ee2019
1eedf7dd
f10608f7
dcf0dff0
1c1ed4ff
06f9e11e
171303ff
e105ebf4
0e1f2502
1200f6f2
03e5def2
1bfde705
e91c24e8
17fb11ed
031a1efa
05e31f20
f8e01f09
11f2efff
f9190d1f
f8140af4
d904e5eb
25021a1a
ea22f626
0ad51815
eaecf90d
1bdddf08
edf406e3
1421e9e0
25d9e9e5
e5dbd919
ebd71208
0a19d51f
0cd9ff11
030adadc
ff2a0a04
e1ef08eb
21090c16
1bee11f4
01d904f2
1dd4d6df
09091b1d
efd52609
f1f218f2
f71ef309
ee130be9
fde40202
021cf01a
0ef21916
e1e5f321
f62ffaf7
ebe8090b
2209191d
0c131912
01081dd9
ebededfa
1fe4e824
13eafff0
e2e61013
0e0e1e07
e5efd8ee
1bd4220f
0f0ce20d
fc05e31b
fbf8d7ff
f0f8f404
e70f0ff3
ebe900e6
07e0f7fb
ffed1601
f2ff04fe
ed0b1921
ec13d9fe
f5ed15ef
ec0e12fc
0ad8dffc
e2f50725
e9eb04e8
ffdce920
1005f81a
e4ed0814
14f4e703
d41703f4
ffe408e6
f10cd617
ef27f8f2
171c00fd
f913181f
092505e6
ec0f1df5
ff0b2300
0dfeed06
190af703
02100dfc
0cec12d3
06d8f10c
e1f7e7e8
1e1d1feb
1919051c
1e08e6f5
07f71c21
1c190ae3
0df4fbfe
2013e517
e810231d
fc16efe6
dc0c01e6
fa16e6e5
f80be5e2
fef805e2
1cebe8e5
06f2f3fa
e8f7f7d4
1b0fe5da
e9081d13
0e28e912
151cdef7
2103f0e0
f413efda
e60604eb
dd29eafb
f4eadf00
fefae5de
f4dde2f7
e9fdfc00
ff0212e0
f6d7fde6
eef308eb
e3e90a05
0e0132f5
190ff3e9
1928f206
f414eb02
18edef06
1e06e6f3
1bf21e16
0cedf0e0
fcf6eaeb
15170ef6
f1f820e8
01f90ce7
091319fc
e7210c18
e814e5de
e439e4f0
ece61424
1d1beef8
f6f21114
dd020821
251f07e2
1a0a02f8
f4eeecec
26deecff
e2e821dd
eee6ebf1
fffe19ef
18dbfd0c
f9f410f1
1df80a15
ebf11fed
ecfb14f7
ecf4f111
1a0cf1f7
db0ddbd5
e5de0eec
fcf81c04
15f6f011
f5321edb
23d2ef27
ea0908e4
daf70108
ee020dd6
ffe4ff19
e9deedf8
f5f6171a
fc0414ec
1deee2fc
efe8f9f2
eaf1000c
fcefe2f8
00031802
22f6fff7
0b0003f5
e6db0b00
03eef500
e602f405
edf3e3fb
16e61bfe
22f4f308
e71118f6
02ee2900
00fcd91e
26fbe1dd
01fc2c0b
06ec09ff
06e2eed8
dad8f714
0b1dec03
23d3ea0f
e0051022
eddceaed
ec1e1515
fc050c0e
111e0315
2deafedc
101d2514
1fef09f4
ec03e5ec
1a0eecf5
1b05ebf5
d9f1f0e7
e111f11e
1325f32c
de09140f
1ce61ad8
e2fe07de
f31fdcdb
101020f1
ec050b01
f3f41a0c
e81bfed8
25eeeee3
1af8e5ed
fbddf3d8
f20cd8f7
f3d4e714
100a02ea
0900e212
19220df5
141afa12
15f2ea1b
0c23e9e0
21d4e012
d5f2f904
0a17fef7
0bf007db
15d71cd9
efe6eb05
e8071920
eb0520f2
f9f31edd
031d17ef
f308ef17
ff16e500
dff5fa25
121de502
f514151b
17e7e30b
e4e5ef00
dff7fcff
fde00727
020cecfa
f7230b0b
0f0feced
14e70315
10101d17
0721fcd9
fd0e1bdd
07ed09d5
f6ea0af4
fbe9e0de
12e9e21d
fe0ddd21
18ed181d
1403e1f5
e8131a0c
d915e6f2
190f1afa
021c2cf9
2dfce019
fe2be7f3
e11414f8
0a02ec22
f2f3e403
04d8ebdf
dc0501fa
dce20315
14fcf124
f8fedb1d
f8ede726
f41a1bf8
f909d6eb
1a2308ff
e610f622
28dbda01
0a1319df
d9d9f5d8
df17def0
ee21f0e7
140cdd1d
0fee2afe
193105e1
e922fcf3
222b0821
0d0fea16
f3e20e08
0724edf9
13fe1920
f4172e14
ed10dada
eaedd918
141c1bed
1005ddd5
ef09dd22
d927f91e
e9f9ea1f
1f1016ff
222be3f4
090c17ed
1f19eece
24fb0f0c
f6e12d18
dee01eee
110afafc
dd0bf812
e1e20b17
12eeed04
ede30df9
2700def7
f22c0ee6
0625060e
1f1e160a
0606f8ec
fc1c1be7
f300dfe5
0610041a
ee0be4df
1ce41ae1
deeee0d7
073007f5
fffddbf4
fbe216ee
0e1424e1
070400e1
05d3050c
e1e8db10
1d301ee9
e301e4f1
fbf103d8
e7201d00
eb220eea
ffe9f418
200e0120
e1f2d626
0bea1cdc
2a1b0814
fc0c0107
0b1401f2
1600f00b
eef1fcf3
e3ef040b
f021de01
e9fce616
defae51d
33f3dc17
1cf31706
f417f70b
fd21e327
f9f9ffe8
1eed1de1
0adef920
e3160604
03ff22f5
220814f4
0a1925fc
fee513e2
25f50ffc
1013fb08
fce8f42b
e91b0410
f4f5f5ea
1e090bdd
d816f923
181dea09
ed001005
ea2ce104
0b09f311
e01505fa
09f516fe
dd23e70a
ff24dd0c
e0161213
17150b04
0fe6fe1e
e925ec0b
2423010b
deff1be8
0c101622
e01adaed
0327e91b
e1ff290e
ebfdfd14
ecf9f8fc
0a1415e1
0ef6e8ff
1ce919ea
f3ebdfef
fdfc1be5
f211e815
e6e9e9e2
1423d9e2
e127fc2e
072c1aff
00e7100d
f7eee800
e909ec26
eb02e107
eb041411
eeec0c10
051d230d
fd0ed825
17f7e911
2f16180f
f6101be4
f0ef09df
e2ef0bf1
d2181214
dc0a0b09
f81def01
ee18ff20
e80b02f5
25fffcf1
f2ec1913
e3210525
0418ef07
d3f1e118
dd210422
f6e90e0f
e803e126
f611e011
0f10e4d4
e703061d
23ed1408
0bdf221a
23e606ff
fbdd19fc
080c21ef
edefe4dd
eae6ef13
fc0ae7ee
26ee2019
f60ed8ef
f8f6f4ed
eb09e2d6
131b2ef1
0c18e6e5
15efe001
150be60b
0f1bfe04
ff2cf8f6
0b21e71f
22fdfde5
e70de71d
14d7dd08
1406f012
1d122cfc
010dd51c
0ae0270b
e5ef16fd
faf809ff
fbfe1803
02feeede
f70800ed
dcdb1ad6
2212fce8
dff22515
f1ec21ff
17eefc0f
ddf5fcfd
e31dde0b
f0ddf4d4
fc18e514
f9e5f91e
1d2410da
21ef16f7
e9081b0d
ef09280e
1bf707ee
0613e1ef
160124ef
18f305e6
dc000721
e1f6f70f
f119f914
03f0f3e0
32fc03db
f21be8f2
fefd1d1c
06e201f6
04eb1ce6
fae4e611
02f9e20c
160ce1fd
ff1cf7f0
eddcdc02
f1fc021d
100111ff
0c0afbf6
e6ea1b07
d81318f0
2aeb152d
19de0ef0
10f7f0dc
fd0fff0c
091cebe3
ebecf5f2
12fcf8f9
1eefe013
131628df
25ec1109
e322e018
d205e10a
03e01017
0d0701ec
0dddd6f3
fa201e19
f922f3ef
230d171d
fae0faf5
0cf41211
1a13f9f2
08e30f11
010aeb02
f107081a
37fb0202
0cea06f9
1203e22f
04c7e500
26ea0205
ebe710e2
fa10f7f7
0100ed0f
1bf9d9ec
eef416ed
22e0141d
cc11fa10
0b13ed15
0bf6162f
f3f9f43d
fad5cdde
e10006db
12d302d7
14e205f3
fcf5fa08
0bd30c08
22db2206
131d1523
0302f7e7
f4ead8d4
163304d3
21e7f20b
d60befdb
0913e4f4
0705effe
f01f1ef7
c9d1f61b
0d0f1ad4
1afbdb3d
fbffe4de
0ccff9f4
0ae8050a
270c0bd5
19fe24e2
e7fa10e3
0df8d7fc
d2fceb04
f608edd4
da02f7ea
e7280311
e50924f2
1fece8e4
dd0df8e7
10f2cee8
fbe005e7
e4dfdae9
e90be9df
f3ee0ce0
11cf1a04
ccf414f8
e3ed01e8
0dddf621
d1fdf5e1
1503e5fc
fbd5f8f8
fef11bf3
09fd04e4
e420ece0
f1bed012
0fd231f5
d8e1d1f9
e0f9e536
fdf71fd3
0d17f719
cbebfce7
e50ae518
04ef0c05
d8cbdb06
21f60f16
f6fccefb
c21215df
00d02300
f6d41832
e9110935
fa04dbd8
27fc0c0a
00e5ecd8
ee130c0e
0b21def5
30e5eee1
f0ec2cf3
39ee12e6
211dd104
19d027d7
05260305
41e1fad7
ff031acf
e6fefec7
da0fd5f8
e01d0706
d5d60ddf
0ee00ed9
f4f41e06
01d2ebdc
fbdff919
f605d507
0f02fcf0
10dd06d6
06f519f4
14fa16e3
fadf0df4
17ebff08
d627f8d6
02ebeaf3
d60310f1
feede920
08cad9e3
1c1d11db
1ad026fd
ff07f318
e3fb1107
36e230e6
d71110d3
0605170f
06fc11d3
f71607f1
dbe20fe8
f60201f0
fbebdebe
e4e70607
f902f401
f21bf9df
05ce05e1
2b0f36fc
e8cbefd1
f6280fd0
d3cffce5
1c01efc9
10020907
21d90705
e1e925f5
11ced4ee
fae8ec05
1f1107f6
f7e422cd
eb0f1afe
0910dd0e
0fe1c412
101debfd
1108daf5
fef81ce1
e606e9fd
25fef5f5
2de413fc
07d1d4e5
f5dee4cc
3cf5e3f1
eafbdb15
0205e422
26cddfc5
e8ffdaf1
e814e2e8
dfe9f3f3
e70400ea
fbe2fedc
08100ff2
01131a00
e7e2e603
de04f8de
f9d81ae6
080519d5
34efdaee
06f9f3de
edfb020c
09f7e201
f8fccef3
fdecd3ee
0704f7f8
fa170710
f1fc1de8
1de9e3dd
0ee9eff9
f3d4e4e2
f4e7db01
13092b0d
21c726fc
190c1e21
ec12f800
f302f5d5
021ada06
f6ff23ec
d9ebeeaf
fa1109ed
110b0dd8
db0bcdf6
fdecdc07
e91f07fe
0efe07f2
bef0d61f
03fdff25
f5cdd314
20ecfb03
fcf2e2e8
12dbf2da
f8e4f7e5
0e17fbec
df10f5e6
ea03fc0b
dcd90609
f6e6eb0e
fbd6e1ea
01f80d1b
f3f90fe1
24e0dde8
f4f10d05
e513feeb
f01f12e9
f2e3fcfa
e3daec01
2501d411
c32af8fb
0edfe1eb
0109dff9
fbd415e7
ed06eee9
f7f6f1fb
fbeb2117
ec0e23d3
d7de21ec
e7f40cdd
31e2fa28
16f6deee
14fc20e9
15d60705
0015f720
ef13f2d4
f9d2ebff
f006e6ff
c507d009
eaf109e7
edfdfbea
fd14f0dc
16f4eb21
dae1ca0a
f003f119
23fd1f21
12ca1905
03e5e2cb
01e4df0b
ea0df2e0
04eccd24
fa1be815
fa11e91d
18e208ef
e8dee61a
17e701ea
d71c0d1f
0ac2ec11
02060a18
e510ffed
14f318e2
fc130eea
ebfcf00c
f432e410
07cd01f3
16ffe61f
d60f0b10
fcfbe1ff
fe00ecc6
f316ddef
eaf30a17
f6000d1a
17e618e7
0007f1d5
01f9130a
04e31e0a
e4fff81f
f4fcc11f
1dfcf309
fef811f0
071110df
e7ed00e7
17fdebeb
2fe203d8
03fde4dd
dd0fef14
0d06170e
3ac90713
e80ffbcf
d5161d19
ff29ec0b
ea1de6fb
ea19e923
fc1d08f6
0afa0235
23f6eb0a
e6fd28dd
e015ede0
21cfec09
fce7f904
04ea1513
2f1b1efc
0ddb1a13
d2f31ffc
ee2f2bf1
11150ff5
140cdbf7
25e2ded8
07d817ff
29e10f1b
15d8e9d7
1dfe0bd7
e200dcef
fe05270a
f0e2fb0f
ee1708e6
f509e5d9
2408dbfd
16e6061d
0df61222
dde31305
1c10dde7
ff03fa04
e71afbe1
f7d516e4
37faedfa
12f9f90a
fb04f0ff
e803e812
0303fada
e80416f4
ef11fb13
15082be0
f008fbeb
f11ff302
e7f220d9
13ea15fe
0bf9f706
dd0afdfa
0b06122f
2322db0a
1225cfde
04f121f1
19d801ec
e3131113
3706e1e6
00e70ef6
111a0bf3
02fcfae2
0f1e1106
11050f12
2c0ee5d5
fade03f4
07fffe07
08fb08f5
c803e40e
fd13f9ee
04e31a0e
2dec073b
d6f3fdfc
0bcb05e1
faecfe04
2dfcf90e
2dd00d05
e0f30ffa
f61c1220
0cd802e6
c81af4d3
f333d7ea
e5f8f51e
f1fb0601
0ee604eb
fdeff20e
f3181ad6
070bfbd9
f8f91417
e33cf8e2
28d4120e
f10d0a08
06140806
ffedddf7
1c04e4e8
fb000e02
e8010906
f8e100f1
fad6eef2
1303f5f4
f4f8e2f7
e82e05f9
fef5182a
fe2e1538
32ff1917
272eddf3
19021b2c
c708f63a
03e205e0
d7f31229
092630eb
15f808ff
1511181b
080f0c24
defa191e
19fc3cde
1c2fe4fa
eb060531
15d6ef04
05e421ff
f314d6ff
f20ff6d2
c6ee091b
fa320ff2
17f3e221
d30e20f7
ef03efff
b1f1ffe5
e3f00e0b
2435ff2c
d9e71d39
e912d711
10170f1e
c1212503
1d0bedd8
dff00811
d22009f2
06f1ef0c
0834d729
e8d1172e
fa07d32b
e4e5f416
061cfc12
e1dfd4e6
e31df1de
e7f914f9
e3f00b10
17dee70b
ec0a0817
0029fe0f
c4ec1ff1
fb22fcef
18d627cf
18dbd300
ed240703
f40d1203
df0206fa
1f2808e5
18dbebfa
01201709
26e4f025
0ef4181f
ee26f405
de3722ed
dbfcbc02
0f1ef3d3
09e5fb0d
e91d0e3e
3310eafa
2cf0dee7
2bf7d5ee
caf8fe2a
0219eefc
11072cf1
da1d30da
f8faf510
0dd305f1
1fdd0a13
d715e81c
080b1ce4
e5e80dee
081ad035
23f1ba0d
e9f11ff6
dc0c0509
d6f90bff
ef10de23
11fbf517
fae20f10
e91c2f01
f7f4e424
e703f400
1d09e627
e207f32a
fce1fc2a
241004f4
d6d62c1c
f6f318f6
02fb29dd
1c03042c
def40016
2c19ea09
f22dfa2f
f5151b17
fbf9d312
30eaf7ee
01dce117
0206d71c
d9ff0dd6
f72d3df9
faff01f7
d913e0eb
1d05e0f7
fe14ed0f
12e00afa
28e109ef
2c13060e
01b9bf14
0d2a1eda
c53612ec
e704e317
f10a08ea
1ed707ed
fada05f3
3af6e505
1304042d
f4e519fb
e60024f7
e3150221
d300d5fa
101d2103
eb3c28f2
f8fd1a02
0f111018
07f0d71a
e8ef0128
1beef5c2
e4d63108
df350303
1dfedd0a
d407f504
09e8fe0b
020f0a04
edf4280c
0e16e2dc
2af10b2e
24f5bc01
fddf2b2e
d2fd0dfd
d90f27fd
24000031
042827e9
ea06e9ec
e4321fe9
edf6e003
b122ef2b
fbf5f5f3
20110e1b
e2fd010a
e525e1d2
dbff02ea
f1db2ae1
27d40404
fd20d516
dd25fa1f
05d00cd8
e613da1a
27e2e223
42e6dc25
1600ff0e
fe001338
16ff0ee6
03e81d1f
00e7f61f
1606f2fe
fff6e2e0
e2fcd80d
f2dffddc
24de00ef
f1e4f5d5
25dc11ec
020ad722
1bdc02eb
dafc03f3
03ee0efd
1c051d0c
f512eada
e2fc150e
33131a02
3aeefb1e
e2f314e6
ee1e3d0e
eadb18dd
dedfdd18
e2f71e03
e0f0d1f4
1e00daeb
eaf9e0d3
df0df50c
e6041409
0612e5fa
e50716f7
eb13ff02
0514e4d9
de1dd9f7
f2271709
18dd1eec
21fce7d5
e1dcdd22
f1e9ebf2
ccfb04f4
18e62514
fdd5181c
25e3200d
ff14dbd5
1cd5e900
17df031f
f416fbdf
051fee18
19f3e126
21d7f200
26dd19d3
090cdce0
1a14f212
01e30d29
2325e0ed
1eecfafa
efde00d9
0fe3fef9
e528e903
da24f1f6
26001c21
e423f022
06e30819
dc10e2f1
17faecd8
e1fbe2d2
e5d8dfd5
e102dcfa
02f7eae6
d4ea0ef6
18e70ce7
f8f7ffd7
f810f4e9
eefce41f
25f713ed
17d9e50d
03da0100
fedde0dc
14230224
11010502
ee03fc12
e30fffd9
090813d9
1305e2ed
06ddd40b
2318fffe
fa03060d
dbe90a15
00e2de10
ddf101ec
1e0d10f5
fffe1c11
202211eb
f50705e5
df15f4ed
ded01e0a
0cd5f6e3
0af2eb0d
ece40904
1000fd0d
2af5000e
fc1ffe1a
e615ed11
fc1d1303
eff6e2ff
f81305f6
ee03e520
e41f09e1
0ef3ea1e
d4fe1b14
ef1b10ee
deece1f5
07041f21
f9191d18
d4e5e1e6
14dc0b0a
dd16ec0b
d5071edf
ffede222
1be5f1d9
d6f7f1e0
14f809e2
dae2d720
02eae215
2a271824
f91e1aff
ff11fa02
e9f401f1
f7d6dfd8
1ae8f0ed
e201e7f7
e50ae600
2bd4e315
14ee17fc
0ce5d618
14d8f513
e2d7e527
03f800f6
1812eddd
02f804ef
d8fa121d
0dfeeb1d
0f22e706
ea131d10
0f2016f2
fc18de1f
dbf7d9f4
202a05ff
18d3de10
231118d2
e604032b
17f5e205
0d21d0e4
e1e90513
f1e6dd00
1b02e310
1301f014
00270df2
0ce4fbf2
13ddf0ea
ec15f20f
0fdc14f1
fc0311e3
f4f7fa14
0013e514
fa06e624
ddf2f70c
0c220302
fdd8ee15
f4fff7fb
1d160f01
0814d7eb
24fee5ff
e7160f11
d80df706
e9e905f3
0af3eaf7
13080403
e7dcf0ff
f900e7fa
f913f0fa
26db0ce7
f919f524
02261908
10151bf3
dcdff2fa
cc14fa07
d41ce8ec
081409fd
0f12f126
ede6f4f3
291112eb
08181504
d6ebec01
23e4f5e1
df021bf4
f4f7fc0f
14f5fde2
f91009e1
20df0ef3
d0cf1a18
ff02e8ec
e10ff0fe
dbebd912
0ae0e722
0fda16f1
efe3e61d
050eeff2
efe721f6
ed10f0ea
fcf6fd08
0214eee1
20cbfaf4
101d0bea
040515e0
1e131a0e
e11403d3
eae0ef19
dcee10f7
fdede2fd
0b1f13dc
effa28f8
0117f2e2
da1be903
0de104f6
ea09fcdf
f4e7fbd8
24fee00d
0be21ad7
0cf916f9
09faee11
eee505e0
1704e4e1
25df1feb
e9fd08f4
02f819fb
100de3fd
0f06190f
f503f013
d7f72b11
eaee1c01
fcefdb00
261204d6
280810fb
04fe0b09
ee15efed
0316dc1e
1a04021c
0418eddd
d816d5df
e21116ef
00e5f5f6
0afcd808
e6f4eff1
f6ecd6fc
02eee4eb
1b1219d9
0a001ed2
0920eaec
180c0d1c
f604d80c
24eed60f
29fdf7e8
e505df11
d301f70f
e802161f
1400ff23
25fc12e0
190be2e8
e4f7fafc
eef7fcf7
f508130e
02e2d413
f1190023
0414f0eb
d3fb15f0
000902e5
fd0215f0
0f150718
e1dfe11c
dc2208f2
d00d1cfc
fb0bfccf
1e04e5f6
f40e00db
e02017f3
160118dc
1cedd2e9
e20ae0f0
e9e60810
f8ecf00a
0cecf318
0cdbdcf5
04f302e3
fae8e9cb
e3f0ed0d
dbdcfa0c
fa0e0ee8
0d14e0db
1fd807e8
fce1f207
e00e0ee1
0efa1af4
05da181f
fae9fd15
f90b21f3
ec030be5
00d704f0
14eae11a
d21a13eb
17261a18
e9e21df9
1bff19f3
dc1dfeed
fe1c0ee3
f6d6e0e1
0c101bdd
f9f90e0a
18ecf811
0313ea1c
1bfe14e3
1cd9f0ed
e1dd15f7
f4ef04f3
1ffcfb1a
dee308f7
1e100fe1
0410fd19
ed0ddc03
f11007e3
fe02e5d7
fe1f0b1a
ec0ef7ed
f40310f0
1fef0318
06e7e8ec
effa05df
eef7dff9
0906f3e9
e3e7f6f6
f6f81c14
e61b1cd4
18e8220c
fa1219e8
0ee60911
d7fa060e
25db110c
0f0a1609
0921e6de
0422191e
d7212b01
f9dbdbe6
14ebf5e4
0ff2fffd
ec0d0de4
fbfe1700
10f20ff3
0f03ec24
07022005
1efdf301
e0001c24
23fdf517
14d6fd27
d8f1ffe3
ea040d1e
de18eaea
e81ffd20
d2e4e5e5
fbfae101
0317020c
ef02e716
02f80dea
fe06e708
db12e906
0bfd161a
f117f816
f30701d9
e6f4ebe4
0b0608e4
14060e1a
0ee2e9e1
14f02703
10e9fd29
09efeed3
1c141f07
f5daf510
23f3e3e2
1c2a1cee
dc0beb1e
03e4faed
e0f30aef
0d0ae21e
0ceedaee
0e0e00e9
15d9d913
25ea22fb
edfee516
15f6010a
05072528
ea270efb
f7e611ff
e10016ec
241edd10
06d3da05
e019fa17
0fe3ddd1
f8f21825
1afc07da
11d313fc
15dc1a18
1efd0ffb
dd20100e
ef0816ef
ee161215
ecf013ea
f6ed15da
f8201be8
0e14e71e
e500eafa
1d0cfe13
e4e3dff3
050310e3
1104f112
07f1fe1a
eee6f22e
0ddae8ff
12dcffe9
10e9daf4
f9ff0ce2
0eef1dd7
d9db2008
0b0bfe06
162af909
29e1f4d8
f0f019ee
29f5e803
0ff9f920
fceb03f8
1a041418
e9e1f907
fed7dc05
fbdff9ec
fc22ddeb
ce15da15
eaeeeb0f
04e40729
01efe612
e3dee414
0ae509d7
16f8f81d
0d1cf8ec
1b0d08f7
fae013e4
17eb2115
1219de0a
1ff10ee5
120b09f2
10fa0f19
27151610
1114f7d9
22f209e3
1efdde1f
120ae50c
d4080ffe
21fbdd1a
f4e801ed
0c131817
f8fe01f0
e9d4d618
dbedf30a
ec0af00b
17f008d4
0dfd11dc
1c0e170d
e8fedd00
d0f01ad9
0f002301
faf71fe8
2023240e
f61fece8
f4031e13
2b03dd09
16ece6f3
23180be0
101ce01b
0af819ef
18edfcfa
0f1d1016
ea0aef00
09e4d910
dde7fd03
e700fbe4
fee6d7ea
fe27020e
efd9f0e9
17f4faef
f7da02f1
0e16fcef
fee6eff4
efec07f6
fc0ff4f1
1827f5e8
f30e21fa
fb12f4d7
05e9ebef
12f6cb0f
0be3e6df
f20824db
28f2ff06
00de071b
07e900e6
06011604
200c1200
f70b17f4
eb042316
d5ed1fdd
1cf20d28
e2e90aed
f605eaf0
18f304dd
de1313dd
f109f3fc
28fb22fa
04071ce2
170b0d12
f505da0e
fb0821fd
18e7f7f7
f0dbe0ee
f809da14
def6e70f
fddb1f20
16f21905
000dfeeb
0013f7f3
f9d7def0
e10a1901
dd1a13fa
0a092904
13e1d9df
d8201c21
0935f110
0f203111
e7ed13f3
f3f3d4fd
0309d6f0
ebedfbe0
18161201
f81317e9
df0ae9df
1e0713d1
10f619ed
0ddef507
fc18fee1
fbe0d529
0ef40e21
ece2ff11
17e7dfe5
0de8df02
e11f08ef
14170808
191aee00
13eede0a
18e00602
e213db20
f1f4e5dc
fc28ebe6
dc0efddf
100ddffa
090817ec
f62021f8
cff3ef0b
e9ea291d
ff061c2e
eae1e208
10feda09
fc1af6e6
0afdeed4
e00e15f8
1601d8db
f21220e0
0322fd01
26051720
eb1be025
1bdad404
1108fdec
e90de817
e4f6fdf6
d8f2f3fe
22e21df3
1de704e3
05010712
e4030105
f516f9fd
0a0107e3
de0f02d9
f1fcfaf6
edf3e318
ffef15e4
1b1ee8ec
0919e3f0
ed240aeb
e6f7ffe0
edebfc01
f606ea1e
d41809fd
ec04e8fb
d4fb06e0
15eb0a04
121516da
03ee01f9
1fdb0dfc
fd0bfff4
1ffed507
0cf40a12
f6140a19
f3e7f5f5
d8d5ef1c
1205f50d
ede415f2
080006e5
e2e9dde2
0017d5ff
d7fa0818
e3f1d6e1
eae20eea
ded7ff17
ec17ebdf
ff070f02
14e2dce0
1718de0d
ef1b13db
1e04ff0c
1808d7f5
e4ffecda
f50915ee
e311e61d
e7ecd8d5
1f0b1f1e
f8e123f6
f9f52018
edef20e5
221f141e
e0e3150f
f9f007fc
13fb000d
fd16e700
eb19f0ef
f9ef1d0b
d9e70d0e
06022610
02dd1422
ecfdfcf1
18f3ecde
e3ec0bd5
e71fd40c
23161b0c
0b1e07fb
e5e6deff
e2d9e3e0
da1ef522
032819de
e5f00c15
fff1f710
f0f4e2e4
1412e8f1
f9e2def9
fa17fffe
de250ee3
e2e0f9ec
15e40a0a
121dfffa
f2ed0e00
faf6e7df
fdfa2000
e802f802
fe06e904
e314eff5
fef90b16
18e2e922
de0a261f
ff13eede
e50d1004
f91b1ed8
18fe07f1
e8f20113
08160823
e50b0ff8
03d4ddf1
f7fbeee4
ff0707fb
f2dd0afd
0c00fde2
10ea1d1f
ddf21d1a
0a09db11
f9f30cec
f2edd9f5
091c09e7
0908ea01
181de704
0efbdedb
eae80cfa
00fc19f5
080ffa10
f8fc131a
d6f51c20
f21bf5fd
ed0707f6
f6d6f11b
0bd70e10
efddfbd6
03e6f0f3
1311ead8
def4fd07
f5eefc1b
15eceae8
e8f911fc
2210221b
20e41e0b
0df2e1eb
d904d70a
f9f0ec1c
21f810d5
15f3fc12
e308e0f1
e01b06db
0ef0f3f3
09e0d7e6
fcf11a25
1b12f004
180cdfec
05030adc
0105d708
030bf006
e7fbde05
29fb131c
e7d9f6e0
f4dc1b01
dcd5f4d6
0704dc16
1ffc1c20
02f6df10
e2ddd80f
ef0af000
0df7ed03
e303dbf4
00150118
f8edf310
0a11ebf1
15eb0cf6
d618f5e1
f5fb0021
0df9d521
f50cd9fe
1be7e917
e4f8f4f3
f3e90fe1
1025f114
dd1ced0c
17f6e904
0003d8fd
14e4e8f2
ff1813f6
17d9edf2
ff23f3e8
11001411
e91efa15
eb0ef418
dc051713
e400e221
2a1d010c
f8e6fa1d
0ff7f3f2
dce51e1e
e122f5ee
f7d9daed
fef213f4
de110bdd
fd1ef609
f8e9f2ff
e81efd1f
1df8e507
001809d7
f91603de
e5fcd80d
1208ff0a
de11fc1f
fef5ddea
eb1e1812
fcf3e7ed
e20618e1
e4d9fcec
06df0421
14f8fcd4
de28e213
201c200c
17e509ef
fad6e3e1
fe04d917
e221121d
050fe01c
14e0e7e5
eae9f412
f2ff03da
0df6f6e3
e5eb0fe8
d7231cff
1d1ae003
fdf0fde2
11060a09
eddfe0ec
f1f8d709
0cd8e118
1f1a091d
ef0af1dc
de1b1bff
231af6ec
f3f8fcd6
18fce4f5
0f0b1ef2
1100dfe2
da230ce6
e71916f2
0902f7dc
1be30605
091b1ddd
06ebe817
de0b19f0
01fee515
f1e5d8f8
00ef020e
ff09f8d7
fede050a
feec1d19
02020112
02efdcf6
1efdd917
21f5f6fa
f31d17f9
dcf7f5ea
efe0d8e8
efee0108
fdfa1e04
1ae600ec
0be30d0b
2003fe11
1afb1600
f5ff1b0b
e513da0d
e8fff7ef
f5ee0003
0c0818e6
0213faeb
e7e61adb
fa0a08f5
dfe71de5
dee7da08
010df512
12d409d6
0c20e7fb
fee11a02
1a0413f4
d4edfaee
1dee04f7
e3e5d614
0923d818
19f5e2da
09df09f0
e0fa112b
dbe60ff3
faeadffa
1bec1bf0
0e0523eb
06111af0
eb140921
f2f6e8ea
21ee24e9
e702e9e9
feeb05e0
e00deed9
2edfee04
1919e203
f416fce4
1f0a17de
0b15e1fc
f70422fb
200517ee
feeed422
fce5131c
0ed3e7e6
f9ffe3ea
1cf1fcf1
f40adbf9
0a16f21a
1fdedffa
f9d4dede
e7e00e19
0afdeff2
df0efae0
f41e1113
06dbec06
e00bf310
1eecdbf1
f210e606
fee10c07
1f0bfd11
250bde18
d61ef624
13eae611
1f16e7d8
1b14001f
24ee0610
e8f7fffa
e6fa01ef
eff90b0c
03e2f30d
ff1fee0f
e5f9f0ed
07110809
0ee92006
e0fef8f1
ef010617
d3df0adf
20161ae7
1a240afa
ebda0ada
f90d14fe
12e1e70c
ffd80ede
dd09ddfc
01ebd8fe
e62add18
e1eae9ee
e71df710
dd0eee1b
21ea1e0d
12e124e4
140302e9
0a19dfe4
f01106e3
1b161fea
f8e31622
1ad5e412
16eff2e4
1edb1fe3
fd1ef41f
e81412e4
e804fb1a
f50109ea
e9270804
1b04fff7
0efbe00b
17e311f0
02f111e9
1bf60d0e
d61809fa
fe05fd1c
def6f507
ed1ff703
1cdee316
ea0f08f0
f5fafce2
1dd5f4dc
f01f11e6
fdd7e5fc
e4050f08
12dffa0e
e0120def
eaf2110a
1df11011
e2f5d6e5
06d6ea00
0bf7dc12
1803e7f9
0c11d5e4
12d6f212
0d0ae41d
210de6dd
f6f4ef0b
e60eed17
fd01f3ee
16fd1c1e
f2e4140e
0ff00fda
de06f815
070816da
f21ff715
1d0de9de
ed120d03
d8e6e105
e8f70ce5
f5e903ed
def5ff08
e2011c13
1a011bec
fb1aebe8
e6f112e2
d72217df
ecd9d4fd
f4f0e721
180e0b1b
def41223
ee0fea13
d7f3f1d9
fe0dfb1a
daed1b1a
1b18fa1c
2012d516
1fe00add
15f4d90d
e71cfbe8
f504f7f4
16f31806
fb11f7ee
18ffe000
25f1eceb
0fe00a0b
ea1c13fa
fe09ea09
e6e9f70a
f5130dfd
f6eaf1d8
edf50202
20ee0e20
0c19f808
d908ff07
1911f80b
1ad70215
16fcefe3
0ada0c04
e919dd05
0018fdf1
de11effc
0fd7fce3
dfe420e0
1af521de
f3f01408
27e81a0e
0e0effec
f91ed7e7
00e805e8
0a06f1d9
efde1d13
df0bf5f4
faf5efec
e7fb0404
e9e400e4
de191617
0b13f31a
fbf8daf3
0a19170c
fef1ebeb
08e50e05
0c0029fd
1021e9fe
262af91c
ffe2e712
1dfaf70d
f0e1f6fb
e5e31516
f7ded6f0
1309db02
daf010ef
0adef8fb
e60820d9
e3f10bef
eddc1001
1919171e
ee01f616
d7ffd3ef
e10a0611
0de9d70b
2a0c110a
18f9e8f0
e81813eb
15ee19e3
051b1dee
e3eddc09
03eb07eb
1e1cef14
01da1c08
1813e9fc
e0140cf0
f7ef0d08
171a0b00
050de91a
15e72102
05070ff6
24010ff7
1fd6f01c
fe1bd515
231ee7e2
1f0bfad4
1cd6e60d
eee415fc
f3fe1fe6
ecf515dd
e1f5e5ec
06fbe6e8
d62120dc
0dfcde1b
0bfafbf7
d71306e1
1ef2ffef
ee13da17
101af00b
e80dec1f
d9d622f1
04f31e15
d91ee8ef
e61afae6
10f4fde5
fdf70b05
1e1bf9e7
f1f8fdfd
0414e9f2
ecf8dfe1
f002171c
ec1716d9
f3200f02
25e41517
11da1dd8
2117e01a
0a0018ff
070dfc1b
e810e1de
16f5dd17
deddeb04
dc03e007
dd131dfe
0f15e8e8
1212fbf3
f9fffd1d
ec12fb01
13d6ecfb
fa2ad821
1d02de16
f30fe5f3
0218f907
ebdad8e5
f2e30ffc
1e09e418
f519e8de
e913d80f
d5d9fae1
ff180207
0df007e6
05db0e01
fddb04f8
0ad90e21
e5d912f6
ed0408f1
1c0adad8
10f72109
e6fed5f0
081efbee
e9e41415
0421130b
06db00f7
1bdf1b01
feffde1b
25e2031c
dddd0a1f
0c20ebda
d9dd19f9
f327d905
10fde01f
0a09dafe
e41b1beb
07de1815
f325f3ff
f21ef71a
e8cb3cf0
d9010bfa
d61922da
18daf2de
06ec1009
0a110617
d8c907f9
12efd0fc
0b0e0917
0604dce6
0abcd7f5
0bcdd906
0dd606d9
e01ef0dd
f602d9d5
f7270747
15cce9ff
c3d1dff5
0de826f1
fad50bf2
0a06d7d7
10dbc5fe
281df7d2
0bfb0307
f4e605d3
10ed0cd7
eccce3c3
2e11ede4
d92adcf3
d8cdfd0b
f3de11ed
12fedfe1
24d5ccdb
fe04c316
eef5fce0
eb19fcf5
ead52afb
d0d0f70d
0b0b03ca
f1ff1bf2
06e9f7f0
f1041404
f3f508ff
fe0be415
08141e09
e7ed0d07
c923020e
1809121a
0fd5fb0e
db0602e0
edf10e08
fc06f2e0
07ea0418
012ded05
23f31208
0dd5dbf0
fbdd03f6
f7d2dfd7
14dd09d4
eff4f5fa
c6edeffb
09081109
f509f01c
19e1fafe
dd090be0
e1f3da03
deddf2eb
dfd4f4f0
02f0dae9
d8002004
f6fb14eb
0addd7e1
f8d9ef23
ff19db01
fafffa19
14e91713
d60edaf5
f4e2de20
e202ecdf
daebfb27
f5c512ec
cce205f9
cef60ed8
070304dc
d5d30e11
05f1d417
2edaf6bd
d9e9f6fb
1ad01d08
26e8d7e5
05f2eae5
37fdea08
ec1df6d6
cfd602df
110b1d0d
f613f7db
24f803ed
22e6f22b
d6f203ea
07d2fde9
02d6fce9
dae3d2ea
1a03f815
edfed9bc
edd5fbd5
f80b0b0a
e111e5e9
ea22ebe6
0bff12ed
e8fbfc17
0eebd4fd
ed20e9f8
05ec07fc
d9c8ed01
e616fddf
f219e81b
e9d5f3ef
09361fee
d80a0625
11d8ff1d
07e01006
e0d1f515
d6180ed8
fed214dc
d20519c6
f1eaf1da
fa0c19f0
d7f4e3f3
e2cd3d0a
e1f7f81b
eced1e15
0ad5d5cd
e920efe1
d505f9f5
17ff11d0
0f10fabf
1e09ec42
1fd900de
090502e5
da10f4dd
e40be6fc
faeef52b
dddfe000
0ef9cb2d
f3cdf4f2
d41a1fc5
06e44d0b
eb040df7
daeeec11
1612e819
fa0b1ecf
f6e409ed
0cf3ec0f
17e60df1
0402e7d0
23de0325
dc21e6d6
fdea16ea
13ebf0fc
d616fbed
26ebedd9
33d9da31
dfe9e3f9
cfeff8eb
fa091f21
d2cfd8e8
db0104f4
d3eb20db
d412ece0
eef21414
e6ea03ee
120dfadd
14f5fc02
012ed9fd
03d20b1c
07e40fda
1601daf8
dab203e6
fef9d916
d2041cf3
dcd2bfe3
02211f05
e7f8e5fd
07d5f1fb
1d11ff11
1beddf15
ece2f1e5
ec13ffed
fbf108b5
f01ef116
1e19dfdd
ecf6d41a
1cf6ecdc
e5070924
dce71ad6
db1fdf15
0e17dcf4
edff10fa
0c14fcd2
16d8ddff
f501dd0a
d41d03e0
11fdd5dd
0bf9fd20
d506f0e7
c3e4e4f8
d3ddd1f8
0bd81114
cdcaf5ec
1ffaf816
22d703ec
1df2eb1a
e217f016
06ebf0ff
26ced1f6
0815cff2
15ebfb13
e202f8db
140f0b1a
300ff60f
e9e71000
d210dcee
15fefb00
1505d5e1
f2ebd4e9
0410ea23
04dd20db
ee030c11
e401241f
d8fedbd6
0fffdbd8
070bebed
060923fe
0bf000f5
1ff60504
caefd5ea
fd09fdfe
fce9e0f8
16e6e811
d6effb10
18ecdc0e
d8dae5e4
e5fe0e10
09de09d3
1fe51adc
042300de
16250be4
02e51a1f
e5def2ec
d7c012fd
e713f6ef
19e0fd14
d81c1afc
dff4e609
ecebdeee
05dcf112
0cf40ed1
e8d7ed10
e0d4e4e7
ff050ee0
02e6fbdb
cbddf6f4
f616fee1
12e118d2
f5020933
0cf6f71a
f0f91418
dbe4e7fb
ddd90e07
f40209e8
db01eef5
d7f4c835
f3d0f10b
0dded7eb
10f72013
e0061de5
171910e5
0910e0dc
0cd5f9e0
f4e3d21b
ffff0715
25dde003
f6ede1de
f2d5d802
f90fe7ec
d00bdcec
eedb0ceb
0203e0ff
f0e30ff8
04150718
dae4ddd9
efffdcf5
10f0ec1f
0d0c0009
f209d6ef
1614dcf0
ecfb00dd
f30b32fb
d6e7eb00
e5df1e16
19e600f7
fae607d4
10f522fc
f5f304e1
e3fce7d6
e6d4fe0e
e40f09fb
da14fed6
d70d1925
e02025f2
e2e9f905
f7df0be7
19d9e2d5
ebe11ce2
09dffcd7
080ae1fc
dce015e9
171408f6
d7feefdb
fd03f335
f7ceed1a
f4dbfe06
fb1128d9
f8f7fe01
ff06d80e
f2d6edd4
ebf50cf7
fde810e9
fe0cfe1f
12220fdf
e3fe07eb
f9f9ece1
12d7d9f1
12021100
eeeae21b
dcfdeb0d
d8f5ffe3
d9e8f20c
e8e510f4
07fef412
13ec1906
e9d8e2f0
2bea11f5
def5f1fa
e4f1dbea
27f310d4
e216d4cf
3213e7f6
1b0703d8
0cf7000d
e8edd7fb
f71cef0d
fb0fd007
2418d521
d81cd0f1
f90f00df
1b140ede
15d5ddd5
e70af916
17051f03
23d32cf6
d9d709e1
e311dfd9
fbecfc19
d1f2f3fb
fe22e2d7
d7e1e9fe
fe25e3ee
ff1dd20c
f7d017d6
1a00cfee
c7090a18
d81a0915
04222a07
00072123
d818e70f
12fa04f5
e8e0ebdd
0f0114fc
14fbead7
07d9e9fd
fbe50f0c
f907f8f3
f809ea08
fbe3d4d2
0f08def3
0efe01e6
d305ffed
0b02181a
07dede04
24f8ecd0
16dc2722
e3cbe202
fbf712d8
f0ea0f00
0bfb181a
e9f5fbfc
d4e01d07
ed14ead7
dd04e822
f9fc0926
23d105f8
270af60d
ebedff02
d6f6daf4
2a0a0017
f0f405ea
1e1bf203
23fefa18
20eefcdf
fe09f12b
0e22fb07
1a0de12a
0be30a23
d2db19d9
d6db0713
f918fd10
d3d6052d
d2f0fde3
250eeafd
dcf5d102
10150000
01f6f2ee
2508de17
00dd30ff
f4dfecdf
04f3140a
d0e300f8
17171ade
15081613
de0e0fd5
0722fde3
05d0d3e4
fe17f0e5
e7d216f8
1af60f1b
0bd2fedb
ec152cee
15070d19
0fdee4f3
d2d3e213
f1cce1f6
13f00508
d8f7fbde
271be51e
f41cfa25
fcd502e5
fde21621
f0faf00f
0beae3e1
f7f7eedc
f9f2ed17
e0fa0b00
201ffdfd
2a1d0ecd
ebe42e25
f8d1da28
1af005fa
e6f422fb
fbd8e1ef
eaf30512
eafe0506
d50a170c
ff081a25
fbfef018
180b1a1c
07070903
16040cec
f6001ed5
21ed0df4
27e0f422
fad902db
eeecd5fb
dd1a10f3
fb070e08
20f9dcfe
eeda1a19
05e3dbe2
f3e429cd
02f214ff
16e4e6e1
1ed92733
e015e715
16fcd6f3
eafd1108
f7d90df2
ee14eafc
fbd30315
f7d72cfc
e71cf4ec
f001f9e6
0bdbfee8
fdd617fe
1e30eef3
041df50c
ec29060e
e3f200d7
16d60efa
2d08121a
20ef00ec
28011c06
eef900f5
fcf51301
07ece2ea
09eb05ee
010ff015
e0e0ebfe
e61dedda
11f8ec0e
01e8fcff
eb1ae406
ef07f501
0a0afb17
d91ef9f5
e0faf1f6
e302ecf9
de211003
eb03d7e0
0501e8f3
17152c17
e1eb15f6
f4f6e3df
e110ea0f
feeaefff
190bf1e3
df02dd13
ff08effd
df04d70e
04ec06e5
fb1b091e
20f00505
d9101d29
f7160de0
e6d9fa10
fd08e01d
e015ea12
12ebf907
0c1b33f9
1ff91502
33d5170d
2b2706f5
dbfadf02
e1030bf4
dddb0a09
f8d800d8
08ff0c01
0bd7eb1a
2dd9f8e3
0ede1ee8
e6dae008
f918e1e4
19d9dc0e
f4e807db
21f60e08
e9d9d8e4
07e7fbee
cd13e61d
e9fdeb01
09f21e00
dd1efdd8
f1d302ea
f1e216ec
edd81302
dae3f1ee
1503d828
db2ff509
1bd417f6
09fbd7fe
f5d319d9
111eec00
0b0c13e2
18f70ad9
f9e600f2
11d8f6f0
e2fcfa06
1d07ef08
f4e7d70e
040d0a02
0ffdd90b
0ffefdfa
03f7da05
ff141cff
240ef60c
f426fd07
0fd0f0dc
1a0b032c
dbfcf7e5
d50615fb
efe0f5e4
0bd7f0e7
25dc19e2
f73b080f
01080b13
34fae418
2002200f
0ce8240e
e8ee0de8
120523e8
14db1310
0f1ee40a
def7eff6
151c1bea
ddf9250c
f01ad20f
2e1ed607
ffe304f6
eef800e1
ffcc1c11
ed0adffe
08f30cfe
11e30304
2dd40f07
193123f7
25fdf109
cbe2ff04
1802de08
2704e2fa
16ff0811
04121100
01ff1508
29f626ee
f3eff80d
0413f10e
f7071d14
dcda1e12
fdfb19eb
130c0eef
fad9e2dc
07051d10
e014fc10
21fde9d6
24071904
1df5e7f8
1efa0d1e
030ee3f3
0021201b
eb0f200b
1a1508d6
e30c1a06
d31e20ff
13261006
0ee7f0ef
13fa1915
f3ed0702
0605d7f7
1703f0e0
0314d8e6
fa2de729
f619eaf4
dc1ee0ed
f7ebf61d
def2ff24
f2f01503
d8fa0feb
f8e0e2fc
ee150cfc
270b1706
25fee602
ee1b3b23
f6dcefd2
17fb0e12
180ad3fb
1de21df7
1124f10f
0eeeda0c
ecd71129
0fdadf07
0cecf6e2
04eaeede
0617dc0f
0df4e0e7
0af8dee1
f703e700
25e80f02
221917e8
1df5e01a
00090dfb
fbe12ed7
1c01f4f2
1be70ce9
1bf4eae7
0a05db1d
ff12f8da
0eeedddd
060ddcd5
00dfdcea
e91f060f
131df41b
161ae0ea
22ea0bf8
fcebe5e3
f21c141a
f3f10726
f313dafc
36f7faf3
1203ec28
f5d6f5e4
03e2e909
1af2111e
23f8f9e5
f71de812
2a001cdc
f5f5effa
16ec1215
ee12f9f6
03e9efe8
250fd70d
f727fc03
1df51d13
ded5f0fb
22e6e213
e2fb0c27
13e7e3de
d61f000c
f125e8e1
fa08e80e
dff411df
f3ece9f7
e4f60ce2
00fb000b
1c24e3ea
19f8f60e
deec2513
e9fb111d
1cdcfbfa
24f93af3
20d9e325
121321ea
29d80316
33ea0afc
25e70ceb
1b1901fa
e5f811f5
1603f306
dbf6ee00
07d413f7
f7ed081a
0328f105
24e5eee0
d513ee07
da07d0f1
1cf90320
0de9f621
12fd230c
3b0d18f5
dc150c1a
0ae0fc0e
dc1425f9
0e031b01
dbcf2410
1e191ceb
0fe402e6
0d16f1f0
29fc1407
e0efe7dd
21de1510
2f081f19
04ec111f
21f9e900
2816f611
fb0de213
241cfd07
0f1ef5d2
0d19fff7
02e9e3da
41dce5d3
0c0801fc
17023be9
141ff5f2
1b23f3ff
1805fff0
100ce0f3
0de8fa23
021cdff9
01191507
011324eb
02e8eaf6
1419fcff
ec0ed9ec
fe19df15
0a0c16e2
f7e6e6e2
dc0d0d25
0c27091f
fcf7fd2b
0ce8e7db
0216fd13
f5f0dc1b
da17e117
d4f515f6
ce23e60e
d9241915
daf2db06
141816f1
df0a290d
101202fe
1a17ea24
f505ea28
e91519f5
fd15f41a
cdf5f905
05f00e15
f6fe0104
e61b0717
f8ea121d
03daf80b
dffcf008
ebeedfe7
e5f3e201
e2e61313
e702de03
07defbe4
f9090405
da0b09dd
e3fe0c15
f41dfb25
e0d615f5
15191612
02f20913
0f000aec
ea070feb
14311a1a
1f13f827
e202ea21
e3e1e6d9
230c08e9
d6d816f3
0c0e15fb
17210af1
0903e9ed
f2fd1412
14e417dc
07e4e820
d523e2de
f505142b
040cfee5
fcf31cf6
eb0217d6
f110ee0e
06e42d02
ec17fe1a
f1e81e07
e508d313
12f60ee4
08fbdd00
05ef0cfa
f8180218
eadf0f01
f906e9eb
fae304e7
eb2e1b1f
e01dc1f5
16ef1bdf
150ccc06
1f04d609
d6e12712
0b13f419
f028daef
2ae6e315
0f00d71e
f7ea1201
09e0e7e3
0b1a0c11
1cd70907
10e011f0
ea28f8fc
231214d6
0217d8fc
eeffe004
e9d8e8fb
0511ed16
21fce5ea
211cf115
f413e11f
0600d8f1
ee141320
13e1ffe1
1eda14e3
2903ddf8
13ebf401
18e5f4de
1301faee
dee61af3
db00efd5
0bf2e0e3
1402040a
2bdc09f1
fe23ee17
fbe9e2f8
e7f0eeec
e91de1dd
20f70704
15ebda13
fa1017ed
ebfee91d
db0e1706
dafeff10
15e1d7f0
f5eec2de
f9031814
d7fbf8fb
19f4ffdc
140aee0d
f7e00513
21e1e1d6
0ee1d9e7
dc17dddc
10320a26
e7d90811
231ef403
0fd4e5e9
18fde5f5
08131de6
1f18f6dc
0aeffee6
f112ecf9
13d624f7
1fe5dd1b
f90819e4
eb3505da
0c06dde9
2210f2f5
e1e711e0
111410e4
1dfc04e5
d9f9f7ee
e2eb11de
ebce0413
0906e5ee
131505e9
041edaf3
fa120a09
f728f719
d7d609f0
07ded508
ec1c13e7
fce61521
ed0fe6f9
df1c0f31
07dddf1d
0af4dcf6
edd72ffb
e8f4db04
07f31a0f
eee60fe3
04f416f0
18f3eae5
1ee2fb08
13e6f4e7
fc07f7ee
e7f110f4
de1111f4
1afb0718
2e1cf4e9
09dafceb
0d20e7e4
181905d7
2ce2fff5
17efe9f4
e1eadcf0
19eb2120
14f2de03
d9e8090b
e818dfe7
12d506f6
f4feedf2
0b1cd715
fef91d06
0ce703fd
160ffff4
1c22fcfa
c8f113f0
f9eb0913
e4f9d301
05d3ede3
12031405
13e7e31f
f61a1104
05e710d4
21dbddf4
0119fbfa
16e7e9df
f00dde17
08100402
f8fe1e14
00e7dd18
02022412
1d1fdc28
fed81106
f8ec010a
f005120f
ebd2fcd7
232b0df1
1708f505
051be015
e40b02ec
e52de603
f8ee23e0
d6edfe0e
d316e22c
e70ad6eb
e1d8f212
0b0efedf
e6ea0105
291907f0
eb0101fd
0cdceee0
1de6e607
fb04f0e1
1918fdf5
edec21e7
f40cf0e8
c2160d04
22ff1818
05dd1afb
3413e715
2bf41d07
e50a05f6
f1e6eff0
e2ddd0dc
0c0007e5
e5e6e90d
e6161905
e914f6fd
fa12def0
0b0be2f7
ca1617e2
03f90ef0
ea1bf006
1fdc1411
1dffd9fd
ff23db1e
f71605e2
dcebf8f3
e0f3dc15
fcfbfcf3
16da0b03
010cf3f5
0002e51e
1013e80a
ecdeef17
de251a0a
f82414da
00190302
e0f20306
e61ef2ef
14f4da12
d5d5e9f1
e215fdeb
dfe80001
08e521e9
0cd5d70d
1bda17f0
1816ed1d
e9021e09
e2ede01f
10d812de
dfe1f81d
f80fedfb
d4ffdee5
f61c0cea
fa0be018
fe16fb1a
00f91d23
f2171812
d3dee817
02d60cee
f82620f7
2314fa1c
04c105e3
20ddddd8
0cf6090d
d5ef011b
02d21d00
fee71dfd
20f0e9ef
e3fde7f7
1519ea06
f9dffb15
1ff1d1e2
1308d612
f21cefdc
1810f114
e8e7d9f2
f7f50303
eeead91d
1600ebf7
1ee1151f
ea0ce1e6
001ee218
ffd91f14
08fafce9
e701f000
e91915d6
e2e01ddf
eedef8f7
00de1819
0fd8f9f7
0ce9f4da
121503f5
0ad917fd
d9f70fcd
1c12e91d
18fae42c
df22b6ea
f922e8f6
fadde203
f0f3d809
dbe8f7f0
d7d6d409
dcf81e07
e1e1b81b
fe2127db
13ca151b
10e42406
11d9de2b
eedd190f
dde9e30c
0913db11
25feecdd
eb02e716
04121be7
fede0ae7
d8dbf0d6
0ae910e6
10e60602
f6dfe4cc
f5eaec0b
e71d08dc
e2fce9e3
ea0ddd1d
07dbe806
121be9f9
e4d22120
e9100ee0
e7f21d20
e809f722
fce2fbe2
1217200f
f007f820
f7fdeb1b
f009e5d9
e1e0f51c
11f504ea
01190e00
08dffdfc
ff1ae1f9
08040014
f2e30f1e
19ed291a
06041fdf
1bd7e4e9
1ded3112
01bcfeda
230bf70f
01d8ec0d
ee1ef106
05f9ee15
0ee4f602
e3f8edea
e5fcf0c0
11092a14
12c9f422
13d30eec
15e5f9fe
121621f4
edf6ef06
1e17fec3
f5d31702
0f17020c
1cf23420
f30c001a
f4f9ef13
ef1d2d21
c4e8effa
f8f02f15
f02015ca
f809fd02
fb000bdc
05fbe2ee
ef27d4d3
d2d7dfda
f7e72b0c
ddf4e6ef
1ddc09eb
06f1fbe7
d4e3ea06
eb09e319
12f91308
f0cff9fe
47f0e4f3
f1d8f102
e9e5081a
030d12db
d3e1d7fb
d90cdc22
08ff0815
eef70e10
0e2506d2
22f4db1a
06ec0ff1
0210f51b
f5ffdeef
0d0113fe
fc01d9f2
04e5e2d3
fd350c09
eb0b090a
d305f40d
db1304f1
1ff2f10b
f9eaf110
3edf0306
2108eac6
fa1422f2
ea2f150b
ef2008f0
12dff810
37072815
0ce7da50
d008e5f6
d62008fa
1128eb25
dd1bd204
172b0ac7
e918330e
01d81529
3fd61909
f40712f4
3ffdea34
e009fbe7
f70dedcd
f8f4050a
d5e3fbd7
12002b20
1920f00f
1ae6e4fd
01ee21ed
c6f00304
19db42e7
ee09ed22
f11e120e
05f5f3fc
eef4f402
c6011ecf
20e510cd
11da4eec
003dff09
22fe0628
24dfc8fb
10d9c4dc
140605ee
dbf8f3e7
d001d0f9
2d171119
bb10d8e8
fade3316
1e17e4d2
df25f40b
16dee7e0
ecf013f9
d946ea19
0a120705
24fe0cf4
0b110f19
fff90c14
f50ccff8
f6feef0b
ff15d9d7
ddd70ff2
d50c130c
ef10fb16
ffebe607
ed06fde8
3aebf7e7
dbff2cda
120710e3
f90efdd3
f324dff6
033627ea
ed103422
fefff3f0
f106ede4
20e2e34b
ec3424f1
e144f019
1c2b08f0
0c07c80b
fbeee1f9
ed28203c
14e3d423
1b17da09
d9f42bf7
32f0f459
d6fcee02
2317d6de
1af30323
d40510fd
373ae8f9
f1f02708
d606e1ee
ebe6eff0
befafbec
0412331d
19dbef22
e50ef0dd
1c2e0205
d3f310e0
ec20f006
dcd91a12
e3e229e8
ec112214
071d0b09
e0e2c8ce
05fcbdf8
eb18d7f6
ecf31b19
061e0716
3c1ae4e2
f7d7d1ef
11fd1f0d
fc29e00a
d10adc3a
1cef06ed
25dc010f
de480212
170bf5fe
e50110e1
0324de0b
0b0ffee1
e6ee04ef
f3e819ee
2ee0ffe1
08e9e3f9
d400d6e1
310b04ff
1ef9f1ee
200c04d2
2adae5f2
ecf035fc
16ec26cd
1819f9f9
e41e0018
e55003d5
14e71126
f2d4e6df
fcdc1a1c
260b1004
f90de000
e21303e6
18e9ee1d
fcf0d2f2
11feeef6
0703f8e8
ecd82406
fa2301fb
0808dc17
e5e3e32f
fdf8fae7
e0fbe008
1a0f10d3
f31e18fe
d2091707
f0effd29
20e7010e
ed044b11
e72013e6
e5e607d4
0eea17f9
dafbf90c
0ad0ebf5
0e1f00b9
05e3ff12
00f8e4e4
f4f119d5
f4e91509
180e09d5
d0d9d6f8
d900d8fa
fbe6dd17
e315edf8
0912ddf3
14f62af2
c303fdd5
ee210ce3
18cc0607
261efe09
d2efe1dc
050f1bfc
fd11ddfc
07260d0e
fd0207e1
1e07041a
03f90aef
d316fd0f
f3071e17
1014ecf0
00cee5f4
2348f7ff
19f52af3
e9d9da22
18f604f5
29f016fe
0214dfd6
35d7e21a
fef4d4f8
f00604e6
d7f6d92c
e21efb0a
eadbd826
1216defa
fcbefe2d
00f6edeb
d81df9f3
f4eb1409
e314c6d2
f4f5f4fb
051602e7
f5c2180e
e5e614f2
08140ef6
35062113
18010fef
0a14fb0a
01e7060d
b40115f6
10df02ef
f1e4eff0
0bd71b03
0b1113d6
f72fd6ce
e2c2f0d5
db0c1503
f602e4f4
15cedeb3
e8fbebd8
d60612dd
151df203
180725de
f0420cf9
141f1402
19ee0319
ebdedbe9
dbd6f10f
db0a1313
bf010817
08e30d12
de170b05
ce00fee9
18f1f61a
f700d40c
ed1f10fc
201400f2
00df0f03
e2160011
f3d6e2fc
20eae307
010f1019
13e102f6
1df3e215
11ef1818
dacdfbfb
db3b1907
080011f4
131ffcd9
e8f4030e
27e1ee08
f8072314
f60a141f
030ddfce
081fdfe2
130ed807
252f15ce
1fcfcdfb
ff132df9
2efdda30
2e02090f
d513ece8
0f081d25
09eebbb9
f7011fef
05e32d12
0102f10f
ffd0eafd
fe050807
06162315
e6eadde7
edd9f7e6
0fce08ea
ea16e4de
00100004
ead2deea
f6fdfbe8
d5f41003
ed300001
11c71110
1900f6e9
e52dd41c
e424e5e4
e01af206
cafcf610
122102d9
def00413
1741eced
02f7fb1a
0feee11e
120dede6
05010703
16fc1715
d7de041c
3fe4ffe0
04d1f301
13dc2327
090ae7fe
ce0af919
13062605
f3ebed0f
e9dcee18
f919efe6
d00e0af4
0d0f02ea
eaf9e6d5
25f708d3
0e1e02d9
fdef341f
f2ffe7f2
05ec192e
2d3840ed
20e40807
e6fedcdb
1d11ebda
e61fef11
fd0ae50b
080ffd1b
def5df14
e52ce00f
1003080d
f5f2d5fc
1ce30726
0e252de5
01f5f4e5
f1e7f3eb
002902f5
edd7e7f1
17fc09d9
1bd905dc
eef74326
0c1feef2
20dd0109
0eebe90c
dbd5e416
d6dbcceb
eff809e0
f7effcf9
f1d5d8ed
0ed6d30e
03160bea
f6075618
d9e71002
db00ec10
1cf9db12
2401d6ee
e412f9fc
060006d6
d40fea26
0836f021
f40ed1f8
0212f20c
f4fdf116
f4faf2d3
f7f5f8e7
f91d0718
e1f10edc
df04f417
000ee8f6
d105eae9
0818ff17
14df2013
eafdffcb
d60ae9d4
19f4e125
f00ec6ed
eb0d17e9
06cc1f19
ecdbe818
db12e70e
17fa2ad9
21fdee25
e11a0cd2
0609f422
181dfe1f
0fea0ee1
d8e7fb15
1814e1ec
c2081d1b
1a1404f2
0ad5231f
10fcf4e1
f918f4fa
0003fce6
ff380e25
eacfd807
1213d5f9
21152806
fed4eddb
f802e4e6
f31118ff
ff021aef
020812c7
06e9fdf1
1ee11919
fcdd0fed
e5d8030e
f81fd2d8
dd15eee6
0e13eafe
fffbe7ff
e608edcb
24f41f1f
2911191a
e809fd0e
eb1054e6
ccd711f4
f2e8f919
eef21b09
e3f2dada
dd1320ed
17ed03db
f6160ff2
fc26d9e2
0e1dc502
f7f00b04
f7f3da10
1af5db07
11e6ead2
d6f91101
e2092f09
06d3ef04
0ce1e82e
01121e10
d001f1d9
f1eb4003
fd13f905
f20005d6
f309d3fd
ffbde7e5
20ea1429
11e2e00a
d7d30ef7
1bf9e905
e7f12cd6
1bfa06f3
d8e0ecee
de15eaed
1c0beee7
ce1d2ae5
11d922ff
e916dce1
14ff08fe
fee3ccda
100112e1
d50007e0
0a301fe2
23cee324
d7fef614
ffe8cf2b
fa131322
16e9f206
0bf0e406
1efcd8e6
1a22eff4
ce1e1ceb
1200f1d2
10defe06
fce642f3
e609fffb
f0091e06
020a061d
09e50719
03f0e9d4
f1fb16d6
f8f3d3f9
ef0f0f1d
e7e50ffc
10f21a0a
191518e7
d9e70301
f8ef05ed
e3e7f9ea
cc23fbf9
f901df09
04d3fefb
ede2e415
eaec1eed
c91ce62b
26ec17e5
14061ef4
e2fff7e4
1f11ff23
0b1cfdfd
06e334e4
f40f0cee
ff15e63f
16f813d2
0433fe0c
efd509e5
f80f10ed
16d80110
db0b09f2
f1cf1503
ded9d509
08f60b04
d71bfa00
13e5e5d8
06fb1d15
1bf0e1f4
0af81915
12e5defd
0ce3ff30
0f0129d5
f3e2dde4
de14e70a
07091a1d
fbcef0f9
2019f8f2
d806e507
f2131f12
fdf3e8fd
03fcf3e3
dadeca19
370c1ad9
05d9033f
f5fa02f0
d009cdde
060ad6e4
c3dbf3da
f130e8e7
e2ebfe2e
fbd9d202
1ff30e02
fefc101d
e3e3190f
08e0f1d9
000dfeac
02dd10f3
fdfc0a10
221d13fd
e6ff2216
1ceb1913
f1fccbe3
d5f5f804
0c021611
2920e9f4
fa1afc17
d8d1d6d8
dcffe8f5
d9ef0808
e8ebfe12
fbf228e9
dd0d1cea
2fee22e8
de03ddec
f90ae505
2e090635
e7faff0c
c5fccbe1
0505d303
03ffeaf8
fbdc0d0c
fcf0d6dd
f3ff1df3
01e307ec
17fafcf0
fa0ff0da
1313f513
e7001ee6
16dce21b
e028e4f2
cd14e70c
e9e4f9f2
48041302
1cc50af4
0fec190c
29d808e7
0317e711
f4fa16f4
35d3e7d7
d9172beb
13f1ec08
eef30bce
1b18fbd9
de303714
e3d8e01a
1504eae0
1af21dc8
02d3e640
fe17df16
0902f4f6
4e0b1c14
d6d7e2d1
faf60aca
0bedfa2d
faedf808
2adfdcd5
22f72bfe
fc00001f
04cc11de
eb0900ad
0e120c06
060ddcff
2614e60f
f8ee1af0
13d50f1b
d2e3b60e
f4ed10ef
06dd1cf0
2614df33
fc27dd11
ddf1230f
b01ef0ef
1405e912
011203db
06114ad8
f02feaed
e0e4011f
f8f714d7
00030ed6
02ded820
e808e5e2
d218d808
29e2f9e8
0edee504
350c03e7
23200f14
02e80e15
ead9f6fc
31000c34
ec28f3e1
e20cea17
fa09f8e6
fb1ae5e5
07f8e304
c8eef110
d1000b23
17000102
06bcd7fe
fbd42e06
eb0a19fa
1804d916
1dcb0c06
ff07e00d
f3eb42d9
0110e2cd
1ed806ce
ef271df9
e5352519
d4f203ea
e006fff7
eaebff0d
18f1f3fd
091306e7
f22ae6f5
1432e4c8
0902bddb
13cad6ea
12fde91c
ff09c0fe
fa30e6f7
0de329df
e61eeb07
00d6dd27
040a0bc4
151e09fa
d907f4e7
090af3fe
fceaf204
0bd9e018
14f8b6e4
eeeefdf4
21f304fe
0edb02e3
1447fbf5
dd02ef0d
dc15edf8
dee50fea
db0a1dd9
f8fcf7ec
14e5f919
d308fb09
d0d9ddd2
0c07f8d7
fdd9d5fc
19d7220e
fbde0704
d6d2fcf1
ff080a01
08ead508
c125fee3
cff40139
f2081209
f8edd4e3
07290edb
0d100411
f2e810e4
fa0ddef6
dbf21ee3
05ebe113
dbf8f518
47feddcf
e1d0d20a
f10be40b
d8180de4
ea04e106
fd0cfb0f
f51a0106
fbec00d9
f91207e5
0df51136
1828de13
070c0404
02150f22
f306f0eb
e90e1315
e7e9d328
23ffe9cb
dd39001e
3200181c
c8e4cfe9
f5df10ae
f0dd3c27
f8e63011
0d2319e2
dbe118e1
e61e2947
1417fb0a
dbd617e7
0c100c1c
e5150a09
e60212ff
dbde0c0d
0be8f5d5
bafef2f0
d13814da
190735d3
dbd7d83a
e037d310
21eb0b00
c3ead2c9
c2e61e12
d1e10de1
03de2c1e
f841fcd9
1c213207
cfded1dc
070f01e5
ff091410
2220d1dc
fbdffffa
e0da12d8
effa09d0
1e2d02f3
0d1401f4
02e0edd4
e31b0505
2d190016
121dfb16
1f1907e6
f5c2e223
2502ecfb
fe23e70b
04d7f0e1
01ee1bef
2c02e011
17b6f406
f51901fb
17fd1cd7
dddbf710
f9bcfe0f
0dd8f6de
e50125fd
401cf221
e815ef0d
1f14f7ff
fe401b25
152cd81d
e0eed90b
efe21ac7
d8e6c926
0110f1d6
004adbf7
02fff22e
01f8efe8
011614b6
e8f1f608
e2dcf631
0df917fa
f9dfdbfb
2e0ef244
0f0ed5e6
0cd4e1e2
eaeb23fc
d0e11820
03fddc18
d8f60dde
fbe1f9dc
b41bd914
b122ea0d
fec603d9
edf7d7ff
d53fe300
24ea20c6
b8fffde3
16ece01a
cdf7f5db
d0ef26fa
f24520fd
16f02102
d317fcd6
131ff5e5
1dfc121b
04f900d9
f011f8ea
efc8dd04
faf605f4
dddf2309
f1e1180e
10e20c1e
e305020b
fa0b0005
191334df
f110da0a
fac00b08
1705faff
07c9d3dc
fde4da15
e907f4e6
14f3ebfa
10d1cbec
10120dd2
fc0528d4
1215eee7
04f306eb
021f03e9
fb0efe08
17fb1138
d5ded81a
191fe5ec
f7fe09dc
041d07ed
dc10082e
180a14cf
2dfac90d
1fe8ffd6
fb2500ea
1b07e72c
d5feba13
0cf0dfce
e9d9eb04
0fc3cf01
efefddf8
0be0f112
09fbed0a
ead7e80c
d5ebeeed
02da1cfa
e4ef15e9
0af3250e
fc0cf9f2
19f813fe
bd0ddb04
d12c2706
18f3ce13
171319da
10ee0119
e9f8dace
0316f1d4
071c0c15
0d0a0815
f2001521
102c050a
241f1df2
d320f1c3
1f01fd0d
fa1c0815
02dc2be0
e504d9df
28bfe6d6
fdeefcd3
1c0ef82c
0211db0f
001806fb
24fae0ea
eb08d9ff
19362308
19fc17e7
1fe6eaf2
d31d08dd
0ad3e720
1011d200
e5e0fdfd
091e22d6
d603c2ef
fa0ad80c
21152707
f015ede0
fad61c19
140df0fa
ed17f900
dcffefeb
02141c1d
0e06050a
f8231613
1d130604
e1ecd024
04f9f6fe
12fc092a
32d7fc08
152ffbf8
11e1e4f9
d6f2c9fd
df0af0b5
01e01233
0add1510
dd21df12
f30e1dd5
e0e0cf2b
13040705
13e7e7c6
1b0dfbde
e9e3daf3
03f2e505
18e115fd
081b1602
f71f3fe5
d71f1cf2
d5e818e4
1c16d935
effdf1fb
e8100a06
c01ff718
de0b1309
1d180b39
fbeff23f
daf6f3e1
05fc1811
fde4d3c8
f0dbdf1f
20fbe201
f2ef06fe
f80bd4ef
d709f200
dee020f2
f20de3e6
e9d51ee9
d9eef9d4
ceedf103
311c1afc
f5d1df0b
e5210be2
d6e2e51a
e7fbf116
1e23fee6
cff727ec
18df07eb
c80f1e01
15af1dfb
d3f3e4dc
f9eee5d0
10dd1015
e0dcea1d
e4ddfad8
f0f1e51a
fa10fd09
cce2ef2d
1608f51d
1a22191a
120be7fb
d602e810
1110ed25
fd1a0428
14ffdfd4
dbf8fc10
fcf1db39
fd19cb0e
e1e7fcd5
db14f70a
fef02a07
e9eaf4dd
160308de
eeecf609
fce1d6f0
07e6e8bf
f6de0ee8
e4e6fef1
280ad7ff
f3dbdefa
fd11d7fe
f4f642d4
f90df7eb
07fbdbfc
0413f3fa
ef0d03f8
e8f9f8e5
d4cfdc05
e2e71918
f32e05ef
05e3ea21
e02ef70b
1df234fc
09eae5f2
29181bf5
d9dbd70c
d8110606
db08e2e4
d7fbd914
c80114f0
f131e1fa
ddd301e1
02de1b02
e01af1d8
0dd602f9
1bc7eafd
f92ae2ea
1722dbe3
1ee2d2f8
1de2ff1e
eb053215
0c00d7ee
e2d73dea
0e0cdf02
e5f7040f
202221fe
fcf1d7d6
ec122005
df0903f4
0bded2dc
e8f30116
0a08e809
dbf0fe21
f9f41304
e5e2fdfe
1a0004fd
181028fa
45f1c013
fbf815fe
dfd5d410
0f1bef1e
1222d2dd
0513fdf1
d5f6e8cd
fbf4150c
c60308ee
15df060c
12150ae7
16dc1d20
fd1121bb
dd1b0a0f
fff7cbe5
e7d2fcef
dbdcf2cf
0e080a07
09fcf6f3
0613f1e4
e9e4d8db
e3edddcc
e721fe1b
f01c20dc
c4e0e0ef
f71b15ef
f926d7e3
ceeb1310
0f13e1fc
27060ad6
eaf51bed
24fa221c
e0f81ce3
0a0803f0
2219ecfa
efd9f90f
dfd1e60b
1524f21a
d70538e5
ffe10ed8
f5f0d70b
fbfbff1e
0e120ddf
d8dc0f10
ff2cf803
1f13fd19
ddfbe11d
fe1c1808
0befd6ff
f4dcfbec
d9070017
08f11a2e
d92b08f6
06ec0ae0
030ffff7
f8fd13f6
0701e60a
f017f61e
1307dff9
191ddaf2
0407241e
f3fcf2f0
00f3dc1d
ebf60d20
ef1005fd
ebd6d81a
e600f619
19e71f25
d6f517ef
09f7e6f9
06fcdb1d
fc0cdee2
25ff0f2b
f403fe1f
05d9ffea
07e0ecfe
f6fdf9db
131e17ff
01011b17
e4dfe3f4
dcd90def
ff0628f7
f9ff0efe
eaec0eea
dfe203dd
df2017ed
e917dc12
dd2027f3
23120f26
0a0f0a14
ed1fff01
e30d1904
27fcf4f1
e80b01e2
f222db12
fd2f0807
0eeaef1a
f10c1cf7
160a0813
dce1fedb
f6f61bf0
f511dc07
fef31a25
2c0b07f4
e61417de
1d12f110
e7eae21e
fcfc1b1b
eae2e4f1
de18ebf7
010218e7
fa09e610
e3e8f2f8
f815f2f8
e8e5fef9
0bfbf9fc
ee04df28
e417dfe7
0ae218f5
1d1cef07
0bee01e0
f6231303
e1061816
dff91eff
f701efef
11e61716
1d060014
1d22e4d6
1315e213
e8091df2
1511fce7
f91df80d
13eef1ec
18faf8f7
ecfff514
f0dedbf0
e9fbea29
e1d7f50c
e2fbe1e8
08dc2804
04fe19e0
26e5dcfe
15f21bff
f1e300e0
111918d8
161be4d6
16dfeadd
dffaf4ec
1fecf514
1bd501fd
1eebfce3
eaed231b
12edd8e2
fbf1e9f3
e627eafd
effbf1e8
2225e8f4
e4deff0f
1912251f
131f18e2
d6fb1d04
e8effb0a
01eedc0b
f207f21c
15ed27fe
030f1aef
000cf629
21dafce5
ea1815d8
eed2f1e5
19e8d80a
ee23e0ec
fde0f42a
020de919
f5fc11ee
fbf3f8ec
eef7fe08
160b07e0
efed181f
f2080bfd
d4092af2
07e8e007
1ee6e711
08fed8f4
0b19e814
feefe8d6
10f21d0c
0212e91d
1519e8fb
fff10f03
00e309f5
02da1919
10fc1a1f
000beceb
03e4e1d7
f0f4dbe7
e108e7dd
dcf314e5
0fd60308
25e30a00
0cebfaf6
22dad812
150e110e
e8f710f7
08e402fc
0bead621
2804dffa
eceefbe2
ef041ad8
df071ad6
f11ad4e2
1ff301e2
e4df10f4
d8fbdee5
dd13ebf8
feee24f8
0b1aebe4
e118f4fe
f5e322f1
f5fc1514
180520fd
22fe07dd
01e6fa12
df0209e3
0cf71ae3
1423ed08
f20ffb1e
f21100e3
da180e19
1f06d7df
20eade09
e6efdf18
e4fbe60b
15041de2
1212ddeb
dc11ff29
0e1e1bfe
1ed6ffe1
f2d506ff
f7e61e0a
06d81206
e605ded5
1fd5e311
f7eaeb00
daf2e704
d8e4df14
ecfce9f8
f0151a1c
2109ff01
0609f0ed
e9f6f504
10e220db
0f27daff
1ce80112
d5fcf507
1904eaeb
f0f41707
f509da24
1e07e6f4
f3f8efda
09f2fa04
f8f50ce7
08172111
1f1b1a0e
2bfbf911
fd03f0fa
dffee5ea
fee3e4f6
08fb160a
1303ddfd
d41a060f
fd08f9d8
ea06fbdd
231226fa
1bfff400
e9e8ec0e
fffa02fd
d9e315f9
f206d522
0c20dbe1
1ce7fa1a
1322e2db
ebea1efc
f3f1fddc
defad914
2d290cdb
01220411
fd0cf30d
07221c1b
f6df06f2
e60f07e9
1bdfd90e
f422fa25
eefc0411
f6dc1a1b
28ebf6e0
e5f3e81b
e51ce310
d91d0124
d7dee9fb
0a01fe17
ecfae41f
0e1c0e1c
0204e3fe
02dd1811
fceaf7df
dce4ee05
f8f11608
04fcdc11
1816e214
f8121407
1c1ce5df
f2e1fad4
dc1be8f5
0cf216d8
0b14fcf3
000cf5df
e6e504de
110f17e9
101825ec
16f9f001
d709dbf8
1eded8f9
f211e705
180bec1e
12fdf40d
e00fe121
f2dde0da
151a1ae7
1208fce9
ffeae61f
0c0407fa
16ebf816
eff4eb11
241ff5e5
08fce103
fb1e2115
09fc14ea
dc0c08d5
1f0bfa1c
16f9fc09
d9f1f9e3
1ee301fb
dbdb02e8
01d8fc20
07e3fef8
ebf320fc
ec18240a
0329e90d
fd051001
1620ffe0
18fe1df1
eb08f8f3
e1e00917
eeede2e1
ddfc140e
0814f305
2824f7e5
06ee0127
e612eff3
fbe4df0b
f215e20b
0719041c
0a160ce3
26e120f9
f3e30a0b
e50ad7de
e628e3ff
fbf3ec1b
eaf8f7dc
df0801ea
ee212213
13d80fe0
dffe17d8
fe27fd19
06f50b14
ef0709e8
11e7e8d9
e5f706da
db16050f
15ec0a0d
e317f1dd
ee291b01
1cdbf71e
2620e81b
07ff06f9
ee1bfd0e
17e4170a
d8e9dc03
d9e7f619
de05e2f9
0c25d70a
e0e1e4f6
0e1af7fa
fb10d6ea
ff0bfe16
09f006f8
1edc1b1b
eefe1114
d7e6ddf6
e5ef10fb
15f60608
2020e915
dc1af625
e0e2f2f7
eef3e11b
11010d0f
fe062217
21f4dee1
2aebf0ee
f7ebeadc
2407e7df
eae208fc
f3d7e5e8
1016e4f2
f11f16e3
da10f0f0
fd03e6e3
e0e4100e
dceefd0a
20fc1ae4
f906d50f
fdf3ea02
09f508fe
e6f20b0f
f2d61a22
150213fc
d6ef05f3
27dbe7ec
060af615
e400dcdd
1210e3f8
d7081aeb
04e5f0e4
fcdc0626
fbee0ff6
0b042ddf
e1f91520
e0f0f3f3
de0ed915
f8101f05
fef209f1
111fe1e5
e82b1a0f
0ee8f8f7
020d1dd9
0c0b1de6
1308291f
e118dd01
eddcf2ef
0b1305e5
e4eefedb
0710190d
e406f2f3
1d21e4ec
11101f0d
13261e03
09eb141a
ec20d501
dfdcf1de
00fa1020
fde607e6
ef060516
dc05ffe9
f6f3f5e0
f4e6e017
e407fe15
f4041e00
06f4010c
ee1e06da
f321030b
d6f8fefc
1ddce4f8
0203f3f1
06f50012
e21ce6df
e00f0009
24220be7
e70bf1e0
14231b0b
e4fdddf5
f219f2e1
0101f917
e8f21ae2
20efddfa
f9ffdee8
ec09ef0f
e4ed1103
0c1ae1d9
e4f31b11
fb110cf9
d7ee11e2
eef518e4
f6efd912
ffe3ecf1
ed000500
ed0b1419
fc05fd09
280109e6
141becfe
f3e723ee
e4f10eed
17e11f11
f61b20f8
0cdcdb1c
0af3d8dc
00dc2513
df121d0b
1c1bf5ea
28f31f05
e4f9dee3
f21deaf9
e418ec03
13ef1a19
221b00dd
12ea1c13
1af3191f
1910121d
ea03f20e
09f80ce6
1024e802
e5ddf1e4
f2ecff17
ebfd100c
d6f8020a
de2418d7
efe50301
e009d6ed
f8f6feea
daef0ce0
e81bf519
18dc12ee
011eff00
150d2aec
e518fde3
04fa27f6
ff081708
fbf60a12
160d2716
1dfc0c0f
ee2212d5
191c0fe8
f9040414
f3f20bfa
0af5fe1d
e2e0e0eb
1ce1ee0d
f120e412
1b150e27
f4ff0a0d
21dffdeb
0007fef1
e8ddea16
1ed8eed8
1018e9ee
d5f2e51b
e0e7f3f6
ee0fdd01
1d13e110
001f0e17
f0e11519
f108ebfb
091dd8eb
24f11bf4
d70af827
060e1ef6
19051508
e50f0e13
d81bec05
091ff10d
1ff31bf3
1a23fc0c
1e1f16e5
e70019d6
1b26dddc
2714f4ed
fd0111da
f9ebd703
1701f2e2
0f1ad4d5
04e5f516
131f0615
19f5d820
1af515f0
d8e8e80e
da140af7
0517f1fe
0d160a14
dce9dde9
f3f2ea05
01e2e10e
f7f1071c
19fa1ee2
0eeef9f6
edf3ffea
ef141f25
03e00afd
d704ed18
ecfef406
d5ea17f5
e8091c20
f4d61f09
050812e2
f0102df8
f312daf0
f3d5091e
f3f2e2e6
da2115f5
dfff0f01
fc17ede2
08d5f3fb
0a06f500
f70d21ff
f70306d8
14d8e428
13071700
e8f0e708
e0dd0d19
18d9230e
fb12e4e7
14e2d9f5
1c19dcea
21ec0809
2e07f30b
f20a02db
03040afd
ec06e3e6
1410de08
0adee6e7
f4f9e6e4
121b0622
dc2020ee
0d1f09eb
1f0a05fd
0609e3ef
1121d6fc
e4231100
ec1ae4ef
e7e51f09
ebef1f15
0e04f5f3
f4190f26
faeff0f7
18031307
fa0c0211
ed070fe9
dce9e208
e00be4f6
0706f722
ef0be4f5
e920fa0b
1904ee05
e20c19fc
17d60211
0021da1c
061d0dde
f91de011
19e3201b
f502f0f9
1bfeeadb
e5e4dfdd
e7dcf6e7
f71b0ee9
1efcdfd8
1c1b1fff
01d900e2
1012ebed
010a1ddb
f6ef1fe2
2401f80a
05101bfe
ed15e4d6
eee519d9
0ee3fce9
e10ff00d
e1e21819
0ddd14f5
ea221a21
d61d07de
26150def
eefaf809
df191505
0decfc06
f820e5da
ded913f6
0edfefe2
e0f3f30f
241e2617
ffebfff0
e3f8f5f3
fde9181a
efda0320
1bf604f9
13e11001
d925f101
ff040e19
0dde01ed
ebdce4ea
ec1122d2
0305041d
e2f4e5e8
f3261714
e72610fa
ff04f204
0eefecfb
06f5f71b
f7e4ecea
0afdeefd
05fa00e2
15f71efb
08052617
19e9f2d9
13f8e911
220bece8
f822ecea
e30f1bed
0404f4da
eef4fc07
d50e1b15
f0e9fd15
fa03e4ea
f4e2e91b
e8e220f1
16f4f7f7
1beef918
0b1a1bf1
03f5e908
f002d8f1
1d13d7fe
05e8d607
00eff9d9
191aee0c
f9e92414
d6effe09
f4fa001c
e91517d8
1ae212ec
fbf20405
ffec17e1
1ddffe04
0ef5defc
fbe1e610
0a1408ed
fb0914ed
f1de08ef
fb1afee3
ecfcede2
08f31f19
dde8fb16
e0e0f5ee
0cedf9fc
e421f31e
17140a02
f41ae3dc
eee40ed4
08de0e0c
141525e4
fc1307d9
df0312ef
df17e00e
f61bfef1
16e61ae7
e2fcff0a
0c15eef2
0f0d001f
0cfe0614
1a0cfef8
080aee1d
ff0e1905
f30ae329
eaddde04
120ede12
e021ed0d
15e3e4f4
eaefec16
f612dfed
1c06f5fc
f31f1a10
f81ff81c
dad60014
09f915e2
f2e61015
21e8efe4
10ea0f16
e5201404
04f90bf6
fc13d612
fddd080a
1ee6e7d9
190cec1e
db2a00fe
d6ede60c
d908e020
eeefe21d
1610dbf6
f4061415
e5ea0c14
e2f9ff07
dbfaebeb
e0d8e2f4
fff9d3ef
fe090ae8
fa1a22dc
dc061d13
d6f6dcd9
11f713ec
ecf4fafa
e2db1701
0606f7ea
0308e8ec
02e51e13
150c0717
200218fd
0001090b
fde01a0d
f111d51b
f6e7db04
12001af0
fb1fede3
ebedff18
e0fe10ea
19f30804
1ef2eeef
dcf8df09
fa11e6d9
f2dcfc11
14e5f4ee
0fece321
050eecfc
1b12d7e7
1700daed
f809eafa
f019f6f9
f80c01ed
16f4e218
1721110e
11e6221f
d5e5eeeb
06e907fa
050914fe
ec1ce9e8
f6fc1a0d
d6dc29f5
21180909
dde420e2
10f91bec
df20d9f0
fdf00cd7
19d928d7
0af5eff6
e0eae30c
1cd616f9
ea0d07da
fd1a1512
f804ecf1
f4f6f409
fdf3ff13
e702e9fa
05dce807
fd18f2d5
20e3e61a
11eefa04
fee2e5e8
03fb160d
1f03df22
21f715fa
131deadd
1aef0513
fd1b0b01
f1e903ee
19e501f7
24de1c21
1ed3fe1b
d91f1103
ed08e3f0
eaeb1de8
ecfbdc09
0817d6da
ded5dde7
fdf0dc1a
f9f1d5da
201adb1a
1418fe0a
1418041e
1ef221fe
1ad90907
f901f3ff
fcea18ff
ec061cd4
eee2f91a
2218faea
19f81808
07d9fe08
fa080910
e9ebf81b
1603fffe
fb0809e9
14eee105
f1201512
dcdef716
d7e8ff0f
dd0a05f4
10fe1510
d2eadd02
e217d90f
eb2017d8
f612e903
f2e7f1e5
1519f8dc
13ffd80c
f0ffd9e8
dc20ef0d
d6e0d81b
e1e616f1
e0000f0e
fff8fdf7
0f150309
ebd8fc21
fe23f7ee
d81522ef
ef0301ee
1009fae3
e3fdf509
1a080313
011ee7e7
000fece5
e408e2e7
12131ae0
d9fae110
02e503fa
f2e3f5e8
e01c13f1
ded9eced
f302fde0
01fd1ef7
220b190d
00fd0ffa
0c052421
e5fe151f
0edbe4fa
e20ee8f7
1bede011
1eeed9e0
031619d7
1f1c0600
df09d9de
f01104de
0afbebfb
e3f71521
f908120d
eef3f517
050bf40d
1b1814fc
f61bff20
1b051df1
06ea02e3
08ddfeda
de0ed3ee
04eb081f
29f50ceb
fd151a02
061817f4
eb15d8f1
d4f001db
d51501dd
e609f7dc
1dfe08fb
e90ee906
e621efe1
e0ebfafe
dfeaedd7
fd1c0319
f3e518f9
031a03fa
f4ddd6f9
dcddf0db
e1eefdd8
f7e300fd
f0f6e6e8
0afddb02
1a12e71a
d6fd1c13
1e06fde4
1b041de1
dc0b1404
08f2e1f4
151b150d
d5dc06f1
1ae71cf3
1828fd14
e3f3dcfb
fad91de1
f51cecf2
d9f11510
27ffe515
18d8d8e7
f0db1cd9
f6e7fbd7
1aed11fd
06e411fb
1ef21a20
f607d9ee
0b142619
1e151dea
f1e4e921
19fef60f
f1f0d3f2
2e0bf40d
e5190308
dcdcecdc
0d1508fe
24da1a14
1deae0fa
051a20f8
e9f6dcda
dbf1edf8
2712f81e
e512fc10
27de1e07
f717e813
deeceffb
e6ed15da
0221eb06
10f9f01c
05fbd9e9
1915010f
d90df2de
dee0eb0c
d905deee
1e180816
fed5f81a
f1e2ed11
06dfea1c
fb130d12
e4f50409
19d41503
ed03db0b
f3f3f804
0d17e4f6
1df7dbfa
eb0a2707
08f8ede1
130d0b23
ede90003
e3180dd7
141f02fa
0ce4070e
14e8e0f3
062114fd
200d08fb
1123f3fa
0af5220d
fc16eee2
e2ecf7ec
e510eb00
ec0ef71a
e6efd514
03f00cf0
f2f0fdda
0cfc0e01
ef0be8e0
ec09f8dc
1315dfee
f9f10ed8
0bf9df04
00f7e1dd
0914ff06
0eeb1703
fad6ff01
0bfe0af5
00eb1518
0be50e16
081fe0f4
f32108e0
15f2ef03
f805e3db
f206f306
f9f8d8ea
e113dee8
20dcf4f5
07d7e3f1
00e910e1
180721d8
f120ddec
de0e1ce9
efe2e411
0e24e2f1
e20df3ea
1303ebe0
001bfe1a
e11f20e3
d9dbf1f9
e618e2e6
000cfb16
051a24ea
e3f5eae7
eb21db05
07dae219
da0ce0e0
18ead6e8
16081c1b
1bfd1700
edea1b12
1601f108
f9dd2ed7
11071f13
1b2011e3
f7e5041d
d81a11e9
f008e6fb
0114e322
f518fc0b
06e5fb18
1212060c
07dff6ee
dad90c15
e01c1ded
10f201de
0d1ee8f2
fefdf5e1
0cd80204
d30a00f8
f60cfce6
eee8e0da
e4eb0ee2
ef13ea13
fed9f5ff
1700f606
11f210e8
1d05e020
141dffe2
16e315e4
08ee1deb
0a070517
01d6e3ef
09200be4
0fedd7e8
1ae9eede
211cf51a
fcf715d4
0324f91a
0b150903
11dcd414
16d810d9
0e0fdee6
0311ee03
25e10c17
14e90611
18e416dd
1b1fe4e5
e416e129
e2d5f812
e4f71922
e3f11e1d
17151ced
e0f112d6
1ee9e008
dce8d604
d911effe
e90ddc19
14fff30a
1404d301
e1eafe0c
040adee6
09f41e1b
0102e4f1
28ea19eb
120a0b1c
20e8f016
15062015
17e6d4ff
13e5dc0b
210e01da
dffc0e0f
0ee10b20
16ea1217
1be4f41e
e8f518f6
e4fe12d8
19f9e30f
f518f3df
e21620e4
dbe70d21
e1130306
1408fd0e
0c11f604
16eff404
20f9f10d
09e5d8de
eb1adfe8
24db14ec
1813ee23
d71dede8
08f5f6fd
e3fff9f5
de0ce7df
f8de0fe6
fb1ff7d7
f11f0dd6
1016eafe
0ef619dd
d71bd719
f70be5fc
f3eaf2ff
16032304
22e319ee
1eec2017
de041ce4
1606fe0c
dbd8de17
2cf4f000
180416f0
fded21dc
f730f32c
042b1cdb
f3dcfa17
19fdf811
eb1827f3
ee000bda
ed34e8eb
060dcedf
e00df9d1
ed02f510
d8eafde6
fe26e80e
d60b3a20
1aea21e9
100d19e6
05db11f3
f4f801e4
d2daf816
e7f00deb
f9f7050f
15070b1b
132102e1
c723161b
140e061c
14f40420
17fd06e8
e12220e8
ef1b1dee
1d24e0f7
ee10060f
e8f90e03
ec061712
2a15ef04
e41620f5
25f6fc00
f9fbf304
25eb08fc
010118eb
29dae70a
fd1b1fe2
e4fc1e28
f216250c
1ef4f201
e81316db
16df0eeb
11f8e604
07080912
1405f0ec
04ffeef9
0c080aed
09f620f3
0f2cf3d8
2009ebc7
fdf1cb23
0b1d1325
eb24f3f3
f6f21d18
feece8f9
24dd11f1
14e7e9f3
fbeadedc
fee9de0d
02ef1c11
f32330ea
e12ce3fa
d52b1fd9
1cd40af9
190c0725
fcf905f1
cc3de71a
f738f30f
0300f2e9
051cda0b
e309232c
f80ce60b
fc071f09
040ef8fc
0b051222
fbf4f7ff
d2011dfb
f0e5efed
000cda00
ec170de7
0f0c2311
f1dcdeec
f8fe070d
d2f205f6
f0e7071a
fd0120f1
e431e4e6
f811e114
fcf81af7
0d0ee2d9
d8edfc1a
dee70ffa
fd15171f
05e20b0d
ca15efee
e20cfde5
05fb00e6
e60fe9f7
ca041ffa
fbf211ef
d3d5fd07
fe18e533
1019f6f4
ed0dd815
f50cf11d
f4e50fef
0b01f920
e1e3f808
0ae70b0e
07fcf219
e02e19dd
e50d1800
ec23ed15
14e71518
e303f0e5
f503fafa
ef34e2ef
f8ea101c
d7f80417
22fe15f1
e80ee6f5
0b131ee3
eb0010e1
0413eb0e
f61dfa0a
02f70ffd
1efdd816
f7ebf6f6
2fdaf425
0c26082c
fd390bde
082d2127
0ce2dbe2
1f03dcd6
fde60df3
1cf306e4
df121ee2
d5f11f15
f2e5d81a
1be7faf3
ed00110a
dce3ea10
fff2fff2
f1e61609
1f14db24
ffe4e7f4
ccf5e1d9
f21e0ef8
1705120a
e3190023
04ee100d
12030d05
00e81300
fc1c12ee
e1fe1315
ebfefd0b
dd0f1bdb
11e212e9
f301dedd
ee0bdd0a
ed14dfee
ea03e414
edf402fe
22e30c10
08130aed
0405da2e
18182522
2011ec09
15151c13
0dfc1b0d
ddf628f3
e0d32114
e70fd8d9
dd13fde6
ec1bfcda
e1fc020e
e806f71e
f3d80eea
f7cff9fb
04170dd7
091ee002
0608dc1c
ea1b16d6
120feb1f
1e1aee22
33f2d8fc
ffd81de7
ec2ef20e
010c351e
23f9001e
d321e3bf
e1050a08
0c04f200
031812e5
03161117
1a38e3ed
2109effb
f524f8f1
db071005
fcd91c05
0a0c1804
110432e6
ec1a182b
03181a2a
f3052519
21ef2e15
fa19d4db
070c11f6
0f03e810
d9d804d4
d616ebdd
e20e0a0c
e3efd8f0
21eb0b28
0203030d
f715f618
060508b3
11d311d0
0b080cf7
02000c01
1507fb00
f70beb1a
ffe2d011
f7fe02f5
1d05e62f
f8e4eb18
fb16d919
360a1d0a
cce21002
dc1eeb26
0f062902
f7f8de28
0bf4e7ea
f21f1717
041c0302
0d1df806
fae8ddf6
07182bde
f2fe10e7
e5dc1506
d715fb13
29ededd7
0accc909
de260c2e
1024f5cb
022114d3
e6dd08d5
19dc1af5
e50f2c1a
e9d6ecd9
eddc0fdc
1f1217e0
d61b1f0b
1c0e0901
e8250ed5
fe06ed0b
efe32c26
e5200fed
0f1ef4ea
e91ff709
1b11ec16
18eeeff6
d4f6e614
d203f000
df1e1afc
d3dd15f0
f0022009
04dc0a0d
0ffb09d4
f6d51a1d
09decb11
e308dbee
12ea0eeb
e40fe7e7
cd1d2b09
ee2ddfd5
f9e60e02
e9eef016
0e0b0e0a
fc150e14
0701d704
13efee0f
d820dc02
d4e0fdca
f62906e1
f1080311
12e5ed19
0402150b
06e4f914
1fd52011
f7fb18e5
0303fc0f
0ee508e8
1cebf9f5
f6171eda
07fe0ce3
0dfdf7dd
23fbeef4
06f7e9f4
020d1bd4
e2e5f70a
190fee0c
f9fceeef
0b12f6f7
fef717e4
fae8e5bf
fcdafc0b
00f7fcf5
fbfff9c9
fdfa2620
e502fae2
07fd0bd3
05e41cfe
2ce9da0a
2e07d4da
04f60501
021530f9
1633eaef
160206db
1c1f15f0
f608e309
10061a1f
06001ceb
d80b2116
f11af213
163604e4
1bee13f9
261117fe
f3df0a02
16fc1903
0a19e405
f71a2104
f20df0ff
1fdef1ec
09dbf71a
e02713d5
f70e2bcf
07f61bf8
e6e80bdf
fcfa02f9
fed906df
09fcecfc
de2104f0
e7d2140b
060dfbd0
10071bdf
fc2b1de0
f6d8fb0e
16041508
1fda0806
f2f70dde
0ce10704
f5f008cd
12ebe61a
cf06f8f5
02f512d6
061ce40c
e3fe19e8
e3e6e207
e120de18
1104d518
17f12003
eae3f71a
19fa06ef
1ff21c0d
d7dd0218
15ee2af0
e9e2e601
181ff30f
0af4f3ed
020f201a
ff09eff1
e8f839de
d9d9e1de
01181715
e8ffd5d7
e1f815e0
2912dc0e
2a201af4
0a1b0af8
e33009e5
f41e0828
dd11d308
1af8fd1a
dae3f008
110fd40d
100affe8
e1102631
22eaccfc
e20d0bd8
e9fd26f3
10dee4d2
01fcdbe2
f1d4f5fa
f013fefd
edf61be8
16ca1fcc
13f80e09
fce10c07
f71df019
15ece203
fdfaead8
1b161212
fb0dfd0e
f0fff31c
e406fe0e
cbe1ece4
0e21e30d
05e9f2e7
f0cee6f0
ee2cef0b
ecf9fce9
0bdddc10
27e0f910
0100ddf6
de2116f2
120f0de2
080722f6
0bd701ff
1fe1eb12
f5f4e2e2
1b26e9f2
fa1a08f7
f61e1701
fbe9d7f7
f91501ed
db150c03
171cdb17
f6cbdefe
14e31702
fc29f6fb
fc1ff113
efdd0217
da0d16ef
f3db08e8
e4e3f1e5
3cee11ec
ea1ff004
ebf0131d
03fcf018
0807e3fe
e2f2e6d9
2329d8e3
1009e2f8
e0e8fe05
f40516df
ec0fe4f9
221ce522
f618f018
30190b26
e400ede3
28140735
f3eae3fc
e13419db
fdf0eaf4
2a1ae30c
ede1dced
f20ad9f1
16092503
f513fae2
1ac5fae1
f914301b
ebe9e51a
f9f8160a
e50c160f
09fb0515
e9022218
e419ff13
d4fff704
0320fe20
1b2dea01
da10def9
f315ecd4
e9f3e213
1333e8d8
19f61d0e
28f50c01
f81b0d1c
e4ddd7e1
fd1aef28
e7f503db
e7ed2506
04e2df1d
e0e7e329
08efdade
d01de6e5
08edf1fd
e6dfed09
f5ebf0f3
15f31619
0bd2d0e3
02251c0e
e4cedfd8
281226f6
daeb18ef
07fb1c02
f809230d
06fdd8f1
0411eee6
fee6f3f0
030328d4
f721dce2
dadcdaff
f2eed5f0
07090ae6
f8d80e1c
f417ee0d
fd0b0bef
0426fff8
e0ebd810
1502fded
f91fea0a
1421cc18
eef60a29
ef2f0fed
0e3ae82b
27f417f0
e4fdeac4
dada15e3
0ce111d3
f5fcea16
e924e8f0
100e1a17
1c1101f9
1cc7f104
dbed06e2
faf4fbe5
faf5f01c
e518e201
eceee0e3
e1f4e214
1006eee2
e10c072a
e4f6d905
1800d4fb
de0df8d7
db1c02f5
01ef25e3
d519f705
eee1d21d
df1a02d6
fcfe1e0c
e407f2f4
fd04e80e
25e20814
0e1ee9f5
f0eed924
19f51fef
031e06d9
21301910
e62824fa
270d0cf6
f2e6040c
fe0a11cd
19ecf4e8
f2efe6d6
0e18181b
e8f72c16
0df6e110
021ff5f0
121d1f07
d71ed0e9
16ecebf7
fa2022e9
14ee2bf0
0c0ddbda
17e520e2
26f9fbec
fcfc0f1b
dee8041e
efffe7e7
0c1be023
fd2b0edf
02d710e2
08e2f304
23e618e2
dec3fe10
db0f021d
d2f4d6e4
130901cd
e1dcebd8
e50cea20
d7e5d513
0509e401
f2df15f6
1e18f1e4
f1dd0c02
160af3e7
effa0310
04b70811
e30507d1
d9dbfa1b
06d026f0
fcf3def6
2ddfe714
e8e414e6
db0d041e
f4def0f3
f5ebf6fb
f2e6f409
f120cdc0
2904f310
06dcefc4
d6ef03d2
0c0d17f4
f3e50f0a
ea1e04fb
f7dde9ef
f60f13ee
040ebf06
bbe9fae3
fccbe0eb
1cfbdaf6
f1dbe5ed
de0de5d5
15f020c7
ec1117e5
ddf105f7
1715fe09
eb2b0be9
11dbd707
e5f6f4e1
20e3f7fa
0ae4c0fb
ee0cdddf
dadfe9d7
ee14130e
37f12bf2
e0e30f21
f5df0fea
f0f00b0f
0ae7eb18
dbe23007
020fec10
0fed0ec9
02010df5
ebdcc810
1cdb0cdc
e6c1e7ea
32fef600
01e70dec
bdebe9e2
11fb1613
00d5fcee
c8e229f9
efe4eb0d
de000ce5
dee6e30c
26f0dbef
fae9de07
c02026c6
0cf4f7e7
e1d7fbe9
0bca0e16
da1be8bd
f6e3f506
ec0febec
01ed12e4
04fcda22
12b4e3dd
f604fada
2ef70401
e921e8f3
0ce60eec
0f26d6d6
090ce804
f5ff00d3
11fbd6c2
e31ceaf1
e5d4cd07
210eecdf
ee0acfd9
1819021f
d30ef1d4
fc01f815
ff08d2e2
f01b04c8
2303deca
e5fe191a
fae30cf6
ce021de0
d919e2ce
0df5010a
e1291deb
e914150f
22e4ece1
10fc1ae9
f1e6d813
d5e30c1d
d71dde1b
0120e2f3
22c52bdf
efbc0b0b
dfee101b
1a02080d
110d0dec
18e910f4
b4f5e8e2
f3f3f2b3
06cd1100
09d6cf10
09070ac6
d6b9d0fe
e5e719d6
0cc7dbc6
ce1224e8
fbcc1114
07e11eda
d1f5e2ff
dfcb0111
e4dae9d6
15e5f1e7
d70c1f02
01dcf4f9
d8dc0ae6
e002f6d4
fc05f516
0ec5def3
d91512b5
fcda1dea
f0d8f8c6
e0fc1b14
1614d91b
3abde0e1
1bcfe0f0
ef1814eb
00edfffd
1f0403da
1dfcddf6
fbe0e0c3
ced1dedf
e61209e7
d2100ae1
c2f7dce0
1c11f5ee
d5fde0f3
1ee6e905
daccd1db
04d8dd02
d8ddfcda
09d40ef1
f5ee23c1
dbdf1ddf
dc14fd07
f305ed00
db0ddeef
e2e4e5e3
0109d509
101efa01
fcff1707
ecc40712
0102d9f0
e9ec1218
05e4c430
ea0fffd3
0e061fec
20caf5f6
d4e8e406
1203fbe1
08e0f4ea
dae5fafc
bbdee4ee
09050faf
0efcecf5
f6e1ba21
e601eae3
11cad2d3
e4d5f40d
d61b1be8
0af819f5
fcd9d2d8
e6d2ded5
e4ddfa12
eadae0ed
e005eaf4
e313fd0e
1deed3e7
17eaed10
faf3060f
1fd3e0eb
e7f60eda
f5d3e108
1910f7e2
21d9f8f9
d50b0ee0
fcf620f8
04200812
caebe808
1912fcd5
23d51dd0
d9e5dff4
fbecdff6
ce03f7d9
03e8050d
0119d8e6
050a06db
1900eef0
f8fce7dc
f1fceff3
e01ef001
2bd9e9f4
ece4c8d2
dde72818
2302d4c6
f607d9e8
140c07ce
1adef8f5
0bf306e4
e8d2ed01
f9e1e617
f90604fd
2408e71b
07fdf1fb
19d9e7e5
e51fd910
fde0e4ea
f1e1dde4
fffb1ff3
07f4f616
1800f4ee
15f5e712
ed171f06
fbedddda
e2131d13
17fbf915
cb0b18e8
e1edf6e1
03fa13fb
00dce3f3
1c220be4
dfef06e9
39d9f6e6
ef1c0de5
0b0f0ae4
fbe61be7
f00ae800
dde212e0
e9d6d801
ff0e1bea
f3ef0d2b
00e0de06
eef5eb1f
e71a2d03
02deece9
dc05f401
cff102e8
e1f2081c
0adbe1f6
19f324d8
17e4ebd9
e2fb0b01
e0fee1f3
06ec06e7
2b181de7
02fcdee9
01f8de10
1c29dbfb
23eb16fb
d302f9fe
d0da1306
f4f6f016
fb25e4fd
021af5e2
0df30ced
18ec1d1b
d210f6dc
efeeeafc
f2ddedea
edef1a18
03e220e0
fbdfd9d8
e6030b05
e108edd4
e0111207
f2250a15
fe23d816
1b0809e1
f3130d07
09c6d9fe
f2dbebf8
130417fb
240f10f0
e324d3fe
defc19d8
dfebe7d2
bf0fd6d7
fd0bed0b
1adedce4
d80f1606
d0defa12
fce4d401
0be00a00
101ee703
d5e0d1f1
16d4d2c5
31fd31f8
e0f6e921
f8f103d0
cfc4dd00
1fe914ee
e2e40fff
f9f90a1c
efd616f4
f202fafd
0cfe1fe5
f1fbd9da
18dff30b
080d0dfa
d9e70f38
cedf0a05
ebe70b06
25f4c0f3
f8ee1fde
1bdb1ef0
1ee4f2ed
2eede821
181ce012
fd16090a
171af011
0805d716
16f0dce8
f4ded9e2
dddded07
17fef6d3
e700210b
e006e8f6
e6effc0c
120d1813
05db1726
1ad2ccd8
16f8e216
f9fae9cf
e0eff30e
24c7f9f9
ea0cf818
d8e51fdc
d4d7fc1b
f6efe100
0008070a
f7120be3
ef080c20
f60feb13
e4c8dff1
f8d9d4da
edd207d9
19020af9
f6250608
1ed40ed3
c1e501cf
d1e11209
db050e0f
e3dbd2d9
dd0c1019
fcf9eabf
0c0e1013
edf5e012
190de1f1
e4e0e2f4
0a14e1c9
1dfcda11
cb18fdf2
ff091509
23f00e16
f9f8e2ff
edf1e20a
141ce3db
f4200a14
f728f71e
11f513e1
dee7ffee
211ef3f9
fb1416ff
d5cffcdc
f72df208
f5dada1f
f2f2b3f2
ea0d2706
ddf7dbd4
15ed2b24
ec1f191f
fb071cf0
e2dcf02c
c0350dfd
ed02f110
b208e1fa
e6fbf2ea
e9e101f6
10cd2d01
e90b1ee9
f9f8261f
061d08ee
ddfb08f5
1ff21b2c
e81ce2d9
3118fbee
1e1d130f
06eafbf4
e3eb0d0a
f714fed3
dae515df
e3ffec0c
00f2e3f9
093301f4
152bd8e0
e50bf403
0601ebe5
e702d80f
11e011d4
e515fa04
241bebc5
ebcf07ed
0218feee
dc2cf514
d514fef3
121af712
35ddddf3
d9f916f0
0609f312
ef06f824
d9dafbe5
f3252f19
df0afed7
f713e4d8
190619e1
e92c2802
e31cfc05
19d31df4
16e5dddf
d1ff2c2e
03e31cf7
daf7fbf1
e0f6e31f
25f00afe
13fc01de
1cff120d
0b20d2e6
dcd7f7ea
061b0dda
28de0e0a
fb12bf13
e81b1414
d3f604d5
f2fcea04
082bf901
fdf0fae7
f2eee919
a7050518
18020206
d7081410
f4c8d9eb
def0f801
03d02c26
f904eaee
fce316e2
0d1319d7
09090117
0b120313
171d03e9
f4062c1f
fc1ce00b
29142006
28190a0c
2019e3eb
17f0ddef
ecdceceb
d2f9e2ea
f5203bff
e9020911
15210a0a
1ef8d7fc
15ed1e0f
f4e90801
2edad9d6
19f2f6d1
181fdce5
0ce9ee05
d91903db
d7fad818
e9e0f1eb
e8e508ef
18032107
f8d91730
de1ed9fe
0a15eafa
e01314e6
190dd114
ea12ead3
fb1de5e8
0222201f
0306dc0f
1de9f7e0
01d4e8d0
f9071ae9
f112fdca
0f0aea0a
f6f10215
190edcf4
05012402
2316f2f6
f80cd80d
f3fdfbf8
e518d3d8
14d4d420
34f8d5dc
fdea1a2f
e6ecec05
f9e71d05
1f1eda18
f205fa09
061e2006
fd382924
ee2bf412
0320ee04
1600dbd9
ddf41cec
e6120fe9
de1a0318
19f10c0d
e5ee28ce
13f81c15
17e9f22c
14ec0add
1e03efe4
1c23ddfd
e50cfceb
0dfdefff
0e1bf102
0bf2181c
1112e5f5
0df3d924
230bfad7
fe21fdd5
de28f5fa
fce8d4df
f01f160d
101e1e05
05fff3fc
1b1b2f1a
1a17e4eb
f7f7131d
cd1b14d5
d51005d5
f90517f6
280edff0
06d72710
23deedf7
0f151403
e4e415fc
131b0fdc
0be8f424
e2e1ea24
1907fa06
02fe14e9
d506ebe7
09eaf220
e1e2070b
21f80d05
e3e2fb21
031e05fb
e7e2e8ec
f2e6e4e7
eded2000
1bf80000
09f9de27
08f0fd13
fa0a12ec
ea17e7db
dfe8ea24
0ee5ed06
12e60efd
e01a21db
0e0f22f0
fa0ae8f4
02fc1ad2
e4e9180a
e3d7e01b
1c1a160b
e81010dd
e6e5eb15
ecede9f4
0bed1aeb
ebf9181b
fd10d3fd
0a0f11e5
16e8de0f
ea0219e6
101ce2ec
19e321fb
0b091efd
1cdaebf1
20e30cfd
05151e24
e61b031e
1102dfe5
1cd0fe03
da1c2409
24f4e3f9
eaebf8d7
06172110
1a01e3ff
11f909e7
f3fcd510
0cd70a16
19eb01ee
11dfe10d
fbea0ae6
db03fd1a
f51b05e9
07ffee13
eefaf11e
2213e8f2
fb0101f9
23d3ff11
e4da13df
03e8dd02
e1d32207
d8e60f13
251d2322
1b090c0a
0621f6da
e908d7ff
f5f6e725
e3ffd316
f803ecdb
28e5f5e4
efe00efb
e5e2dcda
e5f2f5ff
100c06e0
07e521e4
f025ef19
0ff6e4dd
de0cee15
13e2d4e9
032506f4
f2082511
00f628e1
07220aee
e4e3161c
f6fd0b1a
fbeaf5fc
1f2426e1
dee1ebfa
1218fe1f
170beddd
e21b19ef
f6e41116
fb15e90e
2622e5fa
eaf1f6f7
26db12d9
e611daf9
e2f10be6
180d02e4
24ffee07
040f161a
eb0b09e6
1b0ada10
0d0410eb
f4f8f1fa
07ff06dc
16e7fe0b
fbf6f608
190e141f
0b0304f7
f71bdbe8
fa1eed2c
f123e107
18f7250e
000cebfa
1300fe2a
df22260e
fa05120f
ebe80af5
2af7f1f6
1108fb1c
17fe0aef
d8dd1ee5
ecf2010b
19fcea1e
f71e0519
1dfff3f7
e409f605
fd26d511
1927d112
e824f7e1
10fdd7f2
eee4091b
30e6e50d
dd0cfe05
09fdf21e
f4fa01e7
fbe616dd
02f3ed12
fc0c28e3
e017f715
df0ff2ea
f51609d7
01f91bef
f2e3fe16
08150019
27f0d72a
0218e0e6
190004f6
05100bfd
11e7fd24
f028fc23
d7e721fb
1c0cf4fd
1704e811
e41f08e7
030107fa
0a0eef28
0b03e9e7
e0e6e017
f928e80c
051415f8
010325f8
170cf5fc
100dfd1f
04010b1f
0e0216e2
1d071bdd
dfd4f305
04de1129
0c140007
09d6ef07
2be4ff0c
f70902f7
ff06dd1c
1bf7f30f
071ffcf6
07d80e1d
1a061614
161913ee
280505f3
1bffe8d6
f119e5ef
0bfc1100
da061d13
0613e0da
f50d181a
e101e4de
2111191f
0016d31c
fc08dfeb
efec2024
1df5dbfd
fde0db12
02190914
fa1fd3ea
e7190dea
1c150c04
00eaef06
e61decfd
02efe103
031fec1d
1ef20ef9
00ef03e9
1bf2fbec
d9efeae1
13e8171e
2115ff10
f6e200db
dd210cf7
151904f0
03e800f3
040b020c
09000dd7
e616f311
d9f11b04
16e9efdd
08e10ef3
f30df609
0a04d804
fd080722
ee03031c
f21f0417
1325e314
e31105e7
0dfbfcf0
1c0cedd5
e9f8f80f
ef1c1216
f30dfb0f
e4040bfe
0b15111c
1110fc21
1d1e2906
e81c15e5
121f2bde
f6201ce1
15e22016
e21ee324
1720ebf9
0a16030e
e51129e1
fbe9e218
fbd3df0f
1d15fc24
f9e7deee
f20efd0e
e21622f4
04db03e6
00fa1c0c
fd14e7f0
f01ae818
151d17f4
10231c21
d300e52a
e9e123f7
ecfbe2f5
ebedefd1
1efd0317
f809e4e7
f80421e5
07f204e3
f5ebe002
fee106c9
ed15e11c
fa260d12
ffe0ed10
f61609f5
19f8180e
ece228dc
04fb20fa
e600faef
e5daf0fc
0f171e0a
04e600f2
f816f915
0ef2d6f3
e8ed24ed
ef0f2108
dbe9e6fa
02011ce2
20e60d12
0d0206e7
eb22f6e7
ebf5d5f4
2200fef6
04070ed7
09e200da
0af6250c
f9f20ae7
dc09edf3
e9ed0c09
0ce91c2b
0ef323ef
f7021804
e0d7e816
2909fce3
e2f51f0a
21ffeafc
11fceb23
d9ee0318
2cfe0304
e2fa1ff3
dd00fe1f
f70df700
f509e3ee
d50312d9
0f20ff0b
1cec1c1f
2319fa0e
f5dedd1d
0006e31b
e4070310
08e9dbe2
1cffd2eb
f825fcf2
01f5dd25
e9f6e9dc
0a03d917
f2d01308
030cdee4
f0e3f8e1
ffe41fdc
df091b11
fafff8dc
14e0ee01
f210ebdd
1be6e5ea
13db17e1
0615fbfe
05f4ef1c
08d509fc
0cfed915
e62028ea
03ec10d7
0deadadd
e60f07ec
0d2209dd
ef2502e6
e11aeadf
26120f13
1f1cea01
e40e20f1
fee70be1
e5f50715
1409e8da
2927d6e8
211807ee
d4f1d800
e206e40c
20f804f8
040ef8eb
2c1cf9fa
fbf603f2
e128d6f9
fae82a02
dbff1206
10e901d6
111f2806
10d61ce6
f7d4fdeb
e71cf0f4
fbecdeeb
29e1f314
1ee2d516
2ce6fb07
15131ff9
fedffee5
fddc2017
ef04e4f7
efddf310
fe18f109
fc0d141f
03eb1225
e72ae21f
05e021dd
fcd8f312
261825f6
e10a0627
f1fb1b1d
f8ddfbf9
08fbf901
e9ecd817
0ef21cf5
08d7e4ef
0cf715e5
fbdf08e4
f7e92c08
f8e8ff0e
f918eae2
0ef60bd9
f5f015f5
d8fbf9dd
e60afb11
000eebeb
09ef12e9
e6f009f6
0bf8ffeb
e105ff15
0508e2e6
de250be2
e3ef0516
ed1ef1fa
1923ee14
102813f9
06e9e019
f708e40d
df22de0f
0e18e017
db12e820
261fe7de
f806271d
f0161a06
f3f0fe0c
08e8d4f1
00eedf2a
e6111924
101c1018
e7dd0e01
1de404f7
13f8faed
200ce5f6
141c12e7
1d2510e9
0ef9def6
eb0dfdd9
e613fa14
fb151cfd
09df1c03
00f21706
f3dc1ae1
fcfd0b0c
14e51ce8
e21f26e3
26dafaf1
e50d1be9
0f18f5e9
ebe718e7
e4f220dc
09f01005
f9f3e60d
1e0919f7
23e82417
0804e907
18ef0925
d929e200
ec171be4
06152aeb
f11401f6
1efaf1f3
fae6fee9
1f060528
fde50319
13ec1c0a
10de1423
2318f1f9
10e91718
1110dde3
25fadde9
dd15f01f
ed0017eb
e8ebe5e6
fe05e207
fc07ef04
d20f1327
f90ae9db
f10010e8
dae4e524
1208120b
01e3130a
15020cef
040efbff
f91628d7
ddd91e04
eb0ffee8
e2e400d8
1d1efd05
0b130a23
f0f104dc
f1e60115
efdde0e4
130e08dd
d41e07ea
13f823e8
25d9f0f7
d71af0dd
f9f2d207
2ae7f5f3
e007f1fe
d805272a
e6f00108
11e31df7
23e3f01b
e7e00efa
1a0011de
14e60ad7
f8e1fb14
d9f912e3
06f4e118
17efe5f7
f4e21214
0e00e4e8
1b0ef316
18d71eec
d8e40fde
d51c0af7
1b20eefe
ddec27d3
e0ed0d16
0d21e4da
f507ddfe
0f01e309
de05f814
f2ef13e9
ef18f414
1920e823
f20b1924
e32023f7
0f0d13ed
18e6f7ea
1111e1f6
e0191d1b
11f618dc
07fb121e
e60015f4
110d192b
dbd6e8df
02120103
09f3e0d9
0a12fc07
2604eeef
2625f719
f70fef01
ff1f00e4
07150aff
f2f12802
050e2120
eedd27e7
07eb1722
1220d9e3
e8e7251c
21e523fe
fe23d6e9
1b1512fb
08feee19
e1df0726
ebe816ee
250b200d
f9140824
1707e514
e10712df
e20c241c
f60ee60e
05e50aff
160f0bdb
e5f2f9ff
19030409
e4091604
dd0cfbf3
13db1a1d
28f2fded
1be4e6e1
d80b1016
fbe213f9
fb220112
14fddf02
0d252928
11e4fff7
dfd70821
ed09d9fa
05f023e8
10100ef6
25ffffe3
0920f0e2
1711e106
03fd06d4
1cf31300
11ee09ec
f324d4f5
0fee11f2
e910f9e1
02f6e9f9
09fef8de
e807f6d3
09192412
d1f608e0
1814071b
1e00e4e6
f0f1fae4
0debe0d5
f1ddf10e
f7df0efb
d4e90df4
e3080215
061edd0b
0ce3ff0f
ddf703da
f025e2e2
1ef2e5fa
ebfbdee1
e71edf0f
040f20fe
eaf7f2ef
001b0d0b
1ae4ea18
14f20717
eb0df6fe
09f10905
e7152728
1519ecf6
f500dcfc
0200fde3
1a0ef1e5
f427d9ed
daf10111
e2e3270e
e4f113ef
17e722f8
1e0400dd
e91516fc
1fee0702
2902d722
0a121dd3
e7dd0cf5
ea1013fd
10171ae0
fcf9e8fc
dc15f0e3
fafadb0e
e7e6dbec
ecfffc1c
0011ef0a
ff0edf01
fa12f2da
fe020a03
12dbd702
211bdf05
180207e3
ffebfd1a
13040ffc
04051f09
fa1212e4
dafb040f
28fefcff
1a1737ec
1cefe606
200715f2
0019d925
0efcfb2d
dffcdaf6
23fbebe5
fbfee31e
f4291216
d920170b
1a130f10
eaf6110a
13f2dae8
dd25e1da
0a041ee3
21f8f620
1fe5fb19
09e12322
11dd05f0
f4ec15e5
eeeb20eb
ef0b17f0
24e913fe
d8e308de
21e414da
04fdfc01
1514fbea
011de20b
d90f2126
e1e3f1f4
f2120517
e602e604
1ef412e6
16f6d901
1408e8fe
d9f6281c
f61f021b
e9f100ec
d4e6dfe1
00eff11f
dcf40c18
16e8e602
f6fedbe8
0a090901
001733d9
25f414f5
140c1108
e8fdfce2
e01402df
1ddbf2fd
171becff
1efd0010
fd11dee2
e1edfaed
fc2f0c06
fbf0e606
1bd31be6
d8fefefa
edd72127
f6150dfc
0ff1dd00
13251d1c
f719f315
fee21afd
0b04efef
fee20cfa
111d0e0b
11ef250e
ede8131e
0521da0e
f6e91812
ed1ce1f1
f1dcffe5
e812f3fd
0307ebe1
ddefde23
e918e9ef
0f1b0f06
1d1f131a
01d70ee0
e7fc1a0a
1b21241a
10e51f14
e4db0ffa
f31621f3
120dea04
e4182719
eb1e2ef5
e3ebe8f6
e8fb1d0a
ee0c0aeb
e3de08f9
050efe26
12f7eefd
0204f0fd
1efb1efe
151cf327
19001ffb
f618f21a
ede700df
e61e01e2
28f81f04
f418f210
1921ee1a
f716010d
1cfdeef7
fcdef8fb
111b17f1
0500e817
f51aeb16
e21b0900
e20d1be9
0ef60819
2809fd0f
fbeb11df
f0d813f2
1822040f
e70701e9
0f0aea1d
0fe6d6f5
e60bfd1a
1111170e
0314f7fd
0b2dfefb
f5240c04
050ced0a
13fd1902
fbf4ebf6
0a02e8e3
ec041318
1c23010d
e506f302
e0f91aeb
e6e1e2f4
1dfe17db
e409f6ea
f8ebee05
d9e7efdf
fee6dae2
f320e4e5
03ff1d0d
0a0eeef8
001a0014
f8ebf61e
e9f8e7d8
1502d9e9
181ef1da
e8f50d03
f5f20ada
0ac6eae8
f1ec22fa
09f9dcf1
081213de
d5ebd61e
fde4f0e3
efe1140e
150bf528
e71d070b
06e0eb28
2ce2dd1a
22111405
0105dcfb
da26e7fa
1c241417
f70bfcf2
1c20f11a
0804eef2
edddef0b
1fd9e3e4
f3020cfc
ffe9dce6
11ecffe1
12e8281f
fe1c090a
06f7fcd5
18e51910
17ec1cf7
f1d9eeda
e01cd6e5
eeefffe1
26fc0ff2
161b2608
070224e5
06051aea
e9d31602
eb25121c
23e117f4
15fdf6e4
0618fe08
0af114fe
24faee04
040ad7f2
d9fbebfe
fd0df7ed
0ada12f8
161efe00
22db0108
fb21eeef
2d12f6fc
1714f7fb
2ae62310
e7e00a0a
1cf41edc
0c21eae1
df060be1
05fe23e3
1b1b1101
0a1a19f3
de16f90e
efe2130c
1ad7ebdf
19031c28
0c1add1f
f1e5fef2
09f2f10a
fd1eff03
daf0d9f5
0dd8f41c
f907f00c
1208e5f3
1edf1608
0e1a2109
1cd4fc12
2fda1ee9
2a1d1ada
e6feebf6
fafc19f4
1304fa05
e00cf9f8
02e31711
f1eb011b
101edb00
e7f50706
03200eff
ecf31df8
03f0f2e5
cef2f6e2
e5ec0d13
05fde410
f5021013
0620e51c
02f81508
00070f1e
180e2418
f0e51e1e
fe18fcee
e9e606dc
17e101f4
02d6e82d
0efeece9
fcebecea
0ff3d1f1
0d1311dc
f4061b00
1f1af2fe
f6f807e2
0e0a1a2b
0be908e8
06ece7ec
14252e1b
1002131d
1407f102
2309f0e8
1704eb21
1a2614f4
02fc0e14
21e70c14
05e402ec
fb221e16
da1c28e8
1f18f1f3
f2ef05f2
e923fde5
ea16f4df
1e0cf2f7
e0170208
e023e406
12f30e00
eeea1af4
020ae51b
20131306
fb1af310
de12f7f7
ef03d4ef
0d0ef715
e3e1e512
1ce8df0d
282113f5
1b0ae315
0fe6fffe
1addfee6
fe2dfadf
171d1bf6
e6dafae2
03f7ddea
f8120afc
15dd2115
ecfe1e16
2df8dbf4
f210ea0d
e1f70207
10f023ec
da19e3fa
f3f2ecd9
1b0cfa01
120e101c
e3da06e2
f7e6ff19
1a0fdd06
fbe0e1f6
0711ffee
f3dee024
090f0029
def7fef7
1305d5ed
fbf31ce8
e114db07
0ed41edc
e31203e5
1ce11403
e323eef1
17f61620
06ec06db
d70ddde4
00ff191c
ded7e1f1
1521f011
1fff0004
200523dc
1f07ecf3
1515ee15
18f61e09
0307f8f8
0be6021b
2df813e2
e70e0718
f414040a
edeb090d
110f021d
e125e2ed
16ecf31b
10dd11f9
14eff813
f11d35f0
f61eedf2
2916d505
0fdd1b0b
d9de09eb
02051edc
f101fbfa
24f6e2f0
01d8e4eb
fa1de005
e0f9f20a
06f6f502
e4f90d01
d6f7dfd1
e80fe2e6
e315f207
f310e6e0
e4f520e1
f807fa00
edddf2ed
e4031307
e5011a21
19052313
e70c1e00
eff12ae4
22eded0c
e4111f19
16f11de5
e1ee100a
d6ea1ffa
dcec19ea
f720190b
d6faf827
ec0b07dc
fcf1fbec
f918efee
e520200c
e90e0c23
161c01d7
df1bf709
ea0df3d5
f3e9eb13
daffdde7
0705e4ed
e513f20a
fcd9dffd
160fe307
0cd6dc00
0cd107f6
df00fe15
1925f522
e4f1f721
dc03021c
1fd9e717
f9e11a17
fa04f315
e922e01e
16f0ecd8
0a2df2e2
eed606ee
fc1af307
100edb0b
16cbf900
000028fd
d6160c21
f3fbdc00
edd309e3
1a13daf9
1bf4ddf8
d6f0e4fc
151007f4
090402fb
e8e10ff8
201b0ffa
1bf414e6
de0ee902
f3fff7da
00ee1e07
1d0211e8
fc12ffd3
12f3f3f0
f612fc0c
2aee05ed
e61906e3
dafe08ea
06ea15ec
1405e4f3
1f050b1b
20f91e11
f41b0a1f
2afeccfa
e10406d3
0e24d90b
0fe81422
ddecf7d5
27e3f8da
1318fce7
db1bffe4
fd13f10a
17070d10
f6e916fa
fa24e7ef
f40fe20c
ec01dafb
e407dbff
210406ff
d912dbe6
160414fc
e01a2c17
fbfbe806
db0bf11d
1f10f405
1c15fa16
dbf1e5da
1de5dcfa
fa070deb
de1d1b1d
06e7e6fa
17000419
f4df112a
0200fbd8
141cfb0a
dd21fefd
1904dedd
ea1f09da
e3dee0ee
def81ff5
dff8111a
f02021f6
f8e41805
f1110df6
dc1b0fda
1ef71d03
0afcf0e0
11e30d0a
efef1409
1a221af7
0f02de2b
dbffdee1
f2e0f0ec
17f1fbd8
1312fbfd
eaf01815
dd2008d9
1c150108
13f502fe
fd10d911
2509e4f9
051c0dd4
0027f2ff
0b0615ff
031cfc0e
080917ee
121b1fd9
1f02eaef
f7081de0
efe1f106
0703190a
da00f9e5
d9080808
e907d7f6
2f1ef410
ecfb2b30
de21eafb
d734ff0b
ecceeefd
d315cdd4
011bd5fb
d8e8e7f7
10f0fe18
f3e9030a
f3fc06ee
f9f40df3
1ae40515
f218efe7
efd50dd7
06050e22
1a120d02
03e3e505
0ee7fafe
d21cf4e0
bcff02df
09f1f4f0
f8d4f915
ed30ef01
deecd9d3
f0f313d8
f5d6dd00
15f5f6f0
d1e12ecd
f5f4f6dd
2af1ef06
0a0b1bf1
cbebf0f9
fae2e806
01f0e7e2
0ae60d0e
2cdad5e9
d30be6d5
1112fee5
061501f3
effde200
01e1e202
2bf3dc23
f80efc11
17f21d10
e3fadaee
ebee120e
0015d505
e4091918
d1ef1bdc
e1000de1
0cefed06
df0df8f6
24fbe7db
fd18d7e5
deeffae9
1be4031e
0fff1b05
0c0bfd24
dd121ffc
edfb0106
def625d8
08ec2ede
e2df00f5
20d50917
00db053f
dcfdd3c6
0324fa0c
4703edde
e0dcbded
fd1e1de9
f90ce602
17e20f46
10dddfe2
e3e33df8
250f0824
160efae2
f5f0cccb
04f7130b
d7ddfdd5
14051d02
f1ddf2ee
12e30108
d3f9ce0d
df19ebe4
0bd72df5
0be51ded
fc44f0f5
0bcff5e5
da0723d8
c8ddffe2
e9ff1a04
fce012d6
eb27dee1
fff602f8
0a0cdbcd
d21aef0a
fd16eb2c
edee2de7
c2eefa04
37c3f0ec
db0de9f2
dbf310db
25eed412
dfedf712
e3f309e3
08f11217
074aeef4
f61ae404
fa05dd17
07eb1124
fad6e20f
00ef1cf1
bf02e811
3808e203
f9bdf4eb
e617f2df
fcf11513
01f61005
f0cae5dc
1c12e7ef
f41a291b
fe2010fa
f81506dc
fd0f201d
fc0a1df8
140b2e01
17cfd717
1dee0bf3
17d41213
d314f3e6
f740e8f2
3123e000
ed25b9cd
17e8e9c1
24dbe836
0813064a
16f0dee9
07e729f6
11db0021
ffcae202
00f7ffd8
e413fae2
c01cdfbc
22232310
e0f0feea
0dd91301
d3dfa1fe
e3cf0bd8
f100f1e2
dee7f91b
fa0206f8
d4ebf7c8
e404f1ef
d8f01218
ee07090a
f3f917ee
19e4d7da
17efd915
010bf0c3
f3e1e20b
ec11eaf7
0ae2f9df
e2d6f9e6
f7c2071a
0e15f8c9
d1e33420
ed15e204
cafad704
1807d7e5
0adfe908
d52ce6f5
17f5e4dd
d4e50120
fdfae00a
01ec0802
d509e11a
d0231a12
f2effbe3
16c90f05
e0daf30e
ed1e02cf
f5e01b10
e9e51c0b
ee00f3fc
f8150df9
eef51be7
ddebf211
16eb1dd7
dc22d6f7
f6f9fae2
f713cbee
df0ef1dd
fae4f531
19de06e2
d346111c
1fe9dde9
eb11c60e
14d706e2
08f2f2e2
06eaf324
18f80bfb
d810140d
cfe2d74d
ead9e2ed
0af8f2c0
d7182519
c5e4e3ef
edeeeaf2
110bf5f8
ee14dbf4
d9f80ffd
d22d04f3
06e005f9
1f20d440
f1280c08
0bd71610
effe15ce
0ed7e7e6
e4ecec17
130fe7ff
d60cf001
fb11e809
ced7f40c
dcf41400
d5e1e125
0a1d1e0e
c5d6dfda
1ff41ddf
c61416ee
1200ed1a
e6eef91b
0a1715fd
e618f8ce
0021e426
dd29f9f1
fa2cf90b
ebebe5fd
06da23d4
dd28061d
f40205f1
fbf2e8e7
00101402
14f60efc
d9401400
2af801da
f8dcffff
10d0dddc
ddd803f2
fb0fe90b
26dbfe07
f9f700d5
0d0bfded
eafbfef8
fcffedf3
07ccfa08
18d908f4
27c605ea
e8e108d7
090ed201
06ede8e6
00f7e311
d9ed0fc9
e00600e9
fed4ed29
14d4fd1c
e21ef219
00130016
dfd91f0f
d605fdb9
f5e0ef18
021decf4
2dd21def
0dd4e8f6
d5df02fb
0a0c011a
e62df9e7
e9ca2b0b
eaee0130
0918c7f6
f3dc21c8
f521eef0
d4f51b1a
000fdc02
eb0cf127
08111dde
ecfafe06
c9e5ffd6
05d5f8d6
e4e8fb09
f004e012
c20cd2e0
060408db
f21be2d4
ce14f0f3
f6db23f7
030d12ca
f5f2d9f4
e0fc10e5
dcee22f5
f22defd4
dee21217
e4ef15f0
03ecf9db
d01102cf
1c0b01f3
01ec20fc
1cf4f003
0225ecf1
e9ef14e3
12dbd8e4
0f0712f3
27ef08fa
10042b1e
df04d418
eb111d05
f227e0fc
fe110bea
f41a320b
e8d7c929
021122d0
27d7c7f8
e5f2f2d7
c90607e8
0ad3ff14
faf3d7fe
181ef808
efe71803
0ae1e137
f4ce1a10
29f00d0a
e6fa2105
12dcf6f4
cf06cbf8
0ae510e6
f5f809be
03df1d06
dcffebd4
dddaf2e4
e4f0c820
d9f20608
070505f3
00e703f5
e506eb0e
dc031acd
eb03fcf5
0c00dd0b
0121dfef
fbfe131c
e805eb08
ed022c0d
010de0e2
0c05fed9
f4ff1ce7
f50a0dfc
d9f00a16
fdf909e2
faf2e5fc
1b14091c
ff0f16e6
e91b19d1
05e7e2f8
1311f7df
1b1601f0
e6da1519
0e0e1fdf
e7f2dcdf
feccea12
c8eafe14
ff0f0de2
08d702de
e9010dff
ec05fc10
ed1116df
e7131122
18e2fdee
28f90f13
0c1d08df
0f02f8e0
de13e814
f20f0edf
0627f810
1830fa17
04ccd509
fde516de
d723243a
3613e5f1
dd150cf4
011dfb0d
e0e1f312
010df7c5
e2062e01
e3e71d20
04120ee6
0d0f0e1e
1ada1125
fbeeede2
03f2f5cd
d0010125
f907d221
0deebddb
fed727fb
e1d40ade
e4f41612
e021d802
0df51415
fc0ede37
0d021407
14021bd9
fd1007e0
e7cb1336
d914e4f2
edfb002b
0be1e608
c7db10da
e60df6e0
001919f4
080aef05
e9f60707
04d4071f
14d5160a
dd0ae606
e92026d2
e8c92f04
001511c8
cef71802
f018e9e2
e30503d9
e7f6e9f8
0fe8f1ea
0ef9f1fb
d3fcf91b
f1032b10
20fdd902
ff093b0a
fbc0e9f1
d60fd705
e2fd08d3
06dbebe5
fed916e9
f413f508
d5eef505
f1edf044
0a100309
05fafdf2
d3ed0123
eb033210
04df03de
10e4e011
2b171ced
201dee02
f2faebfe
fef71129
06e9ed06
e609f3fb
0e19ede3
13ca1d4d
1bd2dddc
edf7f819
e91be2eb
d3f2f423
e210f2c0
eacb071c
0f1ee426
f6fff5ff
0a09df11
10f1f8e7
ecf840f5
1c0bda2a
e61318e7
09fe1407
f41dead4
082706d5
c91e030f
fc0817f1
edeaf924
e4f311ec
e803ef1e
daf3fc0d
d5f71ef9
1104f8e1
2007da05
10dc2107
e6f2fcd9
34e7ddfc
fe0919e0
1c05000d
05fb2cf9
e1e1fde0
cd01061e
fc12e504
0d0fe8e6
f90d14d9
011ddd0e
0cffe6d4
11ffd807
e5eb16ec
16fed6e5
0906f1ff
e2dc1bdb
fafcd800
152e11f2
0f00edd5
09d9d708
1510f705
fee3e907
1f0e1c3d
04ebd9e7
02f7171f
1ef10919
03f90d06
f3d9120f
14191e13
34d6def8
2a07191d
ddecf218
ea25080d
061fe7ee
0110feef
0e1aeb25
e4150639
fb00ff04
ffe31df8
0407ff19
df0c1fdf
0009000a
cadedb0c
ed02cb10
0a1606e1
e8f626f0
fffa0218
060d4203
1ce12007
19f2eafa
efe8e1d5
cbf9dcee
eb02ec13
f5f81c09
04f61721
f421e7e3
fbf906f9
fee601e1
0ee806d5
e4f512fa
0febcbf8
e4f6f017
fed33e02
05efe2e2
18f40d1f
f3000be9
ebef2424
1a0f1af7
170dee01
e90d07dc
f6d4df0e
f5170f1b
02210fd7
e4f904f8
dc0d0b05
1aede5e9
220f10d3
02d4cf00
fe0df503
ec0e010c
fa0e232c
f706060a
00ffe705
072ffae6
f6dcf6fd
0f06120c
2aedf7dc
000e01d3
1d2d0ed9
daef243e
e831ff16
214acf25
1720ed0e
2840f605
e920f700
ff190b0a
fc09e526
cef51e2f
fd190f1a
e207ec39
ee040b1a
c3291218
f2023a15
3bf6de0d
fa0f2c15
22fe21d6
110e161b
fd1a2d23
11fee3f6
11dc0f27
1d061ef9
e1f50c05
e9fb1cf5
0f084fe1
310bf6f2
1df0201e
de04e239
05393c26
09e71a1c
f850dd3c
f2110434
e30cf111
ecf6030d
37070309
2d16e7e1
f614e4e3
14fdfae9
f50c1ff1
f1d10206
1bdf1f30
353624f8
f31bfce2
f31aed2e
db2220e8
0a17f5fa
1eef3424
0eedf504
1015da09
d8200316
f938dcff
0f0d21fb
200ff6e1
f5232e18
290cc8f9
ef1a041f
1b050df1
fce3f0d7
19fad9fc
f21a200e
e9f62b1a
2ce90e29
fb1afa1d
fa360f19
df3f46f1
e4351431
03101c24
32e9ff0d
0343ed12
0638e1f4
400d0e1d
fb3beb20
da140848
1611ebf4
071a5f20
f617fbf4
fc06fc1e
10e62d0d
36fce535
0110e5ee
f00ffa04
3142173b
1fec003e
ebf513eb
2714f11e
06f7f211
f70c07d5
210b2024
102bf909
e3e813f2
225124ef
ff19f904
04043e25
0df0ff58
052a1b01
f7e91c29
e441e410
420a16fa
00f1401e
3b012c20
ef1219fc
da2cf5e9
12f7efe7
e6d4daef
1014182e
0a4efa3a
08ef0a00
23d80232
322be30f
2dfefff4
0c000a21
10fad6eb
e306091c
df17d8ef
102ad5fd
19f71dfa
25dc0d1d
10112d20
fe11e412
e6fadcea
0e3d1616
00df0310
fcf2e8d4
09e505e3
e60910ff
3a24f435
07e612fb
1b26d716
f6232903
e827ecc3
e4feeae3
0bf10fff
fc33d827
d506e60c
1c381eeb
1736f911
e2f42602
122fd7fe
040e3418
130c1b19
e8f60be5
ede5cdf1
0903e512
020f13fc
de32df12
22fcc8de
05faeb0b
3307fbe0
0cf3100b
221f10eb
d9ef19fc
1d0d0731
ec06d617
df16e2e1
ec2b0e16
0bfbfd24
0ef30528
20e80233
f41ee2cf
efec2d17
fcf8e7eb
e216e2fa
e0152617
20f20dd4
e9fa05f6
0604d71b
2b2804fa
01e1e2fe
f404fafc
11f11b1a
1bf20b24
f6f7fb1b
2c0901f8
0008ecde
1307eee3
f7e603da
0e1d18f3
0d0304e3
1af0f1f6
0826d20e
1604d8de
24231f10
ea09f00b
21d1ebdc
13161d13
f90101e6
0e17da13
0f03eaec
1301e50f
14f714d2
e9f2e7e2
1aefe8ec
1d3edd04
f031dc49
f430e1ed
0fe5051f
f3461022
13f5eff9
111d13ed
f708020b
e2030dfa
0f3010f0
f319392d
d63b05e7
a463dce7
ec282406
08fc14fd
1adb051b
e2192ef1
2510f0e2
f7df112e
231de5ff
d7dbdf2d
0af10a0f
09f412fc
edf1f609
152129e6
f604062d
ed0027f2
182ffa0c
27ed4a3b
00290735
e6102018
02e6f644
f1d80b07
1efbf516
1def0006
3adcffde
0b0d100d
16151c03
1ddc020c
01eeeb3c
e907ed05
f5653c39
09140c15
f521e241
02161b0f
eefeeb02
02caffe0
13d11ee9
1b1a1906
01071ffb
e947f20e
1b072d0d
f90ffefe
15fc3809
f4ef27fb
ef17cf0a
2b52fe04
34110c20
fc180be8
efeae4fb
1415d1d9
0bf8eb2a
f4e70d30
e61ce703
0d3e20e4
f124d730
f405f56c
1700fbe3
0f2e0500
0ff8ef23
12180823
f61d201b
cd13171c
062a06fa
fafc1a10
defd2a07
dd3fdbf7
140a13dd
0ee20d19
1ffff2ee
e410ed12
07154130
4223dbfb
031ae4f4
e3fbf9fe
f804f214
f91a0510
1122073c
e5f9430b
fafffa2b
f209f404
1f11060a
fb240f3f
00cf0d3d
0928ea25
f21fd81b
fa03de01
f7f306d9
01124427
4a21fce0
fb18ebf4
e725e614
d7110318
0a092018
fb000826
2d41da36
05f90fe5
060c081b
26122602
e1dd0fcb
f8f83ce0
0bf0e7e3
0d0d18f8
df13141b
0a10fe06
4cebe712
27f6e211
16f11224
f11bf9e8
f1f1d600
fc32fef3
07040de9
ebf11f0d
19fa1023
13f3defb
f5e22232
e71bde00
f6110910
1822190b
f018cf03
11f91f30
fbf9eef8
314a02de
1c29db0d
e6292614
2f41190c
c8181f22
de4aff29
efd722da
04f821f5
1f22f0f7
06ec0711
e5eff204
ff10e314
f4163104
01f2d80b
1d18ddee
eedf11f9
ec13dce3
26e611e0
f30024fc
11e10aee
fbf9131d
f0dde2e6
fc03240f
1decf424
f911f62d
26eb15f7
1af714e1
15e8e9f8
14e314fd
e20815d5
1c222219
5b29fcf1
1c1af7cb
eefe0806
2af12b18
04dcdc09
e508132d
0c05f1db
2d2809e3
26e8e111
4f060cf1
f4120ded
fdfceee0
18cbe002
220d0423
20d8ecdd
03ba1a12
fe06e326
33edf505
e4ff180f
23e2eb1c
10e0d7d6
15d6f8fa
f6141313
fd090b17
e61c1810
0cfbe614
f5f116dc
03210eef
fc36fc12
03ef1528
1d32133f
084bf7e8
fe0c1606
14fafc17
f8b0041c
f8201b00
f20b0719
03090e27
052c25d0
e3e00943
fb26bac4
da551bde
1f0820f4
16de103f
e7f200d9
0d471cd9
09110e0b
09ec1908
071a131d
0812b3ff
120ff810
1dda20fa
c8f3dd13
ff4731fc
0a22e92f
09f4f81c
e5180333
1dff0940
e72af91f
f7fc032c
df1bfe13
fe01d820
55e32efe
0af6fd07
2d0b01d4
fbe9db12
d6fefeec
0ae5fa1c
01090007
080b190a
e320ddf6
faec1a0c
e5d922f5
1200211b
1deafbe8
20d8e412
0c04f0fb
1bdfe82a
1c03d909
e6321209
08f30f27
ef23f112
cf1a4514
19e1e323
22e5f20b
01e90f0c
2a1cf5db
ea011e1d
09de0817
1612d4f7
f51bff19
190bf546
f62ed7e6
eb301918
ed10e8f2
e6302635
1208f427
24410e29
1a07e51c
0d1bec0e
e911e133
c5e5062d
f51ed90f
db160429
152521cd
c0182710
04012f0d
090b0c33
15e42216
141805ce
1b1318fe
43141736
d5eef9de
011cdb26
18ede116
19df02fd
d4eafe06
df09370f
fd190b24
e001d620
f23e233e
2dde3f29
d404da17
19310700
fe0cd60e
f6c912f7
ec170ef9
1f0e2b00
3d1b3ee5
e51f1b21
0125db10
351e07fe
fb121106
f7fc1314
0116ee0b
06ee1917
fcebdf54
f3eaede0
eb141512
f0f016ed
eecffae5
f80fec04
1c06d5ff
032316dc
120e18de
0318d4f5
e0034129
1516c4e3
f50ded21
03203af2
f2d50b15
f506f613
dd18e810
16ede8f0
24dee713
1cf821f1
e32ae600
de1c2efc
20e4dfe6
efeaff2c
f71b040a
3609f808
df10fdf0
f71f1d0a
f63ff413
09f60e36
1205ebf0
e4edd50b
e022dfdd
d831060a
09e4e1f2
c307f8f3
e02c0ce1
14301d1f
e80cdf07
3feddc2b
f4e23413
1ee90404
1ef6fefc
2d0613e2
2bde0b16
e8f9eb19
0ef207d0
1ce2cf04
f0440430
24f6f62c
dce1fa0b
e722ede1
e00bcbe2
e921e30b
0603fef0
1d2bfaf6
18ee3be2
d7080a11
0b1d16e1
16fc3ae1
edd805f7
e7f6e9f6
0333cd10
d80a0407
20f7f63f
3a09e3f0
ff0cfdf1
effd2bf9
d6f2f5d9
e9e318fc
f718f209
151e1e01
f71b0ff6
e3e6e1d7
c423124b
0f140e0d
f5fedce8
0d17e8ec
1d20dfd6
1612f4eb
0706d7e8
de03db07
11000712
35e60be2
e3320b22
f7d60712
e816ea1e
fce4e704
f803d504
f800e1ed
f9221a15
f716ebdb
fe04e2ef
e9fce9e3
da1f1602
f91c0cdb
e61c0609
0808faf5
1bf70509
fa101124
ff0f1cf0
0adff11b
ea1f20fe
d907f903
0013191c
f4e810f2
f6ef02f6
09ead501
17ebedf7
1b250ae9
01fceae6
1ef1ecf0
02fbf5e8
df19f1fe
f5ec0e1f
1bfd10f7
060502d9
1ef8fafa
f50423d3
1ff4e41f
e7fcfd10
fb02181a
eafd1a09
e2e323fd
e113dfe6
08fe1915
00ffe7ed
0916f51d
0ff1fa13
1df30eee
08182112
e903191e
25efdcfd
e9f2d507
f300f708
f214f90e
02e4fc02
e6eb05d7
1ff213f4
e3ea1510
1a0105d7
ef2eebed
0419d501
dced1c08
fd1af1e3
e5fc0f0a
fadfe3f5
080e0f12
1eebd5fe
ef092723
f51b05e5
eaeb0f05
0514000e
e006e716
0c291902
21dae2d8
e4fa08f8
f818dedd
db1203ef
e6f20026
e1fcf9ef
dc23ddf4
09fad6e8
e5e31024
1b011d0e
1216f5d7
2705d403
02def7e8
da1df4f1
ddd5e8e9
fbe0fdd8
14eae110
ebfc09db
f6f40617
ebf60cff
da3217e7
0fdf1320
17f51ee7
190fd921
e0f3f714
f8de0f1c
1133e016
fd091cf5
ede805e7
db1d0503
f6e8e0f5
121aefe0
18f7f9e7
12d513f1
dc0e161c
0cf1e111
e205d900
ef14fadc
f9e4e8dd
0dd5221c
e7f5fafe
ece80cdd
e1f5e214
19e3def5
f9f60ef7
f31b21ea
e917f204
06f70e10
18fc03f4
fd0505fa
effa051e
e20c08ee
07fce3f4
fadaf9fc
0b17ef0d
e6f7fb18
13e31a06
0d17ddf8
e30ceaee
dd120d09
05e90220
f120d902
d8f813df
e0f8d80a
e21bee05
33e71719
fae4dbe8
f10decec
f40ef510
02fdfef2
10fc160c
1fef170a
e521db17
e3eafee9
f0e6e0e6
1de7f6f0
08eed7f6
100914ec
20f7faf1
ec0c241d
02ece7ed
0517e2fb
f907e7f3
160ee81e
d7fffd03
0bd6fbfb
0004e0f6
29fed908
dc0dede2
eb0efe11
0230f71e
e0f0fcf8
0df72308
05e41b1e
d403e5db
f9f9d7dc
f6e1f6ee
1112ed0b
e114e8e6
0f14ee15
f6e0d9e3
0de7df17
05eadbd6
f51409e6
e018db00
f1172019
f3ef041d
0e010307
0bf10212
eb09f4ed
fefcfde4
181dfee5
23e2191c
f8e7ec12
1dee3014
df01e4dc
ecf7e60e
d7edd601
eedff8db
f7f001e1
e71101dd
0beb1ada
ed300b06
25edfbf0
d724d802
f206fee4
e9dcf90d
e1f80c03
11fd09f6
d720eb23
fd11161b
18e4030a
e4f40109
f4f7f4d8
fe0a16d8
f9eff6e2
13ff17f8
fce5dd0d
1ce5f1dd
051801f0
0cf8eeea
07f418f2
d907f00e
dc13f8fc
f416f5d7
190ce21d
faf31ae0
0be513fc
121514df
dce7dde7
f71b18ec
29e1e2ee
e1e0fd00
0fd8e8e8
2531e520
1cec16d9
17dfe2d5
0ef50a0e
e9dafb16
ebfcf1d9
17f9fd1f
ede51410
0ef40cf5
fe19fe05
f7e81df7
efe4e91b
0ef6dae9
eaf309df
e6f1e3e1
0e15f314
041a181f
04f9f30c
dfe7d31c
f614f5ed
e817dde5
de21fa09
16f4f8dd
f508fdfa
09ebf8f9
ebec081e
ea23dbf1
dbf8ddde
dfea2b1c
fef5e018
1006e60f
1f15fd03
f2301e20
dcf2da07
dafe0623
f517130f
12dee1fd
e90bdf22
eae6e7dd
fdfbf2fb
0efde522
dff7d617
e5210aee
f120da0a
1a2607db
05d8d51f
21de19ff
14f41114
ffebecdb
f5eb170a
f9ef1402
13f51deb
e1030be1
09112501
08df1718
14261dd9
f6f90fec
eef00d12
1b07fa10
e10709f2
1b06e81c
2af1e5fe
e2240503
1bddf503
ddf2d8db
ec0cf6d8
f8e708e2
edf71a18
e2e9f8e6
15df17e8
f7f6f0d6
0204e112
e1f7e6f3
2309e2e7
22d9ef24
0f1e1124
11e6ef03
0ff600de
f106deef
e507ebe1
21f600e3
dbf511e9
00db03d8
2c04e30a
0d1fdbf7
14fd0bdf
fb10e712
fcf8021e
db171807
01d9dc0b
080cfaef
dc1ee002
e0eef30f
091813e0
e2f807dd
e822140a
0e17fdef
d8e7f41a
d6fb0af2
18f1ece6
da130a07
031119ff
e3fadafc
f7e3171c
e914191d
f0de08ea
d6f9f7f6
d113f91f
1801e901
27ef1100
06130aef
2006e719
d9f51b18
f41f0d2e
f1e203e6
0d0ced0a
f6e12de4
f307f0f1
f01c13fc
0ee8fefc
e1db19f2
04e806e5
e0e5ef07
07ff0f12
f9e00ce2
1becdceb
dc02e8fa
d60c0807
15fdf40c
20ffdceb
1c070f05
ef0f1cfb
0305fe11
17de1ffd
eb15130c
f7dc1adb
ce1824ed
0eeadc08
fe0e1408
ecfc1d1a
1fdaf7fc
250a181a
051ee8e8
eef50e10
1af303fc
0de21611
fe0cf216
ece6e701
010702eb
18ff1cde
1b1afcfd
12fde60e
1a1ceb0f
dfd5de06
24fbf31d
1f1a04ed
e9f5fe06
ee211a0f
ef021df2
09e8fd20
e6f8fada
fa060408
1803e2f5
0ae52705
f5ef0ef0
f21c100b
1c20f2f9
dc270ae7
e4f2ec1e
1717fce8
e0edf1e3
0cfb08e7
ecf1e322
10e1ee07
ea150528
170ae806
d5ec1fe8
0405181d
e022e603
e30016fc
14f41324
ec1001fd
1106f5e1
f402f3e1
12ecefdc
091300e2
f1fdeaeb
f5080513
f721f0de
ffe210fa
f3e718f8
ff0bf2ee
1203fffb
0c26f511
1100f6e6
1b1f0b18
1a101c06
e7e5ea19
f2eae706
120a1ced
ffe0e5e0
e907dc19
dcfb12ed
180f24dd
031aeff3
dcd50f20
d7f10805
0e14fad6
de031d21
eef3e9da
f9f91219
ffe428dc
df0d0de7
f00f1cec
0be7e8d4
1009031d
07edf9de
1214fef7
21091ff7
080416d5
12f60ee3
0fdd14eb
12df1603
dddf1114
f2db040f
e2fc1b13
deefe2fb
1407f5ef
ee10fc16
f607fe17
f2e2f6e1
12edecda
e7fa1c00
da1a0bd8
dc18f716
df1f0b03
09f706dd
f1dde617
de031f13
feed090e
15f0eff8
01ddd61b
1802fffa
d7eb11e7
f00918ee
00ffdcfb
d41cfc1a
fa00f41c
fa031311
e8eff9d6
0e02d3ee
edd616dc
12eeeb15
03ef13e6
0e28e5e5
07f4f603
031d11da
21ebd60a
17e02100
13dff2e6
1e1ee8fc
100118da
12e7f0df
19de1703
0cd5eefb
e5e12122
d820ff1a
100814eb
ff18faeb
e6e4e81f
f1e61bf1
1cfff609
03e511e2
0af0ffe1
20f4e5d9
f5102f0a
e2ecf9db
fd0613d8
0cdb161f
f5e3fffc
0e121f16
dbfaf6f5
ea23eaee
1fd818de
f2ea1a14
12db0e00
0ff6f814
1908fc23
071c09d8
050d09fe
eeeb1f0a
eee01ef9
dd01f4e1
12ddfde0
e30e1ce0
f915d6e9
ee0305e9
ddf31e03
1b081ded
ea1e02eb
e020d90a
e912fee9
1b0ae20d
02efe00d
eb0701e7
f30edeeb
eaf5e8ee
e822f2ef
15e70c05
fdf4e71e
e6d6f4ec
e0eee31e
0d1d01ea
ec08181a
0d0df1e1
0ce10cf8
f7dd1a23
fce6e9e0
ede404f5
fade1511
f6260317
1419f1f3
09de16da
e421140e
14edeffb
1ae4e6e8
201cda20
1019f5e0
09db06e4
f314e9eb
f80c000e
1bf31a09
0bfefbfa
18fbf8e4
fa1cf0fd
f2eafff5
01fcda1f
1ce4f312
2013d216
001eebed
12f5f618
fb00dcd9
ff031dd6
12ebf71d
13e7100c
1a09e6e9
ece50ae0
16e7f1e7
211ee3f3
12e81aec
0cdf13e5
efe6f7f3
fbe50904
dfd70b11
dbe3f1f5
f7f9e50d
07edf6d4
1bdfe601
f80802ed
c405d519
001103fa
0610fded
d81ce3e1
f9e6fb05
15f50616
0df908e1
17e810b6
0918dddb
fff2ebc7
e3fe0bec
cde301e7
ecf52bf2
eceffef2
f4dd1bd3
d111d202
cbbcdfd6
d80bc3e6
11fdeaf5
0ec414f1
e0c6d9fe
ebe10206
07dd10ec
da04d710
ecf0e115
1e8f03f7
fc03e8f7
ef06d7f4
1c0501eb
221b0a0b
faf5e120
0f0bea16
c5e90c04
eef3f5fa
0fe7eb11
dff8d7f8
fd03d720
f7eeec1e
ec141efd
eec60221
2a0cd8df
f0e6e50f
f001f5d6
1c0dfee1
dfeef4d4
eb08ff0c
d7fdecf6
dac2ee19
db04fd15
d909021f
e10af2f1
e8ddd8e2
e114e6e7
eff3d413
0800e40c
fffdfe16
f306d9f6
f8dadde0
07050914
f2fa0a0e
12fefd25
16d5eade
03f6f105
10e2d7f6
dcde01fd
d72509e5
f5f70fd2
0320e31b
d3e6eeff
0d2ee3fc
efefefdf
dafd18a4
08f3daf0
e821d8c7
efe600fc
ed1b20d6
ef180015
e6d8ce14
d71a08f6
eb01f1ee
edeff0e6
e3e8ec00
15e4faf4
edf3faf3
f8110515
e6e02a0f
062cee12
d8ef0cf5
0fdb0bd5
1daae817
fae7dc05
ec1fcff7
04200511
fce2f3f3
ea02e1d9
fcffd1d6
e6e0f821
f315db0a
dfe41123
00f4e709
1af70e03
11f0f9f9
1dd3fcd6
00d0db16
fff0f0ed
0cd610d5
d6e5f7eb
feecd310
f5eed2d9
f4defefd
fed8fdfc
dfc233ef
ff1310d8
f915ecfb
29faf8f6
dc2ae3e4
161bd609
dc2100fd
1a0d0ef0
faddfd19
e71c15f6
05f6f5e4
1bd70a0f
1e0313ef
e010221f
ecfef0d6
d211f1f9
2113e4f0
f8f71dfe
f41ff0fa
20f21eff
0de2d515
0314e5ec
291d0dfc
0fdfffe4
d2fbdec8
15fef213
031bd920
1df60b08
ee0bf7d6
ef320b07
df17c4f2
fbed0407
f8defa06
dcb5fde5
20000af5
0cdd12f9
0ef81c20
03141615
d5cd1f1b
ff05dd05
1f080a19
020eedff
0ae421d9
f7000e07
1324cddb
0cf3ee09
0dd5f508
e906fd0e
1bddfe0b
c8e0ee24
22e90319
ede5fad6
df00d712
f7e7fbeb
08eaff1c
261cee04
f2addef0
fbe2e7e7
1b1422ef
e3e7f0f0
da0eed0f
e7f5f608
fbf41608
ae10f306
102aeff5
2f0f2017
ea06fcdc
fde7eb12
d6e900ee
e3ece2fe
0bdfd30f
dd00dd1e
f10eefdb
f2f4fbf7
07df0011
10cfe408
09d813ec
f6dd1c0a
2010f4cd
e813000a
0cddfeec
e6e8dbe2
d6fb0deb
18f9fb1b
fc16fb1e
fe16f6e5
fee2fb09
12ee23f2
e8f6ffac
0c1606de
f71616ff
08e003f6
0c0bea07
e2f930fb
13fff2fc
06f9f5ff
1be72512
e9daeddb
140fd4ee
f0ebdde6
e5e4f3f9
0bd10a0b
05e8281f
fdf1def9
0cda01f4
df06e206
f9b90deb
e2ffe7ff
f702c8f6
d4ddf6fb
18eee40a
0d1d0df8
fa07fc18
d403dcf6
dffa100f
fb00e9ed
00091319
09e5dd1d
f2f2111c
010ef900
d71a0f0d
00e5dfd9
12fc2106
d4d8e8de
14d3e71c
f5eadd01
08e5e9e8
e7eed917
f3f70df2
0e14ecd9
ec181013
1af8e8fc
df020809
cbdffd00
200c0c07
d9edf8e5
22eeef0d
0beeeaed
0be616e3
fd00e308
d6ecde30
e7f837f7
f4d5f2c3
032016ee
0d1810f6
070bea13
f8e613e6
1cf6d6d0
d20e0ff5
f713c8eb
eae3050b
fbe9fce0
0820d9dd
05f5ddee
1016e3d7
f7fd3128
17f1dc10
ef35f914
0905eaf4
fee6e71d
c8fceafc
e3b9f2dd
effcf1da
f31713f1
e70ed5da
1ddaeae8
02d83afb
e512db05
1a120ecc
dedd17e1
0de10ce6
13f6db01
ebe6df1c
e2fc1ce7
d61604fc
12f4290e
061efd00
0007f5e9
fb161df2
19e504f9
0911f011
12f4e40e
feddebf7
24f51d0f
d70dda00
eff5f7e0
02f713e6
dbe00ed7
e2f41413
130dcffe
eff800db
3107f710
f6f1fb17
05eec3f8
e2e4da1d
23e20e06
f0e2fdfe
0b0ae9e4
1be910fc
1f01e5c9
f0e5e4f2
07140a18
f3ead408
d9deddfb
efe9f939
f108f61f
f6ee00ca
1502d8ff
efd1e120
e111e725
e62105ec
f804da14
ed1fd228
081be7fc
212aff01
ffe3daea
0a1cf3db
d611e9f7
0beb1cd6
ee170b06
12f8e2e8
180f11e1
21e4f3ea
e701e7f5
d3dedf0c
00c5da1b
f0e5da17
f9fbed00
20f60cf9
fb1922e6
fb001624
ff26ec16
e8d1f9ea
e11dd7e6
06c80bf6
fbf3f2f3
e30702f0
0a15081f
cf031207
122224df
fe1cd80a
04f4ec23
01e3ee1e
fc10c9f7
e0e5dffd
e9030411
17d7e7eb
1ae5dcf4
15dcaf14
e72012e3
ec0dfa04
d8f00710
f4ef06f6
ede6c316
db12dff3
2314d2ea
e1caeeec
fadee8e0
02dbed0b
e30c0aeb
0ffae10c
f503f8da
1cfc1417
dd03daf9
f3dad602
ed10f8e8
fddcfaee
e708fff1
1417de15
25181507
eae82ce8
1afff8f5
0b0afef2
220416e6
dd1be1df
edd308de
08d9061b
160c1826
0d0bd900
0805fc01
e5fd07e8
ec0c21e9
fee30503
d91cf80e
f01afdda
e1eceeff
ea1d1a04
0fec1e08
0d1c0fe3
e5c5dceb
e6eedfd6
f91d1108
fc2415fe
d5d2e8f4
d41c4303
2aeee40d
1eea0b03
d71dfc17
d8e5ef0d
131e2012
14fd2604
e3f5dad5
12f8e907
1c201216
0c15eee1
fc16d7f9
39eb2004
1917b80a
f8f907e9
e007e407
fbf216d5
ea20eb0e
0c0b0b22
eae0fa18
140f2010
1f05dfd6
f8ead402
feebe2ec
1414dbf5
d2feebe9
0afafd0c
cee6571c
eb050b0c
14e0ee12
11e4e512
dfe51bf7
eef90418
f3031606
21eb00df
0223ebf7
e211fc0d
eb1717f4
000d2112
ebe7fe08
e3f515de
060f040e
1401d4d7
240a00f0
0c1cf813
e81807ed
f1092f02
190bebe0
f208eb05
eef721ef
fc0bf0e9
01d80adc
d9fa06e0
e2001bff
18dfe4e0
dc3918f6
e7e80302
1c15fd0e
e6df1e1e
cdd516df
14ff0ef0
dae1d9e1
f1f509fb
e4fd03d6
d41823ff
141906e1
05db0803
d8e7fc09
1619fffa
1105e7fc
0013ef04
221b1afb
eefe0e23
f325dbde
df17031b
d40c1ae4
d2f2eff9
fc05dc2f
fade0709
e2fe0912
0dff1ddd
ee1c0105
ecca1013
dcf5daee
fbf413f6
db0413e4
ddd403ed
dcfed7d7
0dfbfb15
1113cf0c
d8ead6e2
e8e6fadd
0d05ecf2
ffd5d8df
0126e0de
f8edfc04
1fee1409
0ffbebeb
04f9fadc
e2dd0622
f9fb0f19
e1f104ef
f60b0e32
e5162f1b
eee3f6dc
0f00d614
08120613
f1f70be8
fd07fb09
160914d3
fdde2303
fe190319
1a231bdb
f6d6ee17
f2df25c5
09f0fe0c
ff0be00d
e3f0f417
0cf6dcd6
083606fa
22f1e9d6
1afa09f4
fe12ebdc
07f008f4
1bdce7dc
f4fadae8
0ce4faf9
f90ce6f4
d6d4fc1c
2113d7e4
ed09eb10
e4d4ece4
0d07ed03
eeefe80d
e905e515
e3dc22f2
e206eae3
d3e0ce10
081cdf14
eaf5e819
e01a08d5
06030ffa
02eae316
efedfdec
240ce1ed
041705ed
e7eeaee9
1ef8fdf6
180a011b
040df215
f0effae7
f618f3f3
00e4e40f
ec1b0de2
fbe3f7db
e304fa0c
12e60edc
2813fbdd
f311fc1a
fd0edef0
de090d02
d9e908d7
14da191a
e2d71e08
e6b603fd
da0adbfc
13f1dbf2
eb1015fa
0aeef1f6
16db16fd
fc26f4ff
f22a0904
0f0ef91e
e000db26
e625e3d5
1ae803e9
f61215e1
190b27f2
1509ea09
070206f9
1e0bf31b
e31b0bdf
10f909e8
26e302e0
1af5e722
21f5061f
f6f2e21d
f60ee2f8
f5f51fec
01081401
150be1db
f81723e1
1b130bfc
18fae712
10e4f3ea
fd29fef8
051a021f
021513df
21ebdd27
fdec120c
ffe3f1e5
e0260dd9
18da0220
d9f625f5
f31e0ed6
01d6dbee
0ef3de00
2607feec
18edde05
0ceb1603
f61b0f00
ed0e26e3
e322e9d8
09fcfde5
e2f8fae9
e0271409
1cdbef1b
f919efd9
0d1fe7e5
18e0f216
0d0d22d9
d8feea08
0fe815e6
15260f0b
e9eb1ed7
02d4e2e8
fced1d24
1beafb19
0c1eea01
fbea00f2
0fddda11
daf5df23
12f5daec
13e3ffe9
050af904
e928e411
f2dd281a
0c0b09df
16ff0505
0a11e301
00f4f8e7
df091e17
ef1127ed
fef7de06
08e1e9e2
f412e91b
f9e7f105
28ed061e
e5f21f11
191ddf06
0706fffa
f0e310ee
ea0efdd6
0e21e4ef
e2e8d920
e3f91b19
d61d0723
e1ff04f4
0a1af4e9
0de2da15
e3f020fa
fe02faec
011d1fe4
0ffd0d1f
1aee0314
1500e6e8
19f4040c
0e07e91c
0a12eff9
e118f20b
2a27dd1b
1920fe16
20f1ee1d
18120cff
e62310f4
f2120fec
ec1623de
eb25ef08
23f0d907
12d9e504
1f18fe19
1a1808d6
12f118e9
001efde3
152124ee
e4ed221a
0ff9da18
e80ff6f5
e8f3f418
18f217eb
eb01030a
e0ffe2ed
f4ecdc13
f828ede2
1f1cdddb
fb0201f8
0be20908
d8e1fa01
ebf204e1
f90d1ae9
09df0b0b
0d1cddea
ed1b1a25
1ae319f6
05dd042b
f2e90bd9
f00526f8
12e3dde7
eeec1712
e8ede629
0cee0a12
0115e1f3
ecd817f3
de06ea05
08211de5
14e2f004
d9e816ee
eee610ea
e217f6ff
05191c06
f5e8e90d
ebe01722
0300f20c
ffef1e0f
05f8f50e
14e3f20e
1e18fff4
13dcffe3
0bde1322
1ce60efd
16d9dfe1
0d0bfa1b
07eceff5
0d1606f4
fbf4f220
fb101918
2ad7f3f4
e715d817
de280018
1cfd080a
13e9e1fa
f110edf2
0716e01f
d9ebe20d
fef8ff00
000ce809
1f0bfe14
1fe41bf5
e1f10d12
de1e2312
0fe6170f
f4eb0017
f0fffcfe
d6e2d9f9
ede8f6ea
08eb101b
100311ed
12dbe00e
d71df401
00f3e719
e8d70e12
f11e1722
e0df001e
0e01020a
0d0e23ee
ee18fdeb
21df0d07
f3f9d6f4
def7f2e4
0bf226e1
0b1f0814
ed1e10df
091bf103
1df519e8
f8d8d7ed
f4f70c09
e5f7f20c
20d4faea
22f52303
0c21d7e2
080608ec
191df31d
d7f2d91c
2b20f908
16f1ecfd
1df312fb
fa07fcf5
f20b0023
120c20e5
f7eae8e9
14fef704
d7fd11fe
21faea03
f5e500f8
25090cf0
14f1ff11
07e3012b
f4f4ecec
01221418
f7fce4e6
231507fd
1fecdaef
0308e1ff
0015eb17
f9fe07fd
0322ecf9
fcfc2de9
1c170b01
e9e01bf7
ef00221d
eafde220
0ee9dddd
0eebe11c
010a04e0
00e11dda
ffff1800
292527d5
f21202e5
02ea1be7
03161fe4
fb15e2ed
e9f5d314
0ff51a18
20fcfb1d
e1fb10f1
fcdd0cf7
e9fb0ce7
12e1f51e
e6dc0519
07131b0d
fb0afb15
12ddf21c
f51aebd8
0ff2e706
1d10fc11
f1f51121
1df5e104
08e0e9fa
f7e7150d
0019f4e8
140214f6
f6290e08
06d8f80f
1de809fd
26dd24f7
1ee1010b
1e03e218
29e01009
10e816dd
01f0e60f
23011920
01f21622
080705ec
d8e9150a
fffd0de0
d925e1eb
04f9f2f5
f921d4e0
21f1e80b
eee01f10
e8e81df5
fb27e2f7
fd04edfd
e3f8e7eb
fd0f19d5
d818ee1c
f6e10dec
fb08e7de
1bd610fb
0817f1fb
0fec24f9
e81d170e
07dee3e5
e12225db
1e1104f4
25ffe6ed
df2006e5
fde4ec02
0d1c0920
f7e2f505
d9e506ed
fee31b04
f9d713d8
d60efc11
e1f3f4d8
fcf50215
f11ae1eb
21f70ae7
f7f5d8fd
db190a12
0712f8f4
fce21216
e4d8fafc
17e02623
16f6f90e
fc0df003
2bfed926
e8fd1f07
fa0821fa
fb2b29ed
fc04dde4
2afbe9db
0fe90d03
04eb1b28
0220fee8
0ae6f3e9
ff030219
03d8ed2c
e6e01811
dfe90a07
12f30028
eaeb19fb
130bd7da
eff9e4fb
11f021ec
13e30a16
1c19e801
0c15f6e0
e7d90419
260709ec
1dd4f0e9
11feeaf2
14f6f8e1
1920181a
dc0bfee9
2102d8e8
18e71520
08f90616
fe09e8ee
eedafdd7
ed0a0ffa
d8dcf7f1
f3f71e16
f8031cdd
00eb2207
15ff250d
08fff613
f328201b
101e08f9
e10f10fa
030bde05
f315fc18
14260000
e61c0dfd
e1e92717
180500f3
1615170a
011212d9
0d0bf7f5
e0eb05f5
1ff004eb
2ce0ed2c
f3dee8fe
fcef1f13
091e1deb
fb070020
09dceee6
2ae416d9
e412fe00
ede11b00
071c0cdd
f4e2ef05
0df304f7
0ef6fee5
faf1ff19
10ece506
fbe70106
e8040fff
1901daf0
16ddddd8
0723ed0a
f7eb0322
22ddebdf
23ff2508
0ddddf13
f416e40e
f32de3ed
fefde5e8
03e50c28
02051102
14f70006
17dd0c00
18de12f2
081cda18
1de8002d
01f00afe
f2df05ff
d323e2db
ee0a0321
24f3e819
e7dc1b0d
f6f505eb
e8d80afe
e5ea00fa
04180215
0ddeef1c
0ae6e207
1ffc07f6
0c110c0b
11f7da02
071f0fd6
e6131f21
0714ff03
f9ef03fd
091e20e8
fefdec1a
1c220e21
ed0b1a0b
0229e2e5
2302eefa
1bf3e809
0feffbfa
181e27d6
290623e3
06e1040d
010b13fb
e5ed01e6
2716ec16
0818071d
d6031e0a
f4f014d3
ee0a1b09
08e10fe6
07d4e4e3
22ff0501
f3d4120e
ec0eeb0a
ff1a29fd
17de03f3
ebf81721
e627fc07
f5170920
171e1303
10f8eafe
e4141503
dbf4f0e6
1be6ece2
17080ae4
ebf50824
e3e7da16
11ee1111
f2fa1be4
1229f71e
1ae607f5
1ef814f5
f31b2afa
e60efe0f
e0e0edd8
d61f0702
f4e3fada
14e6fdf8
fdf91e1e
fef1d6f2
15e4f307
f4f3ed19
ecfbfff1
15d3fbfb
ff0212fb
17062520
0e1108f8
00fb15ec
fa12ecfd
2402e9f3
05251f17
05ee1b2a
e2031ffd
da2108e8
0a03eb20
06022110
1adef303
2cfc0ce8
f50ff10e
1de400f3
12dc19eb
151e15e5
e51f1825
fdeaea08
19ea03e4
fbfeea0a
ea0cd8e9
da0000f7
f4f5f402
171df4f1
0d202010
1d12e3eb
0e15fb18
ebf9160b
ff2719e3
072c0001
df0dde02
06f3fee2
e629e1e8
0dea2b0e
ffea0d09
101c0ffb
d40ce61a
0423f3f1
fae2e5f0
1101fed5
06fae707
04df08d9
2ae20eda
090ff813
ebe0ebea
ee00d811
e0ecfff0
24190cfe
dadee01a
04f3f110
021aeded
04010917
23e3e8f2
dc1c1bfd
dbd7e619
e8ef15f7
e11dff1c
0501d9fb
f10a0a23
f4f60f0c
dce8e9f4
f8d903e8
e5ea04e6
07062028
22dc14ed
dbf6ec00
e102eb06
221a25d7
1b060e01
1422fbea
10d51fe8
090dd9ee
f0141e06
e20600e1
151adede
22ec0ffe
15d9f206
1dfddb23
1eebe6e7
e91d1be1
051a281a
fc271feb
15220e08
db09d6ea
e8dbd329
0203f70c
e1ec091b
e6f405f2
ffee16da
f3f2e125
e6d9011a
defb1df4
10190c0c
01e7fa0b
dc19e1dc
f7fddaeb
ef04050f
230ef905
e415edfa
0801d515
130516f8
21dc1d19
ebfcf508
151afa10
deee02e5
1d1a1f07
08d904fb
010fdf19
d817e617
0617012a
22f6fc0e
f11d0fff
ecda2d14
18e9e817
2808f8fb
25e817fc
deeff702
19fee806
d60e0eee
0ed8e9fe
14232712
13f52720
16e7d512
15e912e4
e2f204f9
26091705
f5ef02f5
1ef8f2f1
f9f6d8fc
fdd6eeea
2ae5f501
181cdce4
04f3e4ef
0ee3fefa
e8f1d8dc
21f0f8e7
05ede51d
f7042007
de12dbdc
f1200415
02021e19
18d90b18
10e0dff0
29fcd708
e3fcf008
d8dffedb
dc2415ec
0710f424
eade0ffb
041918fa
21da161d
e1e1f3e1
07e1ff28
f824f1fc
01e0fcf0
f7fcebfc
07e6f307
feea06de
dde20816
19e90ed9
00e50e1f
e4efe6e0
15f21d22
0903dfd5
ece9e3e9
1be515eb
e4f1e6eb
0bf4f4e8
ea01faef
04f5f4e0
e5ddd8f7
fb0b13e4
2220ef00
fef11dde
e2f20324
d505f409
ffe920f9
f728f2d5
03d6dc11
16f7e9da
f1ee0718
f6041cec
15efdbdb
0ad90407
d711f91c
0cf42300
27130305
060a2117
e220e2ef
f6e401e8
ef07060b
09f91009
0827eaee
e817de16
0e191608
0df1d402
2628fff6
08d6e211
0520fde0
12e7f700
ee0c05e6
d503f50a
e4ffeee2
02e0fded
f009d7ec
0f0aed0f
e3000211
ecfae60c
e4e01b0b
fbdeeb16
e327f5f0
f7ffdbec
e5e0ece2
f4ebdffa
06eb1ded
db19dcda
ff19d6ea
fcf01721
f6fb0d12
08ea19e8
0609dad4
1b10f3e1
e6fc13d7
e505fa29
ded4e201
1519e019
e3e7dcfb
e224fff2
e00dd6ee
08e10604
e70cf2f5
ec11f6ed
ece71905
f0e3efdf
f10811d6
0e22fbf0
f003e0df
231719f7
1c1c14fb
e0ffef12
1a01dde4
1ef6f2e3
1bf10a0e
0df3091e
f423e8e9
0ceeeee3
dbf3eee6
f7f00ae2
09f4f5fe
e5e7e228
e5e90bfd
030c0e02
df1c1514
11f2ee06
06db1ad5
eaf1f425
ddf601e3
e3050905
ecf61ae1
e0d7ed10
1cfc1c1d
fafe12e2
feff0efb
14020fdf
0b0f100c
fb20f41d
e40efc17
180ff21a
d806f3d8
eb10fdf4
e023090c
0520eaf2
1a000c05
f9e406e3
d7040d16
1ce1f312
f01f2712
16e6dd0f
fff7f3fd
f4f705d6
10261503
1e26f302
13f3e5dd
0c1f2403
1ef020f1
f10b0f22
13eb141b
e6e9fe0a
e2eceaf4
28021ee4
201edbf1
1702f120
f4f303f5
f8fadbd8
efe8e4ed
d6dd111b
25ddd909
061afef8
00e3ecff
1e01fb2a
efd70a1a
fe180e22
0ae10313
def71f0b
f20e2914
d91ede0a
1416041d
dae6e60a
12db0b12
26d8e718
2c1ad5fd
0a16e1d7
d6191228
dbe00804
1204f819
e5fc07f8
ed17f3fe
de11ef13
27d92013
1603e0f0
effbf71c
260409ed
1c1fff0c
e5f1010a
f8e21bfe
0521e6de
dcf21d07
f9f713e7
13e9d9eb
001f0303
0fefeddd
f026031f
dff2e816
1225f105
ed230201
1ced0fe1
07ffe513
dde11ae9
df16e7f8
0b080de7
e11616ed
1af2ece4
05f118e6
050ce6f2
0401f321
09e90ef4
d8ef01f3
dae11ff8
0e03fe1a
e723e41e
f9f4140b
0cf41e0e
08de21f8
240f1fe4
1fe1ec08
fb00fddd
f3f417d8
040715e8
f220e20e
f119130b
06f91d1f
0f27e21b
d8fe14ea
df04fe29
0afff9fe
ede5e013
f00509ec
e1152822
ea131717
14210312
0eeef8fd
011408ec
e5db0d14
0bf4e007
dbe5efe8
04d2e0e8
030cfae9
e6e9e321
0c1a1712
f8eee10e
ecec08e8
f6ece1e6
02f01e18
dee0ebef
f0f40d0e
e80ffc01
eb1fef04
1ed8dfe8
ea20200c
fbe109e0
e32501ed
e0f618de
150411e4
db1c0a23
111efbf4
15e80206
d71de31a
25f708e1
e712f80f
eaeef3f6
0ef2f90d
d8e10ce6
04f8fff0
eb11f8cf
021f1ffb
20f300e8
dae01d0d
f2f7f0df
2cf8edf5
021a1400
0801fd1a
f9da2f27
fa0519eb
030819e4
1cd4e6f3
1503eb03
09110319
f016f208
00f31602
080e0add
e2dd1b12
f61605f2
01db11ee
06ef0b18
de011308
fb1f0fe7
f315e613
e8f00fe0
01e8ea01
121d1604
19f0def5
e11703f6
fae8fce7
db041fdc
030ffc17
f81020ea
ef15df20
ff0708f2
10240717
170cedee
19ddd515
d61cf02a
f91edde2
dceb0b0c
ef071411
15f72812
fcf5fae9
e0ddf0e1
19e5f8fa
2a17f507
15dd0208
220cf4d7
e2f206e3
1204fb0e
26ed080a
0ff8d80d
1ef20d16
dcdd24e8
0ded1aea
eef2dfe1
041402f1
e8eeebd4
e815fefb
f1dfe519
1c0ed701
0f19e907
fd0f0010
1aeefe0c
2723f6db
e71ff020
ee1a041d
dff415f4
25f00e09
11d8dce8
1c1eec10
ddd8f7e9
eb16e4f6
e726f5f1
e118e01d
f3dc1920
1efe2824
e7fdecf2
fb0c1be5
fa141801
12e70104
f50cea17
08121114
e8ff0afd
05eb0f05
fbe71b02
1e180f0d
e2e4130d
1be426db
e6f30228
e1f309ef
ddea16fe
d311e40a
de0b13de
0609f3f0
0201ea16
121908d5
e0f4fef4
08eae0de
f9eaf116
ddfbebf5
de13fb16
14f803fb
1a0ae4f8
2b09101b
fe2ce111
01e5e308
dd0fed07
e0e6df0d
f7fb19e5
11030bee
211620d9
eb060006
03fb0fe0
07e6e1fc
171f1c0c
2afdfcf1
e310fc27
f21f03ec
2ce0e90c
f319ed11
041a02ff
17f40520
ee0324de
ee08e908
fe1306e1
0c1b10e6
fafcfcea
11df0903
0024f30c
161df40c
0901f402
ffe9f5e9
0612f4f9
fce713fd
f90418f8
d505e01e
f8ff1003
f0e51504
db00fefa
f9e1fd1e
131feff3
dff80b0c
05fbe8fe
e5f3ec16
090a13fa
081622de
0007f80f
160be7fd
001ae4e6
0e231004
1bff0afe
dcf9e613
e61cf826
02ea1ef0
09f214f2
1de71b01
0c1cf40b
e2d50e14
ff0d07f2
131a170f
13dc15e2
e8ec1c00
08182321
1806fb07
dae1e6fc
1dfce9ef
e61e1005
f8ed261e
1d0f08ec
e1f315d8
20d9fb15
f5e309e4
e4050f29
16d813e7
22f9181c
07121ffb
daddd8e7
e9feee09
dee808df
f51818fb
0bdd0700
e3f8e019
e81406e3
0cf8db08
ff2520fb
f611e000
22dd0deb
dbfaede4
e8e70fe1
ddede1d9
d910dbd3
12fcd907
db190920
fd17101f
d4f6f4f2
1a021df5
08ec2216
fbfb220d
d3001cee
d604fbfd
dd0518db
23d71a1f
eee30009
07fc10ed
ede60ae2
e009f1eb
dcfa1bff
f011e71e
f5ea0cd8
0e0207f8
1d050fe3
dce7f8e3
07eae91b
e1ef2ade
db19000c
f1e6eeff
f8ec1d24
102bdde2
0f1a26ee
03d4f417
0e2a14e9
e504e70e
f3f422e5
dbdfe900
f41cffe1
1df8f7f3
fff00103
ee24eaf9
eaed0e08
0c18f81f
f7d9ffe3
e2f0fd2a
140016fc
f5d2fedf
2313e6f8
f607e2d9
ee1721e2
09fd150c
e705dbe6
f8011b08
fae61011
1127ddf8
f6150703
26e9f31a
f3eaf70b
ffefdffa
00230611
041301fc
0cfde523
1a0c000e
2ddf0df5
e0df1cf2
e0f72dec
2231eaff
d91bcf24
2515e107
103220eb
0222f111
0d1c2b08
0d131e25
edde2e3f
df01f6de
201dfe08
e13dd80f
beff12e5
0c0e3610
0df8de1a
0ef0f42c
1b013ed9
0d2cd6ff
16eee434
1821ff16
dfdc0a04
fefa0617
081c07fa
c1e4ef2b
180113ee
ce02133d
d31ff702
d9eb1127
2b131c2a
4329ebf9
181a070c
14203afc
230b1518
fb170e1e
11244cfd
0c052b0c
cf05fcf1
19f4e5f5
09ff3ff7
00ee140b
df1d231f
2f13e4ff
ff181bf0
54190c16
ff090d09
0a14e0fb
f7c61514
f1e9ecf8
19dc201b
1313fd10
29301bf2
32110b21
37f6e51a
2125fef2
04e8d9ec
16f1d012
0b104804
11d9d8f7
f514fc1a
f51f03ff
2609c906
1a24deec
08ec0ef2
0034f6e5
fe513df9
1834dc28
0f220f29
e5e6e318
fb0209e7
1116f718
f2fa0503
101c1139
de213612
1d39e1e6
efeafc39
e434f8f8
02212bf2
eaed21d5
27fdbff3
1608e501
f73e0f03
2e05fff9
43f5e413
de320918
e21b0816
e513e4f0
d8182205
01e6f014
df2712e5
f4e6dbf5
0f054f24
0214190c
2507fc28
16e91037
15e6f815
0ff81529
00091f01
2111250f
5ff52f04
42e811d5
06d91a0d
01f5f31e
55f131f4
0209122c
0d09f70d
442ee8f2
1efe0de5
13f80bfe
2bd32322
fe150012
190518ee
25cbfefb
26b9dbda
160ed6dc
23f3f415
30282edf
0e0b08e2
1f01002a
d60aa20a
0a1ce219
fe1e312a
3012eb1b
1b4527e2
1d08f702
0427cbf9
0001f2e9
02d90214
ec3819ed
f82dec02
ea33fcf8
0d381900
07eabf1f
3c361df4
230719ef
21ed011f
fd03e81c
08131652
d61e1a1a
e4f101ea
0926cf09
fe1af5e7
0300130b
4aedd3f9
1313e6e2
1d2e0c05
372f02df
11fd051b
ea2f2dff
0818db3d
e6e6e6e2
d914fcfb
0a2be229
f60bf102
cb28e634
0ffa5a07
d635093d
02e9121a
e944e13d
24fd2439
2ae1ed25
e7fee1d9
24eb22f7
26e82220
52ef45e1
f00d16dd
0a0e09f0
151108f8
0909f022
d7230820
112be62a
112f0922
fd01e627
2d19f2db
e80c1a2a
1abdf820
e2c0ff0c
e1e9fff1
e51d02de
fdec0313
f0f1150b
f4fb0cd7
f3261826
eae20f1c
0211db02
27382b06
f1f4da0f
ee2fe4f4
261fe60f
0d02e10d
3309ff32
18eaf529
fb2e1af1
08371111
140e1e28
12fa2402
da15bf17
e20d11fb
e6d9eb16
04f9e100
01160a2f
0421384c
fc09e4ce
d7f9f73b
dbff2027
e105d5d6
fbf92d13
0915ddc6
0ef30df6
e1114ae1
3440e5f3
1301f211
eb1a320e
e8f2dc09
dc0d091c
fff108fb
010b0532
d70be7f3
d0071a07
fbc92d16
fe0de60d
efde3816
ffff050f
161d151a
f313c8ec
defddd1f
f6f611fb
f92537f4
4f062b04
fde3da04
0f2ef2e7
28fc25f1
fd20e841
fff10119
cd29d41f
1a071ae2
0be8dd2f
301014fa
2415e3cd
0de70819
23c51408
e7e709fc
de13dfdd
fefa0406
28020d10
4df2efe1
cc2724ec
fac5cfe2
f919b6fa
2b13e4ed
1b0c1801
1400d6e4
06e5fbf8
1314ef20
11e1010f
d0e3f60b
f82114e6
e40c0b0b
0ddf1f04
200c2df3
15d6ee20
373a2dcb
0efe1926
e5dc24dd
062a05f8
d811222c
dc41f2ec
1a18eb03
e50ed4ea
de100fde
11040ae1
2e0306ec
f7dddaf4
02484b0b
05fc01eb
3af0e12c
f32fee0f
01ebc713
e4e920d4
c7031d26
f3f0f411
262ef51d
dd04fafb
f5cd1cf7
03f10efd
19e50d39
c714ec0d
dafe1ef5
2113f329
d6e8e9dd
4c1deb11
151b36ef
3c1721d7
df1d07b4
f9f31def
44d82404
fdd40818
dd04e21e
ea20ee01
f9fd19f3
fbf0e729
f40b2705
12f4f203
fcc8f2e8
e2d1e0ef
28ed1707
0df1cee8
25080a16
e2ece7db
1f0bebe6
d71aec2d
dbf3c6f7
fc05ed36
2c38fb0a
1aeddf01
e638f6fc
06f400e9
130c00f3
13dae604
10f31d12
0d3cf110
f2fb0029
03e3d927
0af6f904
ccfcd626
0c29ef0f
21f8dd02
21fb0f06
f5300e33
e40c0a1e
f71208f9
130411fe
ef1edde3
ce380ae1
f6de2611
05f8e3d9
e7eddcfe
fa181cf4
2800eeeb
18ed22f0
f81f0311
fae7ca1a
1ffc07ed
1cdfe90b
ff07190f
043ee0f1
fe2604f7
12ce0e05
052bf02e
19ad0b1b
b209df15
2be2ebff
1e0fed08
20dc2b19
10e7d4f2
20f80523
36f31919
c3d5e7bb
de1103fe
0ff524e2
f31015f3
db04ef40
e30eceff
0218eaf7
0a151915
300bf0d7
2dfefb0a
1af003e0
20d921d7
16ee0029
f1f3d0d8
f6e61e19
090ee60e
14d6d60a
fefe1b0c
dfe109dc
cde7cf04
f92b0f1a
f91af7e1
e8f5f7e9
e91deb06
fae6dcdf
061c1ade
041aea0f
11f6fb01
f41519f8
e5d7162c
e411e307
f71b131c
0e11d903
24c6e8ee
11ea050a
eb16f31a
f3ed2e3a
07d50b0e
191f0502
fe44d0bc
c0fa191b
0a0b340a
38e806db
02ee0ff0
213243f5
0813db05
0f09e8e1
cb1b24d7
faebbe1c
09ecd9dc
0dd7ed18
f8e70608
151b0ae3
f91ae318
efd00122
250e0623
1ff61f2d
0b41eef9
04061518
d614bd23
ede40de0
0529db03
300bed30
fe1313ee
d40bdc03
f53bf4ef
4a1e35fa
d2e81a11
bdfbe917
0d14cf01
1afe1720
09e3e4fd
1dfadbd6
02ec1305
e9cafd24
1e0920e4
f2f8172a
03d6f412
26051401
fb233ee1
33081e1c
e402e413
f9d7ddff
f81de531
2af1eefb
2704161e
f53218ec
061b0ce2
effbc7e8
10e0de0e
0814eef6
192be112
1c0aed07
11bdfb39
f2f7eb20
f017efe6
292419ff
e6e60aeb
f60f0b22
e7170c09
e9e6263a
04f4ea07
0908080f
f9fabfc0
e7fdfd00
02f411da
fcf8dfdb
10270a08
1c2ffedb
15270502
3bdbfa10
f7241c1f
e8cede18
ef0501f0
d0f0fbec
03ffe948
052cf8f5
0cfbdcf6
efe40d25
0af9ff0e
2dfa2e4e
0303d8e3
f809f82a
f4fbda1d
20a5e313
fbeb0417
361b3100
20e71de3
bafadcfd
1203e8fd
3bfc07e6
e0161402
c4fdfe36
083bbb30
13160ae7
f7edf3fc
fb0707f2
2ae61405
ddf7d006
1be4def5
ede305e2
e50a090a
1a32e3fe
261aebd6
e7d4fafc
ba2b0a08
d8c8db18
ffd5cf00
e431cc27
2f06e0f7
f423d4e3
dbf6f6dd
0619eb02
df1bf213
0a00ffe2
1f23f4fa
efee1211
ecdef704
dd10f30c
c50de6f6
0ffe1f0b
e7f90b12
3017e11f
f811120b
f7040df8
1d16061b
e421e60e
063bdc08
e925dfef
fe14df0a
fe1116ee
f911f0f5
052d060c
3b13c21e
36e81215
d5100bf1
eee7d22d
f9f9f5e9
0fdd15eb
eccfea1f
eb0ade05
ef14fae2
07d207fe
1b382953
16bb2afb
d7f8dafb
df141bee
ef20e0df
02f7ee15
001ccc0b
f1fb2f2b
09f02103
ddd8dfdf
05120200
1f213dfe
24310ef6
f7f7e52d
f4fcaa0b
cf17eedf
21ecdc05
120bf404
fd101706
15e9de08
f9c71dd6
24dde4fe
fef5dcfb
f91a29e9
f2e60218
14ffe9e9
bee1ef0a
1cd6feff
03070435
e7f1f30f
3a0a1eff
e3f7d903
ea1b1906
dff0d2ed
e9f1ecef
34e1f7fa
1fe6ee15
17cfd7fa
0ff1fae2
f024e526
fbdb11ff
f1e1f313
2e2917f3
1c141d0e
29effaf3
1cf8ecee
1ce622fb
ee14ffe8
f5020ddd
d726f7fb
fde3e0f6
2414f000
01210023
0c19280e
23fae011
e006f6e7
fff91a01
01ec0df3
fe1714f0
0c030c17
28ecf9fb
090eeb21
2926f41b
e413e9e0
e623e620
f6e3070f
e8f2ea0a
e4f72126
03ddfbfb
fd08e302
e60b1620
0d1910f4
1f02181d
dc21f3fa
0d0222f8
121d011c
17e8e3ef
e5141101
0d261a13
e9ffeefa
1ff9e41f
ff1b10e0
f4151de6
1414f2ed
f51c1b0a
15f8e901
09df231f
e204ffe4
1813e512
e2f616f1
1df42200
05cfecda
e900ffe2
121a201f
160014ff
1ceb0adf
1725ea13
ef20fce2
2922131f
0825ffed
e8fc16f4
0f1214f0
1afd06e9
0fef1319
e401310e
e8f71312
1414fde4
221407eb
041d0804
00e2080c
fceae6f4
0613f826
f516ede8
00fc2022
e0fee923
02020de1
fdfb080d
f2f4fe0a
f605160a
dc18e9e1
f7e02923
020c0026
e41cf40d
f0142a0f
d11a100b
05eefcf3
0c1b0bf4
05212310
2202e51e
fee82205
2727ebff
e404db26
ee10241b
0608ebdd
2ae00a0f
f9fd1ddf
07f7ed0e
2219e00e
210a0ffd
1604e50a
0c1cf815
fd101a00
141e0811
1c03fd0a
321dea0d
df2108f9
f5fc1613
dcf01ce6
de1d11e1
dce0e31e
db00e5ea
e217f8ea
eaf8f4e6
23ee1907
1fec2dea
0a14ef1b
0b04e7fd
2a010521
e802ebfe
15db1be9
0225daeb
03e628fd
02dcfee1
fc081cf6
e40b1503
14091321
1ee81e18
fc122012
eaf305f3
f4e118eb
eefa1df0
fff0211b
0c2518ea
ef160701
fae2fa21
1e160517
14fc0e10
f8f61f0e
0d011ddf
fa1b082c
21edfbf0
f2021c33
1ff921ff
f9f2df25
fd08e5fc
0d0202fe
05191b25
f0e40e01
df24de1b
20eeefdd
1f220a19
fb050108
20f320e7
ee1c1bec
1710dd19
16190419
ecf3edf9
04ef08e2
01180714
0bea0be2
e51a23f2
e3001d05
dde210fd
02faebeb
f5060e14
0918ff06
d9f51ce6
e5e30de8
d8e6e10d
dd01e9f4
ef24fbde
fdf7df03
0f1a1900
061e04e2
1f08fdec
0a13f1e6
16de1d08
e5edecdb
ee1e281b
1b211ede
17fdecf5
082728f7
09011d23
18e2eb1d
1cf5f5f9
f7e3dd12
1f02f3f1
28e11219
f8f4060b
160ced1f
f9f6ece5
fae7e515
1326f1dc
240cf1d8
e60ae0f0
15fc120e
0b09020c
0eeafa0a
ef14ecf9
21e5fd0b
1607e1f8
e31d1905
e5ddeb05
1d041309
e4fb1b01
1b14ea11
dc1c0ee8
e7031efd
331acefd
e8ee230c
20ece8f2
cf0b0f08
040ce305
ed01071d
fa1be4fe
191e1312
1808f9f6
e4effd16
251318e3
f208f324
18eb151c
f804e326
0ce31ee8
19230d1c
1fef09e1
20e9e0f0
0c1a150a
1d0a2df0
0004ee08
f41ff3e3
f3e704de
fadeebdd
2ff5e0f7
ed031ff8
0a07ee23
ff03f907
ecdd14f0
f218daff
22f32525
22e32205
14eb1a0f
ee082504
2513db1f
dce0221c
dcf71215
10090e10
e20b09de
02df1622
fee9f913
e2f7fd11
ff04ff1e
21f815fa
17101e09
fbf616fe
f516f20b
f5ec1518
2626de24
05fae008
dce8230a
040717f0
1801eef4
1c1ffd11
00012013
02220d1d
f80c15fb
1bed20e5
1ffafcfd
19ff2f20
1919f10a
21e909ef
eee7ddd8
22030c06
0d191e1b
faf5e5f7
1d11eefb
db04eceb
09def60d
fafd1bf8
21df14dd
ee19fd10
21ea120f
23ea1c1b
0ada14ea
e4ed08f0
21142ef8
06e7de0f
040e221f
2a0418e8
0111fe11
04f62204
1bf119f7
04dc2d04
f1e6fdf7
2115160b
14e900e0
e92ae312
e4240be8
1fe5ed25
fedb1d02
0f09ea06
f6faebfe
f816f400
0912fa23
1808f20f
3315e720
f503e2db
fffcfd0b
0bfcee11
fbf9020f
14f00712
e7dff624
f2ec08fc
190019f1
ea1a30ff
10ddec11
fcf720fb
1f0f1d00
21f20ce5
08fbe7e8
e01421e4
191a2118
fddf19e4
1af1f804
22ebf51f
effc200c
1a24f410
15f1f8f8
dd1ff50c
25f6f01d
08e5ebed
f3010708
041cea18
08052508
fefae1ee
0c241f25
e30810ed
fe0815e4
0de9f7eb
1fdd091b
0fe92723
10ea251c
ee0de5f5
01f4f213
e500f5f6
f5eaf608
dfeee315
f3eb1d16
1be7221d
08d92212
fdfcfde1
0617f7f6
0f09ed24
fe0516e6
de050001
e11d221a
0b131f13
0a11f820
040f0614
ea1f291d
ea09e4eb
eafe1420
f6edf5e9
e6251310
de1ff3f9
062b0af7
e716fe0e
19edda12
2618dd07
0c21fa1d
08fb15e9
d609e701
1a1604f4
e8051cfb
0ce811e7
daf2f5f9
eb0e19f0
08e6e5da
fe0a1df9
fb19061c
ea0504ee
23e4df25
e82010eb
f60b2622
22fa26e9
ff1ff301
ec110615
e0fee832
f8fcfae7
eafb0902
09f3f7f6
090dff20
15f700e4
e8fc1cf4
15100f0e
160e0f15
e905f3de
0be220f3
e7180703
13edf9f1
2fdf25f7
292624de
f010ed06
df2011f5
1a1d07e1
21de131b
0c0efe23
01f0dbde
eada08dd
fa1a0e20
e4e6f1f4
f720e51a
1ddefaea
f8051ce1
f8e714fc
0ddefc05
0708e8fe
1bdc2dec
e62311e5
f415ecf8
ea1d0524
03fe091e
ff12fe2d
ea1e23de
f6001711
f4fc21d4
e4f2e8e2
e9ebea16
0fd509df
13ea1cea
fe001422
13fbf2f0
dd07e520
1e0c2025
09f5e8d9
fbf4ede0
06210a19
1f2ee30e
0cdafd1f
db22fdf0
fe1b2218
d8eb0d13
eae618ed
14f6fff9
16f21c1d
f7ecdbff
ddf81f08
160e15fb
ddf5e6dc
e222f616
1e05001d
330b002a
f4fb1407
dfdae6fa
f5eaf230
ddfd1d09
ff10edfb
141ef8f7
03292303
0dfcf6fa
082313d5
ddf223ff
e8f91218
181a0c16
f91b20f3
fc0c1a24
202412e9
0f18e3ee
e4e90ef9
eb282122
250205ee
ddf70ef2
e7d528dc
e1e0f515
03fff409
1f10e106
e7f6fa0b
15e0ed2b
13f400f7
2109f3dc
0eed2421
e10e1002
f2fa0011
eb20ecf4
ee080be2
f012dd14
e920fb33
e002ff00
f9fbe91e
18dce8e3
13010e1f
0c1a070b
04de1ddc
1416240e
08edfe20
0e1e0d0d
1708ea16
0cdcf9da
2a26fb05
21f503e1
df1f18fe
def40ddf
ff25f703
011cdc07
02ef1305
ebfbf1e8
0802e907
2afc07fc
0606e4f4
ff1c22fc
0e010afa
05eb1408
12e7ed21
ff0edee9
f628edde
f3040526
1e0f11f0
05f6f910
e5f1e70e
e7df17fc
25e0f21a
092d2810
30201dda
1015dd01
fbf7e003
1c05e8f7
f4dc28e3
1414fdf9
0dfe0508
1e0ff7f8
201525f5
f8fae8ff
1f1f26e8
ff2b1ae9
dafdd6fe
dce7e4e7
e3ff1e0e
df171c30
e01bf91b
150f1f2b
1c1d0715
edfc16f8
03fc1801
f2191313
21ff2cff
1b0c03ed
da09230e
f300dc1e
09112708
1cffe4f5
1712dc14
e8f8ebfa
0a1e0ddc
0d15210c
0f24111b
1de4130b
dbdce0e8
06d71a16
03f2f9fd
fd05db26
e7e01018
d2f20215
0dec1f1f
12f32213
e11af024
0c17f81f
e71613e5
1c0210e0
15deece3
e4dde415
efe3160f
24f6f3f6
251520ec
14dee8e3
ed0f2209
f6dd23ec
12f7f915
e607ecf4
e403de1e
f6fe0df5
cd0d1df2
2be11cf1
07e51e07
17210d1d
0f1732d2
ec0ccfe0
12d60d1d
24fee5f3
d810f3fc
d9f701ee
dd00fb2b
d6f51513
1901d6ff
efee3af0
e401dfe2
f51deaee
e21fffe1
ef06e502
1dd0f717
0f21e8e2
0e1503df
dbf1efe8
14e3eed2
131611fe
f600e4df
1a052dcc
05240713
3316f5fe
f7e8e0e2
10e2d213
ebf2dbec
d2041bff
e7fedbff
01dcfce1
fff5040d
f6fb1001
eceb0ce4
24fee7d4
e20cf5d9
02e6df01
e7dce403
e9e611ea
12ee1ced
0c200c08
0f06f9e6
f4e4d70d
f4d5fb08
01e7dc00
09e41be9
fe031010
131a0813
03ef0ae0
eaf90314
1eddf3ec
03f4efff
ebe2f92f
190300f4
171ef7e4
1c0d02ed
0d1f27d2
d9e71d1a
0cd5f9e2
e5dbbd01
d314e8dd
eeecde1b
04e10813
faf829d8
dc08212e
e0ddf630
e6f3d3fb
e3200de4
19f007f7
e501e31a
f805fed3
05fdd617
0b16d9f6
fd22e7be
dd02fe0e
eb02d207
181212d4
0cf01905
e10af1e9
e9eb1ffc
e6e8efe5
0ae0f405
d72c140f
26030cd3
1f0e1aff
e9f1ff05
f4d90ffb
ff09e9dc
fb2bfd1d
1419ceff
fb09eb0d
e7fd19f8
ff10f91b
efeccf06
d7ea19e3
03120a10
030dec0e
23e21727
fe07dfef
1eeff5d9
f41602e2
f4ee02dd
0ed8f6d5
f8f5e4df
ee14e409
17e3eb0b
eddce420
ecd8db05
d4e7ea2c
d7c61bf1
f91b07c5
010f2224
e921f00d
1cf7defc
eb15dfef
f0dedb1b
e4f6d7d3
f7f0e3d8
140e03eb
edf6e8eb
d91cf9f5
19080a25
05fd05eb
3001cbff
e8edfc05
14d6d407
d6e41305
d9050ffd
101b08ec
ed1de414
f2e5bbd9
2fef041a
150be411
1c0a0520
faddd6fb
e4f118d7
170bfcdf
dbe6d3f5
1ffb24f7
d9fedeea
db16fefe
eaf2e5fd
ccf5fbde
1f1131f4
fe20d8e0
f80a29da
fbf2f1e7
34e400f9
21e0fe19
f2161dd6
07ef24df
0e24f114
11da0921
13f4f70a
f5ebf90f
d7d5f929
1cf8ecea
13dd1018
0f1bdffa
db151319
f4f21309
29e20300
2e18fd04
f910040a
ed19e9ec
dbf2b0de
eb0520f3
09dc2106
fcea05f3
e7d2080f
05f110e3
d1db04e3
d0200101
1a21e8fe
21d015ff
fbdf2cef
1fe111fb
1f2b1206
1efe0213
110ff3f9
f014d7e0
17d907e5
e302efee
e11bfaf2
1112cfc7
0101001b
e00ee90b
c122df09
e5f9e4ff
e9e407ea
d2f7f303
d5110c23
fbeb01e1
231cf41a
011a0c09
d9c6f31d
0ae6d400
e5fcb6e0
17dae613
dbdaed13
d7efe5e8
f7e3fb0d
0212de08
feeafa18
0ed51fe5
dae50ed8
bbe2f8f7
e6fd0308
f623d7d1
eae5d7f5
eaed2617
e2d30ae8
14091e1f
e3eefe0c
dff50b19
ebdcfd04
dd1c15db
dfed2800
0d00261f
c7e5fee7
151bcc0c
edf413fb
efe70811
e8d91e0f
27cbfcc1
1e1818fd
ebf70cce
1b09dafc
c5fc0fda
02c0fe00
1bcbecd7
07c0ef22
ebf6df0e
dee00b11
10210e21
28ced4f8
0f11e2cb
0802eaf9
0cd7ffce
d82725e8
d5e1e902
05f1161f
fc03de19
27dfc5ed
dbd71117
cc0af4f6
dee8dbf6
0fdc13fb
09e611df
eff00e01
ffebf11b
0104e113
eb081e1d
f4110ce8
f1f61227
d9e5eb18
d7f4ffe8
fcfb1010
0debbdd6
f3e92027
ebee0b05
feeef7ed
e202090c
f709f021
08e2ed0b
24e40801
0922db18
1217072e
070d1200
1609ea08
f0e4001e
e8f104f0
cf240fd2
fec318ff
fefee7f8
f7e62519
cef5ef01
d2dfe420
d1e7d9df
ede9d819
1114e0ee
f22007c8
e7061ad9
f3e4ffdd
ffedea12
fbdd0203
f306080a
dcf60700
30f3051a
ede6dce0
d0030cee
0b1201df
e01bf1eb
eec121fc
14d7e904
e018191a
ecf4d0df
e814e1f4
b4de0f05
3310e8e8
d913edf6
f4f6d209
dde9f9e6
1112e2e4
eef8e1ea
ec05f2f2
fbe8e123
f111e918
d40adaef
f80216f2
ddf9e6e4
052839df
020dd41a
14eb0e01
dbe5fc27
0bfe02d5
151bf8da
feffec08
cf0d06f7
de1d19f8
d9f8f5d1
f5e9e3e3
dc23c7fa
111517f2
de0e30e8
22e6ecbf
f2dc1a02
1239fa25
d211d207
ebf7f71a
0225d313
f602fa3d
02031015
0ed72e00
e1e9de17
fd14e7fc
fa0ffb06
ff070e06
e10e0602
12d3fcea
c8cfe8e4
0bffec0e
06d6d309
fbdedbe4
fef5eb1d
130fff15
e3e5e30c
cd18d6dd
21f5f2ff
0515f1e2
d614e0fb
eeed1b0c
14dad9f1
0edefbf6
f2fbe5e2
0be8201e
ef050bf8
15c2140a
0d0105d4
f4fce004
1801ebe1
f6d4de14
1f0de4d6
f808effd
19f61aee
14030bd7
d8d4d5f0
d0fff0cc
11e3f8e8
04f0dee5
de13fd11
110adae2
13080aff
f41702e0
1fcd010a
f7c618ff
11d6f607
f607fe14
d7fddede
be1df6f6
f3d408d9
e2f32401
eeb618f5
f012f8e4
f4c6fdf8
e7e0e5ce
e80cfae9
01ffe7dd
f1051310
d5dbc7e8
0c1eeb1f
e2f02af6
fa19ed01
ebfa08e4
c0e9f4eb
e8eecb0c
07e6e5eb
d214f2f5
efd1e42b
d9efbc21
fbe9f7e4
d4cc1bed
03e9e30b
ddc005d4
d9d516ee
ece60bf4
e31ce8ec
e4f7e61f
03210df7
0319e910
e9dc3001
ea0517ff
e2d805e5
0ae509e8
cedb17f8
eceb0c05
14e60302
fb020de1
be0f18f6
0d17ede9
d71303e9
e1c6c01d
0abde208
fede28f8
0b05d51b
010fec12
161aea21
f3edfeec
c0dbf5d1
07f00c0a
dcb7ca0a
f707d018
d41f14d8
060ad802
e1e2f422
e11ca3fe
dbefeae4
0bd90ad1
15dfdd15
e2e4f91c
06bbe9ed
06dcefe0
f3fbd110
271f0ff6
2304f4f2
e9e1201f
c6c8dbe3
c6151d14
f1180906
17f0c6ee
ece2cccd
b80502f1
e600d4f8
041cdde1
1dfae0f1
19fc29e4
e314f9f6
31e3dee5
bf15f6fe
210fcb11
04100f11
ef0d00db
faeef9f9
fc2af413
d71be8f3
dde60314
0119eb10
fcd71e12
caebdfee
effae31b
eedff7d9
11c310e4
f3f5d5fd
1b1c2500
04f01017
f0f8f3ef
e707120c
31f11def
b80ceef7
df13072a
d715d2ec
03d810e7
cdecfad2
23e01d03
ebe0f0d7
0bd0e91b
eabf010b
ded1e21b
0bf9f4fc
1418ee1e
d2031bf3
34e4fddd
c31ffd11
f706f7fb
e8e2f208
e1f2bfff
e9d6e5e7
022c0ed3
c4e8fbee
2820b715
e81ce0f3
eb01e0e6
19f7f513
00efe82d
26b4d81f
e601f2d4
fb11da34
fa2ff8e2
1be3ee0c
d316e90f
c5f41ad0
1516e4e7
0de706ec
02070c14
1505d3b9
08060423
e315e8e4
f61bd4d3
ffe121d8
ed07e7fd
e4f8d9eb
22ef15de
b92bf206
dce302fd
e71e07d3
e2e6080f
d6b60a2c
0d04e304
c5db04f6
dfb8fff8
0cf2f31c
c9d2321e
f5ca06f1
092cf91b
04eddcf0
dbdafcdb
dee7dad3
f8ea0dd9
0eeef4fb
f6d406de
ea12e902
fffff8eb
e6f5ec02
04ecf721
d40cbde9
27f4da06
e619e310
0903181f
c7e2e6e7
dfe3d215
f5caf4fe
0ce61de0
f615ed07
ef13fc02
101ae8d7
27ede010
bb19e505
e40fe4dd
f6eee1e7
c0e3befe
0811f50c
ed16ef18
d3f50efa
07e8f119
e4edd6d8
10f3f2fd
f9f60e03
ffdfd11f
eb230efd
1edff1f7
24f6072b
1005e216
02f7e8f2
fce9f6fb
e2e81cf6
e60aea02
f5010bfb
17dbfe17
eef6f918
1ffe1b11
0fd80c02
17e20b19
2201f8e1
1e27e8db
07171fe8
0e14f2f2
ec0112f7
db0fe304
16e80c07
0004dffe
051618e3
e10803de
e6f0e520
0d191f2a
f3eb14fd
251f1ee6
f5ebe617
ee1cf1e2
ef11fceb
de1a0702
0115deeb
09f1dd17
0f171408
ee17dbf1
11eff71b
f8e92101
f3d810ea
f00ded13
e824ec23
dcfcd60a
031e0f23
161c29eb
e10bebfb
e2e1f2f3
1006dfe3
030a19e2
f11aec19
221508f3
14faf2fe
f5131c0c
1d1319e7
0d1bffee
0dd51415
fd0afe09
02f8f203
0af30d02
20e3151c
ef22fdf4
1bf7de20
22f00204
eeea140c
ebf32f1b
db2109dd
e506e7f1
f8d9f514
21291b01
0df0e9e2
1ce2f21d
170bfee6
ede729e0
001ef6d5
09111a1e
ef1a05de
0a161a0f
e5f817f4
dce7d5ee
041704e7
14232218
fefe140e
1ae510eb
070bf004
f2d5030b
dde0e2fb
f0feeaed
e7061504
ffe310f2
e4032112
dde9d8e3
e4001adf
2afbe2ea
1e140adc
1cff04e0
1a151bf2
22210f03
fd1706e1
09100b11
182522eb
f415ed01
130eee1c
dff118e9
e1f71124
0bd80bec
e1e206ec
1dfefe04
11f8f5fe
170425dd
0adff51f
f220140b
08fa181d
ea0c0be2
d806fa24
2117200d
ed161702
180c110d
fb0af615
0415021e
070cd507
d422f508
d9e50b0b
18140afc
eeed0d08
fef61de2
e5d40fda
efdee5ef
fae80a10
0bfdeff1
f6ebe8ff
160502fc
091703ed
07fdf2d8
f408ffe6
f7f7f003
2be417e3
1e221028
0508f608
05001ae2
ebf11b03
0bed1c22
141d0ce3
22edf605
eafef3f7
0f2e23e8
ec10201a
03eb1e1c
0b05d9e9
0aec1a1f
eaf42403
e8dcd4f4
daffd901
07f20a1f
1820e812
1fe5ffe7
1df11e0e
2a051cff
fcd415f6
14e916f6
02f5fce8
27eb0c14
1228e215
f229f608
0f15ff1c
ebdd20f3
0f0cf4e9
eaef0719
021e10fc
f9e6fb1e
09dfffff
e919d9ea
d708e5db
f9150ee1
0bf4e41e
f0140d0b
1512edde
140adde1
d905ff02
f11c0e04
e9061801
10e31716
05ecefe2
df0f031b
1afc0807
0908df23
0be1e406
29eadaef
1a1df2eb
100d1215
ea1cf6f7
1df911eb
ff1de1d8
d60e01f7
1c1bf6f7
20ecf801
12f103f6
1b1eed13
f0d9dd15
f1fefbec
e7e420f6
21010f22
df120bfa
130c0efa
17de13e8
d7f3e3ee
12ed0ced
e20bf011
1926dff5
1efffbf8
1ee9d70f
101ee8f1
e3fdfde1
19ecf905
1f132b11
1c05e1fa
1fda07f7
1d0d1014
0ee0070f
f8010fe9
19f51cfa
f20a14e3
02e1de04
1f0a0bfa
13f3ebe4
f5031be8
05e4ebde
f00803da
f525e8f0
f6f0f417
0316e8ea
0ffe020c
fdfe1efe
eef30bf7
29010de3
15e317e7
06d7e2ef
0a21eafa
1eef27d6
e2f3ffe5
f3fbd81b
020ef72a
ffddd81c
eb0de0d9
1b0a2119
e4ef1b1e
deff0100
1a04ea1b
ec0e05e1
0321fb27
f704011c
10160505
e9d9f802
02eff012
e425d6e7
f0f9e416
1a17eb23
1013f0da
df2b19ed
05efe41f
1ddc1d10
ec12161c
0af7ef1a
f3e6e9fc
161e1419
1fece7e7
eb1d08ea
f7fbebfc
02f0f8d7
ebe9fa1e
1b1ef7dd
1a0cfed4
ef032cec
e9e2eff3
ee231605
e51a0afb
d7250f12
eef2f112
0bf2e4e5
e4d5f303
13d4df18
1c0006e5
f600e2de
170fe4f0
14211c08
2408fc00
0a11dd15
1dedf70b
14dcf509
e7dad807
1820fe1b
dee1eb1e
2211e512
131fff1c
fe23e10c
150221e9
12ecf3e4
dc1209f7
2a0cebee
fe0706f5
da11f822
e510f4ea
e3f71bf9
1e201426
e8e1fee0
1f11f51e
fff4f8eb
29e0f4db
f00ae311
fe1fd902
f8e3f901
08edee18
e4e80b1a
ebf0fa05
220aea1e
1dfeee1b
f202e8fc
f4e32408
dc21071d
2d17ff19
e1080af3
0e1e17f8
d92819f8
d92316ea
1115e1f5
fd24f1da
05e1eee1
16f3faf5
09e6e3fc
f1ef01e2
fe1a04e5
f6d8181e
07df14ea
150ce2f7
131d17e3
1d14ddda
e6d40afe
f9f90524
0d04051e
27ffe3d8
eb1dd405
230204fc
eefd2813
f8100605
20171df2
0d24fedf
f8f31711
dbda1f1f
0a131625
e025f211
25e5ef23
18f209fe
0c0cfee8
23e4fce0
fbf90ddf
281ae6e8
16000eef
0517e7e7
fe08fbe0
e5021e0f
0818f4de
180bfdff
121c10e2
f3050202
12e20622
ff1a0de7
eae7f0d7
05f31ee6
0a11f31d
1501db2a
1eee2811
1819f51d
11fee6f5
f8ff0bf2
e1150f0f
0903dded
ed17150e
fa1f02ea
1afafe18
0a03d617
dbdc0ff9
0a1f1cef
18dc1dd7
e3ffe012
24ebd813
edf9f80e
fae3ee12
0bf7f7fa
171417da
dd0a01fe
20e60819
0c0b060b
f31c1dfd
df020f11
d60ce113
0317eb16
1010de0a
15fa17f7
09071de2
0cd8e306
0a1d0ae5
10012104
e6fb1ee4
0c200a08
16ecf816
0af7e50a
f914dd16
16ecfd1e
1f00fc26
ffd8f9fb
0ff61911
00e309fc
e206130d
e602f715
221ee803
12fd25ee
0bfdfb0a
f9ebf607
e1ec1110
e6f2e01a
111ae7f2
d923e317
020d010b
f3f80011
19fff610
e809f9f7
f21007f6
f7f40407
f417f217
eae6f5f6
13e3eb14
0efbf5fe
0b0bfee2
0ae11c17
14091517
df0e0ff2
eff71b09
e9200cf0
1906d4ef
f0f1ede0
dcf921f8
f7e50028
e1f315d6
12e8deda
05e414d5
2101f4d7
ded7eceb
27f3e214
08e218f0
d9e6ead7
27251efc
eb18f800
210a1c06
17e6dbf8
12101b25
e4f612e2
ecdfe8dd
2a2af70a
e1e5d50f
d9e2ed1e
edfbf4dc
0909ef1d
1003fd12
1e040d1a
fb00f2ef
021521d7
09fbfae5
0ffbd9ef
ea02ef0e
20f51910
e016240d
e903dc0a
e60e12ee
1cf41805
040febd9
d7e5f300
03eefef6
14da020a
10e9fce2
1de90819
e1f321fd
2ade0ae0
1dd719e6
26e6f5f5
1621d418
eb021ce9
29e0171d
20f717f0
d8d7fd1e
0315200e
001fee12
da1def0f
1f15f3e5
fce52418
f21ef50c
f9dde81e
0cf317ef
f0edf9ec
1a1adcdc
1be6fd0f
21e3f504
f70a10d8
1012f11e
fffd07e6
01dd010d
09e1ddff
271ce4fd
16e20214
f820e8f4
d91409d4
0f00e7d6
e4ebfb18
1ffbdeed
e61023f9
0614f115
08e3e3e2
0fdde307
dc041dda
edde1f1b
e81be1e0
0f09f215
f8eb111e
0b1114ed
0503160e
e313eee9
ea1ade0d
1bd8ece1
25e20f01
11021fdd
e006fadb
e6190c2c
e7e51ade
ed04e5ea
f915d806
0a0121db
1112dbff
e60aedf8
0cf7e3f1
e0fa01fa
1000171c
02fc1921
e218e2f6
f1060218
d4f2fb17
02eb25d5
09e5f20d
fc0b14ee
11121523
1ce4e7fb
f2ff1713
dc1b0b0a
0a04e612
ddf7e316
1ffeff1c
240fd6ff
09ead9fb
fa21f4fe
0af2fde6
190d0ad5
04f0f608
f0fb060b
ed0afbee
091ceae5
0dede8d6
ede421d7
02fdf0df
1a1c0204
0df3e1f9
23e7fc1e
dffd1a26
fc1715eb
25140bf7
0c0e0ef3
f516dfdc
0e0df614
28e003ee
eb22f0d7
d600e406
f4f309d7
e0d5d706
27e5fdcd
0c02f2e1
e4f41f10
d0e6d702
17ec0e14
d4ebdad1
f70e0824
fd04e7fd
f613c7f2
d8070bd1
f7d4fed3
fee3f913
0ed4ffff
0df7d420
11ca072a
e516e613
13f4fd01
19d3ecdf
f11dfe20
370eddfb
260bebde
e8d702eb
001d16f8
1ee1d8f7
d60dfcf9
f5d4ded4
e807dcd8
06e9fbf8
d818dff3
19e80dde
ffedf318
eb03fc1a
09d6f7ea
0bfe070e
01eb0800
cad0dc1d
0209f5c4
2adbffde
0618180c
f21006fd
0ff7d9d7
090ceafa
f3ff0ef0
f218d4f3
f212ed16
e01b1b1f
fecfe9d8
04f7f904
0013031a
0716f0eb
d2110008
faf1f222
2c19f112
2fe910ec
de16e6db
22ce0aeb
03180210
1df423db
e1fb0fe1
21e910d3
11f80817
07d7d12a
eb1a070e
15cfd8e6
f7e0efd7
1de0c7e6
f4eed516
e726fe06
0506fe10
01f404cd
1808e624
fc04e0dd
ffedf2d7
1dff201b
f4d9fbf2
d4df1907
d4de0a04
f4ffcf2c
f003e80d
f60cfeea
13e22add
dcce1ee2
e1d9f9e2
1ef3efed
10051814
e4fc1de3
ecd808dd
ebf5c6d4
dc01d9ca
ff0cf0ea
25f210ee
e9f6ead6
e9d6eac9
e4ffd8eb
24e41415
f4fb021f
d804da01
e3e518e7
dff7e5d3
daf305ed
1509cd07
220e0613
0c1cdef4
faeb2509
f7f9d518
f6e51d15
f41b1710
ee2509e6
e4171b16
da1c02de
14f10dee
e6d9e20d
161bc9d2
e2fb1d04
0603cd1b
0dfef2ec
3101ead3
350b00f9
26fc14f0
f909e9fd
0303e8f3
e40610f4
091a050b
fbd60fff
06e1d501
19e8ed21
0c050ecf
110f0316
e9ec1efd
27efe1fb
c6f4f7da
0a170108
e0dfe0ee
d8fefafd
1be7ff39
d8e1eef2
e4efc9d1
de1e00de
f61b00e3
f215e71b
f8e0e300
fe1010fa
f3cafa24
dff0cde5
e1f133df
1312f8d3
d1d2dd17
e6eac9dd
3cda21ea
1bd5e818
1af4f9eb
2bdbd00d
f9f30ccd
3a0803e5
1c0816d9
e3eb0dda
e5ed08f2
d6d70ffe
e1ebf515
0a0fcdef
06e8f004
d90ffde5
140b1bec
0befcc1e
00eb19f3
e6e30bf7
0b0d26d6
07f4f2e1
d51cdaea
f9fc1721
ebfa1318
1210fcee
fb17f1f6
e60dd9f3
d8d5d6de
1afa06f4
10f0bf1d
d2de13d9
cdf9c215
0ef010f5
0ad51b17
f4d2f80b
23d8190e
e8e917de
dfdd1214
0ae9f2f8
c9eb1ae5
16070bd7
12d7d6e2
e9debe07
e4efedd2
fbe50f16
27180804
eef4e6d6
f41e0d1b
01effdfa
1503ddf6
0de808f5
dcedfbf4
d7ebdcf2
e12014f7
f9f711d8
e8db0d1a
e8eb2412
f405f5f9
ea1ae125
dadddc20
27e80bda
09cb0207
d813dcf3
fedefae6
0217fc14
01dad4e2
e1d7f113
32dc171d
021e061a
13d0e7f5
050ef713
eafee51c
16e9e2db
d0fc03d2
dad7f900
dbd4f901
de19fd25
0b1aedfd
1902d2f7
12fed70f
d3d325dd
f20e1b05
070e07f5
f2d80006
e7d91508
e70ff805
cb08e8fc
dae80ff5
f4eddadd
0afffa09
ea0bf3d8
cf1501e8
dcf3fb10
1aeed5f4
01e005f3
08edde15
d513dded
e806fedc
05d1fdfb
c3d5eafc
ebcfebd6
d31cf710
230b15e3
fc07dbff
f3ee21f0
dfd6fcd3
11f6d000
1cfd02d6
1df40214
13d41c1a
051d14f7
f3dff4fb
090ffae5
ef05040b
f90f2322
ece2f002
19d518f4
ffdde31d
f0deef13
dbe3eafd
f816fc12
03e01b17
11d81a3b
07dbe6e7
f00e0e0c
ef14eaef
ee01ff18
f9d91807
f0fd1a0a
11d3e90d
fd130a03
1c051dcc
fed7ea14
f9041bef
0307d6dd
2601f3f7
d6d716ec
e508eecc
d3e51bd8
d3f20b08
18e9fceb
1415fef7
260f0121
06e1e8ef
19eeebf7
def4130f
f9fd09f6
231bcf11
0f1fefe4
14e4dcd8
dddbfbe9
19dd1a1b
0c291303
ef01ecfe
1c07f4e7
f1fce2e4
06e8e712
2df2e416
0fd213f9
f3031723
0a370406
e0e315d1
e7cf0602
ece1001a
e500d913
03011f18
d7de25e2
e5f90808
d8edfaf3
e9d6e305
161ae2e4
19f6dcd8
0ecee0f5
03f8201c
f6f7fb17
ecf80b0b
defff7d4
17f8f9fc
d9eb06ed
fdf0dc10
1507de0d
17d7c01d
14eefbeb
eb0fd506
d71ae205
e10dd509
e60c023d
d700d91a
1be00fff
f81cf0e5
e0fcd914
12e7fcdf
2aee0bf1
1dc70319
d4f01509
f3e0180c
f5131717
dc0f06e9
13d721f7
1314f705
e311fe04
131cf9d3
dff0dffe
fae8f1fa
12fd1ce2
e51dd8ef
f4df0b20
1c170c0f
ecd1d6f2
12db04f6
dadeda11
ebede3eb
ff25ebef
d80fe8ec
eaead6f1
e9ed13f9
dfffe700
efe1ecf7
0327feff
eaefcfe8
06c0d811
e9f908f2
0ee307f2
f715f40a
0afd0501
1ef30a0f
0d061314
041aeaf0
19f81aec
1318ea02
0ad8e8f1
faeafff0
191ed5d1
0debf104
08f9cc04
e6efbd1f
1bf41afd
1ae821e3
dd31fdf7
e8f91323
2cd3f512
d7d6e0da
c1ef1300
ecff2204
f8d811e6
feeaf7ed
00160af4
031c2304
fb0922ef
020309d1
d3e42bf6
d2efec07
e30dff18
ede3f2d6
e303011c
cddad300
eadbf5e3
f9f31513
ecffe0d6
e7ece2f8
03fa1edb
160b0312
0be3fe0e
0bde03f5
fce004fc
06dfeedf
ea0fff18
cde0eeef
ddd8e8f7
d1edf1fc
0a0dd9e1
e5fcf9f5
f4183016
e0f6111c
f0f00af7
21e10ae7
051413e8
f8d410f9
13e10215
dbd5dcf1
1cdce1fb
0510f3f0
dafe07ee
06060fce
e5f505db
f8f301e4
03f416e9
f00a21dd
ea081ee4
1f091bd3
f126e8da
ceddf0fb
01e81b0a
dff2dd0c
db1d1402
e718dfff
dae51e11
07e9d8e0
141814fb
11e809e8
0be7e4df
14f60fee
f0070805
fd21ea1e
01e9e0cf
e1d8e40b
d5071ff4
fde8db1c
f0f103d3
fa321915
e919f805
0a0eefe8
07f9db0c
da10efec
0cfbe1fc
e701e7fb
0deee907
fa02f1dd
ddf9161f
dae6e3e5
0ee129e3
f5e701f1
ff17e018
1512fc07
d2f017ee
dcddec2a
fde922e0
daf1e808
f3dedcee
d2101b21
18dd06ed
ed08e613
12f80928
e90d0cf0
f70b0827
f1ea0e09
facb19d7
eaf3000e
2a04db23
051ee6f3
1a14e6e4
f6eb06e3
ef1eefe7
dbededfd
060001f2
d118dc14
fc09dcfa
edf9ecd6
070fdfe7
1cf0f0d1
2301e0e5
eadafa04
e6efe31e
fe01efcf
d2f6fdfa
e9e8fdeb
05d9150e
e1fb17f6
e3eede0e
f8030429
f2d6012f
f2fad8e5
f4e5fd0c
18f1f81e
dffb080e
0afb1622
020ff1da
12fdf0e8
e2ef1adb
d2d81d03
f113f41c
18d9fffb
e2f4f601
e31fd517
111b17fb
df1e1514
1e12f4da
fb21efe0
fe002535
04f508f7
24d9cf0f
172d15e6
0e181be6
e3daeae8
fbdbf515
fe0de912
16111bd7
22fd0bde
d6d81e0c
03ebe31d
0fce212c
010bdceb
ecebf006
f4f5ebfc
1911f50d
00ee0fea
f3e70f0f
eaeafaff
28d4f821
f1e6051d
0e09260c
00dc1508
1cdc1fe0
24e7f21d
f3e4fd11
f3040305
e2141a1a
d6fb01f0
e521d215
d1fadde4
0905e9f6
eedddb11
040ad8fc
f21a09f8
fd001d00
0908070c
d8f6e5d6
1a0420d7
e51916ff
f70d070f
d9050c1a
1bebf5f7
09d5fdfb
e00cd503
1afdd3f3
e310f9f0
eee4f1e7
faf20816
1af016e4
10e8d409
04e7140d
11f40f1c
090de3f0
18e1ff0c
fb26cfd8
090cd7f6
131ff1f5
29d4fd21
f40a0be5
f5160ce8
fa06ef0a
03db18e0
e015f411
e7ed23ee
f4e7ea19
02e1f921
0be513e3
f1f7e2f9
ff20f1fc
da09051f
04d1fa19
1bf1ee1f
0c08d205
26e016ed
e7e2f410
d724f311
0ef90af3
f9f2fedc
1bf612fa
ffdf141f
db0f19e3
081ff817
11fb0b0b
2004e215
eb1ce616
151d0af7
1af91a18
f5f8e118
0cf8f4da
fff2f80f
f0f401ea
14e6dbfc
fa03e315
dbdef7ef
ebececdd
03ff0219
141e10e8
dcf70f25
22fbd215
d204fc0d
07291be8
ff0cfd0b
040cda0a
f1faf200
1dfcedf3
e31d11e8
f913d7f5
d8212106
0ff5e1ee
f7d8f7dd
e5dc0ef6
e301d9e2
0f1ae70e
0e1efaec
e9ebeaea
f30fe712
ea07e0fa
1bfa1104
16f11ee0
27e9dbed
2025f501
dcdde9e2
ed04e9f6
dce0d500
16f62514
08eb1d13
0706f8df
18fb0b1d
ee16f201
1f0d1422
fd0e02ff
f7fb0f0d
040bf6f1
df15e905
dde01a07
d9dbef19
efe9f00b
14070add
22e40a01
1af8f709
f6e1ff1b
1eef1ade
0efc05ff
1fee0fef
131dd914
0efc1617
d91a22fd
17e40df1
12ec1f05
dee10c1b
03fd020b
d4da051d
dd1be71b
1cf5f500
02efebd8
e504f813
ece4ea16
ecda0c0c
2a0a01e4
2012fbec
e3e503ea
1115fd09
0716f611
0e0b1ff1
efe91404
0b130ae3
0f1ce3df
20f516e3
0ae823e7
0110fbf2
120ae212
f3fc24e1
07f31817
dce30c03
1a1f1212
130c15f7
13140bef
e122ec03
2517e204
d71b1701
f1f60302
df20db15
dd081712
11fae417
02df22f0
eb07f1f8
0eed08e3
fcfc15fb
e7df1fff
ddf20fe7
ec07fcf6
0a041b0a
dbfa06f0
04e0160e
0c0c07de
f6f0fa14
0423d720
041aedf0
1f22ea11
18e4e00c
05edd822
0b120d03
f9030e20
1cece901
ddd306e4
06f404fe
24fbf2eb
e8f7eaee
f401e300
1cf51325
2406feea
e71710fa
f9f8d31a
f407e3ef
d3221f0f
f80101cf
13e91cde
fe0ffd1d
0fee13ee
f8091dfd
df06ed01
f8f7f6f8
13080b03
f5001209
eb03fa1e
e8eff6f9
f005ef19
dbfc13e5
2006fef0
21e7020a
e105f5e3
e300f1f8
f80f1ee1
f6ecdeff
fd09d91f
161e06fe
eddaea19
15fbe4ed
16dcdadd
1a24e107
f01913ff
06f915fa
ddfdec14
f40a270a
12eee517
101ce117
24dde503
e3d5f41a
e3f5efe4
0d180203
d7f21618
2426de0b
00eef608
1e2125fe
1a0c06fc
eff2e7ff
d705eb09
f90de4eb
ddefe417
0405f2f4
0ee3fce8
02edfff5
fed2ed23
1bf80113
f0deef04
fb1a0de8
0907231c
00e3f70d
10f718e7
1de70cfd
ddf3f2df
ff10160f
edf6e8f4
12200ff4
29e3dbe4
e5130928
e4231ef1
fbf2f21a
fd1ef217
e0de0107
ee061921
f321e412
2013f0fa
d707eee0
142616ef
f7d9e9fe
db13f207
11faf409
0002260d
e3ece20f
1cf50f25
ed14f406
df24dd29
f8ea131f
00ed17e4
f6de26f9
e70b1918
03e0e004
e305071c
0adefee4
1017e102
1b08f719
ddf4fd13
1619e213
1fede0f4
e422f61d
0c17ed11
dddc2022
0fed0e27
0afcebe5
f5fde1d7
16e9f2f1
1ddedff7
f6e829e6
1af6230c
e1fbe306
e51d0eed
ea1416e5
24eff311
f5ff0324
f3e80d0a
09e31de0
16d509da
25e6fee0
0ce4deed
de1c161f
eee9ebef
dede0920
19df1ef0
ebfce323
031bde05
e3e0ea22
e2ff22f4
11d82712
fe130813
1ae0f0e8
dd06daef
f4220613
0ce217dc
0eeff81e
02dcecf3
141301d9
e3ebec12
2bf0fcf2
e2e51de1
f3dce8ea
e3f7fd09
db1112db
dce318f5
191aede4
e2dde90b
12ec1cfe
0ae0fde2
1702fee7
e6f414f5
ea23f6f4
ff05ebe3
f11ce5dd
18d924da
e721eddf
ece905f2
f2dbffe3
0d10ddfe
f9dffe1b
23e5e721
e009f713
17fb08fe
0510f80c
e2f1e622
f521e9f2
0e05d709
27d7182b
03f1e6f0
16de181b
0feffe1a
f8ee000b
f7dce226
12f2f919
11df1b0d
1bf607ef
faef130d
e4fe13fa
d9f61aeb
ea18eb08
13ddeee1
0b0314e5
0d1d1ff6
f2db20ee
e9f6dede
e6071be7
21fa0e15
f715f6dd
e90bf907
f9ea1fed
26e6e2e3
1416fe16
fb2107dc
f31bdb15
210a0509
0720f0e8
1a000127
f8f31804
1deaed06
f10d02f0
fc12f308
f10de5fc
1ef30eed
10fff3e4
dfeb26f3
f81705ff
17f92615
12e6ef0b
041de81d
e5f3e2db
13f5240d
e6ec150b
dae00dfe
09061c1f
14dc02df
2e22211f
eb190b25
250f19fc
23ffea1b
09001a23
fbec0715
f52124e6
08011cea
e8e8e71c
e8e7e7ff
0b191713
2820f810
06031ef5
1ef7ef02
dc21f11c
e2d7cf0a
20d4e409
f1fde225
ff040d12
fceb16f0
e712f114
2800fe15
0bfcdb0a
0f1c07fe
ebed0d1e
d6db0f07
f2e41dea
ebd90ff8
e0d9011c
03e5e905
e917e503
02fd15e0
1beff7ef
f5ff22f2
daf413f8
e5d506ff
f5090dec
e513dfef
fa1ee3fc
dafcf809
fcf01e08
010f0105
232405f6
180ee403
e8fc03f9
eaebd31a
fc040e1b
0a08f5ea
20f6e31f
ea200be0
05fe070d
221ffee3
f91fd4e6
0fe911f3
ec130311
f7f911f6
07210a1c
21151e1b
06ddecde
f813fcf6
ec0c1cf1
e5e81a1e
e411f914
0aefe4ed
ea191211
081f2afe
03f40413
d9030beb
12122603
0e05ee22
1a18dd21
0816e111
e9e5080d
dfe7f8f0
e0d5e013
ec0df90d
f6fc08e6
e90c23fa
fdfc17f0
1413ec04
04fa1d10
0102151b
0910fdf6
e5f4dce1
24e802de
111c1cea
00e6e523
25e20625
fc13ffee
0ef4fefe
d7dcf213
162729f1
e1fe0ffb
e818f7d5
1ce10cf9
da08fee4
25e712e6
e7ecea20
14ed07dc
12ee1407
f4eefd0e
0412e4f2
13eb0804
10010a21
17fb23da
1efb22ff
e4dc0f1a
1604130c
0a0905e2
ebebe5e0
f5e7e1f3
1defed13
1112d70e
0419f821
e1f1dc16
fcfb1017
f2f6d0de
dff7fd11
0e04e1e9
011eeddd
fd1cf60a
f503e7f4
01ea0e18
e9070d02
f1daf1f4
21f5ed27
251300f1
1c15e6ef
000a1624
f9ee06f7
e205e600
1b04ef23
fce60f07
1909e320
280cff18
fd211e01
16f91d20
f5d8ffe4
13ef0de0
f6f7101e
1004ded4
f60d04f2
f517f3db
1903e4d6
150f060b
0c07faf0
dc120a1e
f1ee2115
060724f9
d9fde7f9
de0ff7ff
11f6f1da
17dfd7dc
d0dffb0c
25fd13ed
f4fde9e1
e6f306f7
17f712df
f40dd5e0
021a0bed
fdfafd25
dde607f1
ef23e9db
fbfa1ada
1126e9e5
2125f409
18fd03fc
fd050107
0cedf7e3
f81415e0
f91dea0d
f412170e
0c1e1f07
e3f825fe
fa01100e
0ce70d2c
f8da1112
0dfe1cfb
00ff20ed
1c21f705
f7ea1e05
16f51729
1501f00d
01f71518
f02707e1
e0fdf317
0901f104
0105f10b
0cfdeb0a
1ceae5db
190c04e2
e714221b
20140cff
f4e4f515
f6fc2f0e
04260402
22e3dded
00eaf819
1add22fe
0bdc0722
e50e0cea
0de212de
131914ee
fde6f70e
f7fbdc0f
110b170a
23fdfb1e
dc0a1e20
01170309
f31ada00
ff02eeea
dd0cf5f8
00e105df
fd260c11
04f50be6
1be8e7f8
23e3ebef
0507ed14
1b201304
eb1d1e1e
ff0818e3
17f1f214
22ede409
e1f2ea1f
dde61906
e904db24
01f3f4fd
081323dc
22fae7f8
f4220d19
280ed807
270af309
15f20d25
1815e4ed
0f08201a
fcf6e7db
28f9e2fb
eb1d02f8
20100de2
18ea2001
ec25e002
eed7f2f1
feeadbf5
091dfd18
fce9dbe2
100dde16
03fe011f
f50f1022
f1ffff0c
0f19dbdc
e7dcfeec
e213e7f6
e5ee11fe
1feaf922
04e5e114
e7e50af0
ed23fc11
eb15db04
1de6f409
21e4f21d
f41ff117
e2f0ef07
13f6f8dd
18de031b
26e2e4ec
daf4240b
e403df0c
010120e9
0aefe602
21eb12f2
17fadc0e
19f91c11
10f014f9
e9e11e07
1cfff2fd
13fe16e8
1319291b
2605fc26
0909e000
1a1c0719
f9ff0bf2
20f0fde0
e910f5f3
01fc16e1
1a20f6e5
ea23031f
1e02e5fc
eb200a07
fe121df9
14ef20f3
edefe3f3
e2f40cf0
e8e320ed
ee241eec
f5f80c02
e9f6eb24
1912e200
f722e7e8
01060522
0ee4de01
010507f1
ece8fb17
da1fede3
fa08f2fe
f0221517
dc120bfa
f42619fa
1a121dfa
171e150e
fc03fafa
dcf0eaea
f322e4f9
fb131312
000cdc0f
1a08dcfc
e222e1e7
ec170ef8
0ff60a22
f1df0f18
fefd2513
26f027fc
090e0de0
1504e81a
080af8f5
f219f3e8
fad90f1a
faf5ed00
0bde261e
dff0ef10
ece0dc1e
1a04ed09
dfe02100
06dd2216
04f8e71e
0413e6f6
e91ffb0f
eb0df0f8
0df50513
0d19dfef
f322f8df
e4f7240e
f8f90803
0c091ee5
13f6f30b
f1ffdb0e
1fe80312
e810e101
21fced0f
110fe810
1ae4db1b
1517f1ff
fb0e181f
dd1febdf
1e1afe21
1af9dc0d
f3e1fb05
12e70824
19e1f2f5
fa0cf010
e4250423
f31c06ea
efeef6e6
0b26fcfc
fb14e51d
edf6dc0b
eedd0320
03db0419
fbedeb25
dff226ef
24082608
1f06ffdd
e608ff15
e2201b07
0628f21f
0514eaf6
e6e7e1f1
071e0fd8
dada07e5
eb171b14
15deedf4
12fa0ffb
150106e5
24e70b00
fbe1e8f2
14fef825
dfe1f0ea
17161104
e6e1efdc
15ddef24
ec181510
e215da1b
110508fa
11150b0a
e709fefe
e20204e2
1ce413ec
18ebec07
dcf50119
06f21d17
f0110113
06f9080a
041fddfe
dfe006fa
24dc25f5
fb1f0c08
ff0814e0
15262306
f31a090b
010a1aee
f30f02f1
0efee5ee
1c160af3
27da000f
ebede4d9
06e7fb07
f811f423
def0ec14
1ff8ed1f
f722f515
e41af9f9
f322faf7
2026f601
0425f7fb
e1ece8de
e3dedce1
120b0d29
08dff70e
15ff180b
07dee600
0c18ee1d
061a0ce8
1e0922e0
eeff23eb
f50bf0fa
09f82312
e2ffef0e
20e106e7
1de218fc
0de4281d
00f7ecef
f418e624
f0fd12fd
1df2df14
01eee401
07f3e6e9
08ebfb0f
26f2f80f
1ff4fc08
220c0b18
18ed22ed
0413e5e5
090e1f0a
d921e5f0
e00816fa
21fcdeef
01e2e1f1
dfe8f011
0213daf7
f8ddf3de
10e3e018
221827fa
f3e31c06
f4db0c10
e7d81713
f104ebdd
e003ffdc
e4f0dadd
edf1e219
f509e3e3
20f715e6
e50316fc
fbecf919
ec07260a
28efe2e7
f1032302
2218181a
1304fddf
fa1a1809
031f0223
f819db07
e4daf211
1dd9011e
1d0221e3
f0ecdddf
08db1203
08200311
eaefedff
0706e4fb
e228f9f5
15eeeaea
24eb1316
26020310
f40f2215
f1ece3f6
ea02000f
24ee02f2
d90408e4
ff0aecf4
f5061d07
1d1602e7
fdebe3e7
fc1106de
0912e018
13231110
1ef503e0
2622eaf8
e618e104
02fae7f6
0b00f5ec
18d61716
20000b00
2101e7de
f5ef04f2
fefd12e2
eddd2304
ff1005df
0fe01df5
202bff13
22ff0c0d
eb1b040c
04e4e6e3
03ea1b08
011adcef
f519ee07
f61aee1b
0fdededd
01e01213
ff28faf3
e8ebdaf9
250bfa05
df15ed14
f50df502
23ed151b
0012010e
06fef404
0aecf11f
1ef90d19
f804de06
ffee1bdf
ea0d07f2
f7171d18
ff1fffdb
e2e0eaff
e1dae423
dff52516
dfd8f916
1c120809
18fffeff
f6dffdeb
061710e8
1b020a1a
eb07e2ec
081de523
10ee20e1
15e8f305
f4f8eaef
22e711fe
ea1de90f
0b0506dc
ed29fee3
fe24091b
dfe01911
0d1e0404
e0e5f1db
f32409eb
e9180c0d
effe1c13
e021150b
2914dd06
e600e70b
ec1303f5
1ee12617
e2ff0bf4
1522111d
0ae91be6
fc0d1012
e40eef0a
f610161d
dee6140f
edf71b0c
1a18dcea
ed131e1f
10fb23fc
fde91606
e1f1e50d
e1f523e4
1321e517
e7ff26e1
fa09de0b
0325dc19
fd0ee4f2
25e703f7
22f4f704
dc10e1f6
201808e6
e9eef9e1
00e31fe1
06e5f7f6
19ea00e3
2019ecfb
fc12f4de
f802ef1e
1108e7ea
17fe0604
00021ae1
1016e7e4
fa12dc19
f6eafde0
0bef0918
101d1df3
1a12de24
defd1e1f
ddfc0b1b
2105e611
e0e806dd
e1e6f80e
0f1f1efa
ec1e19e7
26efdbe1
1ae71b00
e021f225
16fff5ed
26fae8f2
dbdfe0fa
ed222107
1ddbd800
16e2dcf6
dde4221e
ef03f6ec
0ff0ffe2
02190be5
e31cee14
2522ec27
15e7ec19
eeeff821
0e20dbf8
ef07e3da
2007ff26
eb1f1ee0
17e61218
dd12070e
eb09f90d
17f5e923
d820dd19
23ef12d7
eb2718e2
f7e1f0f8
e51305f6
100beb0e
230521ee
e0101e1d
f3ef1efa
1de2ea20
1af60405
14f921fd
1d181af9
d7f618da
140e1f26
021e0f26
08ed0c18
e4dbf4f6
1bfaf0f8
d6f3ed23
1b10fbdc
e8e9fe1b
f414e7f3
00ddf119
0ee1f612
1716e616
f2f702ec
ff1f0924
101eed23
052204f5
1420fe1e
eddd0f18
e2222319
f200e311
1ae3e9fb
0d2928d6
e7e320fe
031bf012
e100e6fa
0ddf221d
e807f006
161b22f4
eaf00121
02e2f413
f7f2e206
dce501ec
2103f702
d709f3f7
ebf3edde
dfe111e9
12ebebf4
fd13f3eb
ea1cfddb
08e707ed
0d18f118
1afbf520
e422ee03
0915101c
1cddda00
1cdde20d
24021cfa
0b04fdf4
e0070204
22f5fd1a
1f22eff5
fae12422
22e1e816
fe0421dc
1213fef2
02f9e4d7
142521e0
f90d0d1a
0510eae5
fff90ff4
06e3f30f
0f0303da
e3000d09
e9fe2712
14fcde05
e6dee4f4
0e23e0f8
e6ea0c1c
fef4dc0c
03e12023
0519d809
0004ef20
f9202203
e4fffee5
ffe223f7
1be4dc0e
f00af9f8
eb140f01
1af6dc09
1bd822fa
fceeef1f
19f31913
e6e8220f
fa1707d9
28fc08ec
1df00d1a
f31ee20a
defa15df
05f813ef
2109e712
e6eae109
20e6e51a
d9171c0a
f2eee91e
081113dc
12e6e40f
1323e51c
2513e8e9
defa25fe
0bfcfe16
ea1fed03
e6fc1817
ffda030f
e1f6f2eb
e7070124
dd19ea0d
1210d9e5
272022f4
12dd0a02
0cfe0218
04e1e605
feff0a0a
1be510e5
fe25f2e2
e7f0e512
ef1c11e8
fd2324f6
fce51b10
25ff0c14
0c21ebdb
0b0f1ced
e7e4dedd
0be81d20
e3da05ed
fce6f504
01071ff8
17f4ec00
f5f2ecdd
171e0de2
1303e512
da0806e6
f5eb001b
db2015db
1b2012f8
1de104ec
f7190507
1ff91c24
d7eae8e4
fd15fbd6
ec0a0ce7
eff2f5f2
01da0b02
1be9f0fd
e1f4ecfd
ebdb18f7
11fd1ef5
dd1e02d7
dff413d7
f714fb06
0d191edc
f319f013
2601dfe6
d6eae8f2
fb15f9fa
0bec19fc
06200af4
20f4edf6
17f4190f
dc19edeb
00e2f0eb
e319fb11
09d7df21
dee518ee
0d0c0afb
0405d7e0
e3161af7
15e5f9da
1217d6f4
dcff0bea
1520f6da
ec03fef9
031de4db
0aff0e18
11e8f9f5
16f0da20
f3f5da15
0014f1e3
e405f9da
f9f1e818
eaeffbfd
fa10f7f4
04f01209
f904e2f8
18e9f50a
0c161fec
0d17f30c
1edd21eb
07f9ded3
13f61529
000f1af2
10ff1211
06f0f012
1400d9f0
14f70cdd
eff7e400
0e00e50c
1e1efcf1
eb081a16
ea0ef8e0
0217e0e0
fb17231f
dae1181b
db0deaef
e509ec08
e809e7e6
1710ec09
daed0c0f
1cfa04f0
dcf8d400
e012d8db
e6f52313
00ebffe2
120bf4fa
fc18ed05
0c19e0df
17f6ff22
e72006f6
d5f402fc
f0f813f8
13e81214
e311e1e2
dce0f5e2
ec0ffae2
f41522ea
ebeced09
e2010021
f8d71cf7
fe1a1afb
e7d7020c
e61edf0e
1cddf9e7
0c0ef2e1
05020c20
f0dbf00f
fe02eeef
11ea091d
fadde1e9
04e0051e
e3f518ee
031516d5
0cf3ec11
f9d5d518
ebf3e60c
02daf60c
f91ff6d6
080e0bd8
fced2d16
dcfe1300
031801e1
09e2ef19
1e121905
1e0beb1d
ddfa1d20
e5fce8e5
fbe00cea
23110123
1ee6f61d
ec1ee4f4
03e81afd
19e621e0
10e408d8
e705df06
f6f6dd19
e401ddd9
1de5f015
0e1501e9
fc08fdd3
ffdfdc0f
07020d1d
1efbf50b
12f2fb0e
f9e3d8e2
0f11f8ef
22de1809
db0424ff
11e80cff
dbf1f403
1d1fe7f8
df0ff2f9
09e803f0
04e31819
f30118ea
0eeff9de
e9ed210d
1022ecf1
dee6eafe
0e0319e8
e220f8da
060c18fb
16ed0ffc
e91be2e5
defdef18
f41e06e7
fefeed08
1d05ee19
121c000a
e5e80e00
e9ee1ad3
deefe624
eeea050e
ff11e203
2921f3ff
1efbdbfd
daf023de
fa05eef2
e2e713d9
d604f0e7
1ff3eb0b
f01ee4f7
d600dd0b
f3061bf8
070b0c01
02f220f7
eb010111
09210501
0b18ed1f
e5e7131c
dc0ef7ee
e8f1dee5
f4f21c23
08e8ded8
111320fb
0afde107
ee0eeee0
e1e40c1b
1c1bffd6
dc0a1600
e8e70515
dfe90415
21fad6dd
f01c01f5
0406081a
1e0af81f
f31523fc
f108dd10
dcfe10eb
fa0ff300
e4e61d0a
04f30d13
d6201401
e203f618
d6e4fe20
def220eb
0aeeee1a
d320f2fb
f9e925e1
fc2123ee
03e6fed1
eef7f01f
e9041917
dfe10c0d
03210407
e6dc1e0b
05071a19
f7d61f14
f2141af5
0521131d
f70415f2
ed0cdb0b
16d91cf1
f5f403e6
fbd6f404
0cd9f10d
e5e9dedd
dbf6de06
ff1a1719
d7f8df04
e4dde7dd
f9030612
0602e5d6
11e204eb
e8f8eed5
dc1fed05
0dede308
0ddbda1a
df17f3fd
e8dcd6f9
12dc0726
ddde1bf5
dd2106f4
08dd0edc
ebd920e3
df09eeea
1518e519
0fedecf7
00dbf519
d8f7e517
1d06d8f3
d4080af6
f4e4da11
0e1ce30d
18e7fcfa
090b011a
0f0e0014
f40dd606
e0effb0e
dbde17ea
04e4df05
d7ddf6fd
13f90f08
0318dbdc
ecda1219
f0db07d5
f2d6f208
1702dfdc
08100f03
20e71c1a
0adeed01
edeb21d5
ef03f20e
e722fef9
efdaeaea
f6eefa1c
fbd6eade
dae6dbee
eae5dcd8
e4d5da13
1b050113
e40effe4
020bf4de
17d6f908
e0e717ee
07e5fd04
f90bfefe
031be721
f60ae0ee
e40e0d05
fcda150d
ec1dfa12
1c0619e3
f0f603e9
06db0212
dfd7f5fd
211d17f0
f1f910e8
fcf1eef9
0e16e507
1fde0403
ffd80e15
f7f0e704
06d719f2
1b1b0ae2
f4131e0f
0c0c1f07
09f4ddf1
11f1f5fc
e614030f
ff160cff
1cd91de8
26eaf1f0
ee23df1a
17241ce4
dfd80ded
11fef31b
f2ec0ee0
f3ff1ddb
e5e6f930
e404ebe5
05ecdc17
05200904
1af203eb
d720e10a
10fc27f3
e9051ce9
f0f81112
e305efe1
fb0e001b
e9f10e02
f00efe03
e61123f8
eaf2ece6
11e71009
e4dcf4e5
ddec07ee
0de8ef0c
00dff30b
dde6f4fe
16e6f21a
0418e500
17e1f1ea
db1504ee
ebe419f1
de00fc0a
20ebfced
ed1c0dfe
ec0717f1
160b041f
0d1be2f4
ffeb030b
151af215
1404e5f4
04e114fb
03f91c0a
13e9f114
d8f2ecd7
e0fbf203
080ef422
e50614f8
03e31cdd
02ef2004
1fe9dd06
db0c001b
1f13130d
dbec1a03
040101e1
ff1e20e7
13fa1cd9
12fbdcd6
2007e501
22f7f811
05faf922
1a19e219
010d15ed
f4ec1fda
2201df1a
07f21303
13e1f3e7
1de2f2fc
2303dde8
f1ec01de
e002dc02
d71f01e7
1be223e1
ea041e03
ed061707
f0081f02
d6070b19
f50bdc0b
f5f61922
211ffcfe
0affe4da
dc1dfb0b
d82be5da
dd1ed6e4
f618e10f
0e0e1bdf
dfe7eeeb
d6150b02
22db0ee1
df1aecd3
1322fa0b
e4eff210
f9dbe816
001916fb
e9d809fe
0906fdd9
f8f1230c
29fd1e0e
0809e6f8
03f1d9d3
ef11eaef
04051d03
0cf62318
f5dd1ef4
d8f40e06
e0f70efe
110114db
140f1e16
151602f2
1f19eff0
1f02fbd9
fde2eedf
ecebefe3
d713f2dd
0910e405
0717ff1d
0fd9ebd5
10f409e8
19d51d10
f408d6fa
ec11ebf7
21e10ce0
ec0afa13
12ede421
08e30722
1b060c22
fcedf906
f01d02e3
d7120317
13dee5f1
ee0d27ef
012216d6
05e908db
0ae71bf1
d9d41bdf
f0eddfff
ee0412f1
ec19e503
fcf11d04
1b2231f0
e217eb03
d7f8e715
15db18f3
f6ec131b
11e502ff
d504071a
0b14fb23
16d8fbea
1fe803e3
f2fc0dfa
13f015fd
d5eee4f2
0a10d612
150c0be3
1e0726fb
071af30c
e91af601
1806f6f4
22f8f80e
de1608f1
df15df17
221cfef2
df031518
1312f715
e309eff8
e8f6f71f
131be4e5
0a1fdfd9
0018ee19
1ef310e9
e3fdf60f
0edff8f7
f1efedfc
f7151205
fd14040e
da08eddd
e011dc21
feddf21c
f1180c09
15e70d0d
feee15ff
0f0cf10b
081bfa0b
1e16e7eb
fd24edde
e8e1e401
e4ffda29
e7e019ec
e7eaf5ee
140eff1d
e10b001a
1a1b06d6
fee216f3
fde8ef04
e0fcdefe
e0e9f6fe
0d21da19
f40200e2
1e0e1a0a
190221f2
f2f6e8ed
ebfd0eee
20e7ff02
e418ea12
f6fc20d1
ebf607dc
161e0efd
06e2e7f7
fddb1703
0b06ffe1
1721180e
f614daec
d91b12fa
04d8deee
e90617e6
def9f3fc
f2efd7e9
de03daf0
f6dc05fb
efe916d9
08e10b0e
1202e1ed
050fdc19
f6101ee2
0bfcfa22
26ecee10
0eebf1f1
eeef1c0c
04daf50f
1b09d804
fc0bf009
1dd7edfa
f5f10b1d
04fbd523
14d80bfd
ed131c14
1def1019
0ef607e4
05e100f4
10f6fe02
e71a00f0
e0ebf5e1
20f909e5
e6e1ecdf
0d00e7f2
0be90b15
df09f00f
f3180ce0
d3d8ea12
e2fefadc
e1eaed05
eaece605
00ed1600
e408df08
d8dbe7e9
03dc17e3
0efedffe
f10fe920
1205141f
001cddf2
dffb170f
eb0e0e0b
180ae9e0
03d5dbf3
e3ebf2e6
1cf80720
120eddf1
fa1df4d9
07ded7ea
fee9230e
f2f0e7f9
e2f01307
18e9e513
15ef05df
180bf320
0502100d
f5ecfb21
ede102f4
18e4fc0e
1af71af2
efef0904
21ebe5d9
e2241e02
effc17fe
faf10c19
edf4d20c
180d030e
e2de1ded
0e12f4e2
e7141920
0814f9f7
f11a05ed
d80ff319
ec12f1d5
f3d620fe
13da1cf1
daee1fff
fc1b00dd
23f9f2fc
0913270f
e80910e1
f90ff80b
efd500dc
2a16f4e5
070dde20
e60e0818
1e25e1fa
f8ecdbdc
f503efde
1afed618
fdd704ff
04041a09
02e92cdc
f30eff13
df141810
fdd80bdc
1803fe10
d7e22119
1a1c0309
eb13e7ea
1e1ff5e3
d8dd17d8
e8f1faec
e103e5dd
ed12e2e1
f4e603f2
1f0117e1
e3fc0ff9
06dbdc13
17f30725
e0261304
04fa22dd
07ebfded
f7f215df
1f19f8e1
f1f71901
f3e3dbe0
00f71b0b
01e51c24
050f0df6
05e20f09
ed0c1ce2
dbdcda1b
e5f62502
ea01e41a
05f4f402
13e0ffe2
00061cec
04f7daf8
19fe15f6
ff0c100b
fbf5fce5
1df21d07
e620ea11
d5f91d13
e6de1a1c
03fc00da
faf5fffa
da0a0306
f0eb01da
ef09f513
1ddce915
ee0a12d8
22dc041d
d8dde2ec
09d7d5f9
ddd213fb
27fcf80d
000f261b
f60cf8fe
21f0f0ff
dee8190f
12daf4eb
d715d3f3
1bfe0409
e0051eff
e50c0c01
11dadd1a
021ff4f8
2120ee12
fff9e90e
e3f306de
ffed0c1a
17dbe1ea
fa1ff0e1
0406e10d
10d6e6e6
001d01f2
2003f6dc
e8f4f419
df10f5ef
f4d40e05
fae7f70b
f3e3d81f
23ea14f1
e224100c
f4fe1ff1
f4e8f3f8
05de19fc
2002050d
d6fceb11
f2dbe219
dbe2eae2
20e5f4f8
e806e704
23201c10
0f0b22f0
040af1f9
23f0dbe0
11140efd
18f9da04
18f50119
1efef2fa
f9e60bde
20141dff
1f11d51d
1212ffde
f1f0ecda
e404e2fb
152116ec
d9190013
141c03dd
160c060f
f00dd5fb
e11ef423
dd00ea08
f8e219ed
f104dad5
0e1ae3eb
0713d4db
010efff1
03f7f10a
fde82807
0ad62000
e423d5f7
0ff11dfd
ee011e0d
dc0818fa
1ef310f2
0e17161c
111d15fa
f6e7f017
08f8f2de
eae6ffed
f4fd18f3
e5fcf7e6
1d02fc00
f7ecec05
ddf32209
ef1f0adb
fedf2601
db1707fb
dc21150a
e312050e
18e6def3
1be6fe0d
1210e7e8
1efb0208
0f0c031c
e116eef7
e0fbf5e3
fae503fa
d8071cf9
ebda04eb
ff1f08fe
e60815e2
d81fe101
10fbe1e3
fcf520e6
22f51e01
1a01f5e0
d4df11d4
140722db
e414ee0b
1bdb09e0
1c01d4fe
00fee512
f3110216
f61c08d6
0509d31e
f60c0fdc
0306e102
eff8000d
e5dd1beb
fa19fee6
eee9e00e
e3e7e220
1316f703
ed14f020
19de10dc
ef011ce7
e8daf117
ffe2e4df
06f51420
12e1e718
13fd1d1a
04f1f807
f31cde00
f7efd5e5
21ffe801
dddaf7f5
fffef015
281df5fd
fbe8ed24
daeafdfb
deeee4f1
e91fffe8
e7080ff8
0608f2e7
09eb0c22
1e11d7dd
09eedad8
e72818f0
e1120fff
18eb01f3
f11ff50b
0523f924
150ff3e8
fd2501df
e6f8f5fc
f41319fc
071eedff
fdfad706
dfee06e6
ea0af4d6
ef191f1b
051702f7
ddf7dbfc
e50ae113
edd6dff1
19271fda
f7032309
071afcee
e50fdadd
17e01ee1
f5012816
150824f8
0310d81a
04010fee
160903f2
f9f5f9f5
14eafc01
e414ff21
02d907fc
e1f8200e
ed0afd17
16e31518
ef06e4f2
0be0f60d
df0a141b
ef00dce4
14eadada
0c0eff12
fb02dc0a
f30302df
20ead6f4
001e2001
14df17ef
d9e5ff14
2806d800
1b1425f8
11f012f2
dc101403
0005e1f8
0af9de13
0fe00219
04f8db1e
fa22dd09
111504fe
ffe8f2da
1908e2f4
f7f9050b
20101ffa
f6f5e204
ee180f0e
e118e9ec
160b0504
eb0edbf9
1edbdf04
ece6e315
2a0fdd06
ec04e51d
0dfadd00
ec15e711
dc1af401
dfe5ddf9
0402fed4
1aecde1c
021de513
17e9ecf2
0c16150a
f7dd09de
001cdc1b
e7dc1514
ddf5d409
1119db11
f1f114ea
07d6fdef
15f0f1e0
ff03ed13
e4d812db
e1fd1001
fe1a02ed
0ed8d910
0821f41e
dedee8de
e00817f0
e20cde1e
15dae319
16f1e5fc
1eeee422
0d1319f8
0aee0ef0
e01b11ea
2018eefb
eb1e18eb
18eced0b
f7d6ee12
140de2f2
fef21bee
eef1fc09
191b0af0
0f10db1a
0d16fc17
17fd0f16
effef801
0ffcfad3
1e19e8d7
dc1fe7db
dc12ede7
eeebe70b
19f91911
101eed0b
e3f4dc08
0427f3e4
efe11c06
0c030ad7
031d0d08
1ded16dd
f8e203f3
f314d90f
04fd15f3
07fa191b
f1070aee
efe41713
ed081ce6
e0ebdbec
10181ed1
eaf4010f
15dee61a
18f31216
f9e6feff
e6e6e718
dee8eb03
ddef1c07
eaf2e8eb
110f1a07
ebdbf6f8
d51eef14
eae226f2
181ae1f5
ee0bd70b
1be90fdc
dbfadbf1
de0201f5
012921f8
e3f1d80f
170b0ee1
1217e704
d40d0311
19f506eb
fd08dade
11f72019
dede0cd6
1f0ae0d8
111713fb
14d4e7d7
1b1314e7
17f4e623
dbd70bfe
03def2ea
dae80812
03e9d3df
1cf822f8
0be4f7dd
e2d6fb09
e0f70202
fd17e6da
010e2507
0d04fdea
1cde0dfc
d9e814dc
2216e313
e5edd8f1
f617121a
faf3ed0c
180e250f
1ddfe1db
080edff0
29f60b1c
ea09dfe4
18e6d5fa
f6e5f6eb
09e7f7d3
e2dff31f
1721d40d
ded40613
f90ce9f9
02010025
f4e8d3d6
d9f8eeea
db140202
f5ee0210
0effff0c
0f13ef07
dde5e20a
15fd0111
f4020704
14110fe5
f60bf91d
ea1eeaf3
fcf4f70e
08021cfb
f5e5eaef
01ddf0ed
fc01efed
16e51aff
f912e41b
150ce3f4
10d8e4e3
eb12e5e6
fc15f21c
17f2031f
1613fe15
dcf5e2e1
db060708
040df722
e9191611
1d160cdc
e6f5ef13
fce0e3df
220e0d1e
f9ea2601
e20d0d19
e7e22201
f4d71e04
00f210fa
f0e8ecf9
eddffaf4
0e09fc20
edebed10
010100f1
eed719df
13dbe520
fb0906ee
21da08e2
f820eed5
f6d5e2fb
0cfe18e8
e4141518
131cf41a
f1e4e104
0209df15
edd8f4d7
001f1619
e8181f18
d70d061f
d9161e1b
d907ebf5
1c28d6e8
f0e80008
12f9ff01
fcfc1616
f5e202d5
f91b1a0c
1c14e6f5
f0e41318
14001307
0f01dddf
dcdf18da
17e7f503
05f00de5
ded5e9f3
e91de21b
1f13ea0b
e6061f0b
fefcfbfc
071f1bf0
15f5f117
1fe10c07
edf816fb
f9101909
e0d40fdd
ed0d1809
e91efc21
e3230413
0de5f4f8
e9f9f2de
0b131005
ec06ebfd
ebf4fa11
e1211b1e
fce6d914
15131cfe
dd1d0ff2
0b0513d7
ea05e019
160d1900
09d61a23
122106fb
e5eadce4
e21d14f1
e0dff2d8
0110eff5
07d5ecd7
270de618
fe0f28da
1ddc14ff
1eebd801
1af213f1
df05f8d6
f6e1ee1e
1df1d6f9
1cfc06d7
e4ef2ae2
e000db17
f8fae319
3219eeea
d104ea1a
f1ef2128
db0be601
f546de01
01e415fe
ee2809dd
e2030019
e210fcfa
e10000fa
f7e9eeeb
170f25f7
ded5dae9
eef02606
251b2310
07f1fff7
2d0cdcfa
05f6fbd6
ef071cdd
edde0f20
020605f6
d7f5fc0a
100dfd15
de0ef206
1bf9f61d
ea46e8f2
37e91201
101411fd
e6071b29
f7dff709
2a152614
e2e9f511
0aedd8db
1902ebfb
16f9e8f1
ffd8df0e
df010a1d
f20b1ff9
38ee01f4
e3f70d10
201001f2
f7f3de02
271ef5e7
042addf0
e1eb0604
eff70b0d
0209cfec
09f61def
3b04d9f5
fce514e8
07f811e8
f3feda0c
0222f4f1
3005301c
e9e3f8e2
f5f0db19
f30f01fe
210f0b0e
e0fa0623
e3150fea
1e2715e1
10162f1c
e8edfdd8
dc05170c
37d936fe
fef609d6
f919d52b
19ce23fb
28310b0c
c1f20f1d
f8dcfc0d
03e02ff8
f204d5da
ef09f9de
f90b1d1c
e2021320
0819dcd6
fd0d1fe1
e80af016
05f6e721
44f211dc
14f9f0cb
f3e50612
f9e9f5d5
e8e2ebec
130c0a04
f510f3f6
1759f709
f70a1d04
12250f16
2af1f5de
d3fb11ec
dbe5f6f8
d80be6f1
f60c0d0d
e51efedc
151bebe7
e1e2f83a
0b15fae5
fa0c0ed6
d1ddfeff
00ead9f8
05dfd5f2
fe07fe08
3303082b
e408deef
260523f5
151506e8
11faf7de
dc1109e3
ee1a0cd9
1906d918
0fec1218
170cda01
27dafce5
0128fddb
0200f1c9
e90bff1c
20f81ef6
1afe0219
0b07ff12
e20d30fb
131dfa14
1dea1cda
dcf400fd
e4e3f7f1
012ae7d9
0519f4da
350426d8
161eeaec
ecf7e8ea
d9031cff
20f4f9f9
da1615f9
db23ec14
1cde38d5
021dd1e8
23201b26
15df0dd8
c8f4e5e9
eaf8051f
11f803fb
f9050109
ed03fc0b
2502f419
f0dd21e9
0cf80fe4
1408d20c
1602d614
17e8d41a
07e7080a
25ff0e0f
0602dc1f
ea29e210
f9ead9ff
06e4e101
ffd52e07
fb13db1b
e6ff0f04
f71104d0
11fc001b
02ffe8e5
e2e9f5f1
fbfff5eb
f9f4dc11
f1f2e20d
2705efd8
00071ce4
0a1c063f
e8f5150b
e1e0ff09
1502dbdc
060c12f6
fedf0dde
fae9ca00
eceed4e2
0de1e4f7
07daece8
1202f72a
e4f40fe8
03da07f9
db10141b
e5fee0e7
f916f8f0
f0eb11d3
181729f3
f41617e7
44211902
e701f9e1
14e513e3
0711feeb
dcee1ae0
2af2dd07
e3170412
14200e0a
fee3d5f5
fc171bf7
d8e708f1
d40619da
f51d1d29
dc0cf0eb
dc24e30b
08e009ec
fe1b2df0
fd10e7f2
d71f1011
080d230d
dbdff41a
03180c10
ece0f018
1f1f03fa
f6f00aec
c3e11ad4
2121f8ec
f917dce8
ee1502ff
faffe110
1a2a1edd
e206e51f
d1e6dc1e
f5ed0304
f5f0f3d5
f6db21d8
eb1af91d
1d0702ee
fc1f1afc
ef0be7fb
dde219d5
ebf9eb00
f3f92121
2713e4fc
e9d50701
30fce818
dce0f8eb
0ef6efdd
f422f6f4
181604e4
1ae910ea
e902ff02
fc0016fd
dfdcd9eb
1cf3f4fb
2300ea0c
daedda1a
1a2d19de
28e706f9
f0ff21f9
08d8d808
06fdd9fe
22ffffdb
fe1000fe
e2e8d5e9
e3e20ee5
0933031a
08300a02
daf21205
10d7e718
d3fef5fe
e206f7ff
0d12f614
fa360bec
f10fe308
daf718f4
e2eb100f
d9e7aef9
f5f9060c
e6da0ce8
10f0fe21
08f5de20
fbe4e618
ef09fc16
ef0dd6f0
33fcc6ff
22f1fa0f
dc0613ff
0008e6dd
e8e2d612
e1ebffe1
fbe9f02c
0afbeb08
0610fee7
230d0be6
23111818
ff1e0e1d
e102f60e
e52bf5f2
d600f110
0bfe2016
2cefd6d6
fc0ade31
f9f71ee6
f4d2e1fc
0cca1815
11da21fe
06e7fb0c
fbdc13eb
ed0be202
0ad9e81e
f4f0fffa
1306f006
e9dd060f
051a1907
fc09d6e2
1717f001
2cebf803
0fe51b01
32ef08e5
dcda08ed
18e3dbdc
081ff5f4
e3e8f4e2
f7160f11
06eef5e9
d8f3f3e6
11df1a24
ffeb0319
0306f1f5
1c381d0d
dffcde0b
fa0218e6
ebe522d8
1bfee1f8
03d611e9
de081614
ff12e614
d6fbe4e7
e51314e4
06f923f2
db0ade0b
f804dae3
f8ffe4e6
e803e502
f018e017
071add27
f015f22d
f61b0fe2
0f29f00b
ef04ecfb
fdd6ed1c
1ad6f80e
0a091618
f100fa07
190c0d0b
e528ee06
0cfe22f2
0702cff7
f4ebfe0b
05e1e3f5
eae31e19
ece70409
221b06d7
0b040815
f613ebfc
ddfd1428
0e18f9ec
0317ebdc
cbcedcd3
16f5d815
e8f1ef17
e9da13f2
fdd8092d
f9d8161c
ece8e708
f1f90b17
ed1ae5ea
24fdeff0
fcf0fde8
08f80be7
160306e3
e1f4daf3
fb22e500
1e27eb02
defa16e2
e5e20c0e
122000e2
00ddf8d5
ef0309de
e4d6ea0b
1c14fa18
f7f5202a
20f8e5fa
d51c24fe
fffbce16
0b330528
211614e6
f4fffa09
e3f3ded9
f61529f2
d8fd19f6
1222fd16
0d1107d3
f0150923
06e9edba
b90de3ec
0121f8e4
00f3121a
f4140cf1
100b1fad
0304ea03
1df6f4de
0d0a0cf9
0dd20b1c
fc18f908
dcfcf513
c0011018
ea2aed13
e2d7e827
be2ee204
11e41914
0800ee1e
0006f62d
00f5e014
0ef9cf1c
02240d16
f9f913e9
14e3191d
2212e911
191306db
f1f8e1f6
22ef12e3
c506e425
00d8dfed
1d33e4db
101be713
04191ef2
14e5e8e5
0dd7ea0e
ebe10fe3
03fa08f4
1dd2f817
15f4ebf3
eb1715df
d6f915eb
21130e17
f402f2e9
0bb0e8f5
e028e21b
240c39f7
04e4e4f6
e20a240b
e3ea0ffd
fbdc07e6
03171411
de20ef24
1b24f008
d90e2003
1e010f0b
1017071d
08e4ebfa
1d1407df
02dcffe6
1b04ddd2
1b191c0f
0e071c33
eb03fce4
db051623
ecedebcc
ce100b0f
fedcebd9
0003d9df
03f707e7
e52bf4d6
170a08d9
1b0cdc02
ed16d806
14000110
e0d5f50b
d10f2113
ee1805ec
e6011015
dcee11fa
dd1d02f8
0e05f3e9
0c2af41c
1a13ec15
fd34fbf0
041ae8ef
120cf700
eefbec11
e6f5e3da
33ebf013
e1e20a19
11ddee11
f6e40df6
c6e5edfc
ed0a1be6
1e31ea2a
f408131d
24051b1f
1008ecd5
eafbf610
d9f805f6
f90af310
1be9e4f7
edf2f9d6
dc0a1914
1efe21ec
0b16eb14
d4ed3232
fa01f2e9
fed5dbfa
f5f302d6
daf3e01c
260ed91b
e6e004e1
f803f0ff
12ebea2d
ee09ea07
10f2f20a
fae4fed0
f516f4fe
f7e0210a
11d31b14
0d27d90d
09f7f9ec
09181ed8
d6e50c0d
d2f8e806
eaedfedf
02e6f4f7
10e6fbe0
e4f5f115
0b05d6f8
0efcf2ff
ee061fe5
d72c25c1
f0fbf819
0720d7e6
0debd1ef
dbebeaca
1911efe0
d11ef1f5
ff0aea23
1ff5cd10
1111f20c
24e4d6f0
2320e1e9
fde90202
e014dfec
150f0e01
ebf1f326
ee11e107
ffe7f70c
eff92ef5
04180408
0b02e5e1
04f9150f
efef060c
e3d503fb
e8fefc17
18050a20
e516f520
f60ffd1d
1d1dfbeb
19161ed1
e90aff02
ecf21cf0
05dffb15
05e1df1b
ede60efb
380909ec
20e2f5f1
0c12fc17
ebe2f11f
f8faf0f5
eee2faec
eefc18eb
eef3e7e7
f1f7e3f7
edfae6e3
10d20421
22f107f0
140beeec
07db28f7
1309d72e
da06de1a
3e08f4f1
1224f2d7
1a001e1a
e3fbee09
f00ff635
f919102b
0541dfc5
ed1e31f5
d81509cd
da04f2d8
eceef614
2cdbe1de
fff9f210
ebf23cc6
12ebfeff
eefa00ff
0fff0c04
23d8c3e5
edfd211d
f7f4230d
dbeb00fb
0cf8f7d9
efddd935
12321fe3
03f8ee2c
d00b4149
f9ecffea
cd31db38
07e81314
d70c1403
261e13ea
24034903
20f8f9f6
f1d5d907
e62fece9
03e70ede
e117ed30
d1fbe91c
1930e91f
0f0de0fa
4edf1a1b
faf1ef01
e6dadc02
eff9efe2
f301f414
f1fbfaf2
09e5cc0f
23120008
1fec17de
3a060216
fff00503
ecd2d8db
d8160e04
e83715eb
36ddf8da
f13018ef
e5e2d506
04ef05e2
0aec08f8
2bdcfc10
1303e2d6
15384509
f138ed2b
d826fdeb
390d0916
fa15feed
2df6fd36
e40cd2d0
0a1fd81a
00162c51
04190dcf
05070c1a
e93018f6
030f1fec
20e624f5
31deea01
e6ddd4dd
14013804
03e91602
161b0c0f
3124e6eb
fef3030a
e219ead7
db0d30d8
e31bf811
211df8ff
fb14de31
09f3f922
d7ebe32c
d7fc1023
1924e31f
13ff1336
20e61005
0717151f
16120c23
352048f9
0d171d0c
f9d901f9
01fc22d8
2dea3707
f8e8de0b
d4db0a37
1839ca16
17f8fbf7
33fde5fc
01201bec
ea18181c
dfddf80e
14111deb
13c8f613
051be813
1b0d1ce0
0401f4e1
28ff0ed7
fefc0f01
e3e01f1c
df1dfe04
0a2f2814
1fd8d6f7
f903f3e2
04e4f222
12e3eeec
21e9ee14
01170f03
e60bd813
1415fd1b
033ff216
080009fe
0a1e0d30
2c2f1333
12000321
2019d71d
e947212e
15293044
081d0b00
dbdb19f1
f420fb06
3a41fe0f
ddea1908
22e7fbef
e20000fb
102df82b
182a0a05
2f1f0000
ed05fadb
e2f70102
0615da13
09172ef6
d625f627
0407fc0a
f7e7f2ff
f5f70c12
ec341843
fff00733
0001d61a
0b371a01
1deb170d
0e3ae0df
38dde00c
fd0a2a2b
291f041f
fb0ff731
16100ad5
28ce09f1
dee4f723
cd020e08
2637ddff
112fe300
f0ea1213
0115ede6
d4dffd24
da1724da
f2f2fef4
e505ec1e
fd13f204
2609f91e
0d1d281f
f6f624e0
f611f032
ff0eeee9
010efc2f
171503d7
f6ded91b
f6fedfd2
f31de70d
f1dae81b
0afc0c0e
f9e3e20b
0ff2020c
f5f53f22
2124f202
fe30e042
e910e4f9
1521dae5
19f7d72e
e2fbea19
db0be12a
0a022d26
1cf0eacd
0dd9ffe3
f53022e8
e702e7dc
f40e0814
340bcffa
f3eddae4
d34124f3
2befddd5
36e9de14
110e02fa
fde0d92c
14f1030d
cddb4312
1be1ea37
fa030217
18171216
1726080a
24f51029
eb0ef039
0f1b111d
0af81ef7
e8fbe610
eacbec17
24f314f0
06de0303
16e904e3
10e806e0
e20b0311
13f20ae2
e410fd3f
edddf01a
0732dc21
2d0620e1
1ddefb19
1f12fefc
28e4d511
fed6defb
11ee16f2
14dce924
fdded318
0e2ce0f4
321e2cd6
1103e407
221a0031
f103fff5
ede9d313
240524e8
1903e3ec
1f1d0fe9
db1f0d1f
ed1e0804
02fd1b03
0a12e709
162c20ef
eafffbeb
1a0fec0f
0ef8192b
f1f60a1d
15f5ee16
dcf8e6ff
05ebdf11
2519e723
c6d922ff
0d0b1606
dfd5080d
061304c8
df3ad612
20e2d5e2
eae4ddeb
ddfaead6
111c20f5
0d0de31e
0b20cc24
fa0810f7
0a0fccf0
d405f4dd
f7e405ea
fc09ea02
ff061be2
fff003e9
e30f141e
08f4fd0f
f7e40425
2a0fdc07
db13e8ee
f706ed1d
0af3f2f5
0b1efce8
09e71409
1dfa25f1
dadefeef
031e19d5
35051816
d0e8080e
f4e9fa18
1124f2fb
e70605d7
16fffa23
1efe0402
f3d507f3
e6e6dd1f
efd813fa
f1dde61c
1c080b10
0403e302
12fd181b
0bed18d9
1307eb2b
f9da0100
f820eef3
29f025f3
030f0c18
102704e1
120ddbed
05dbe102
120ed406
3fe6f8f5
fc390919
07f32221
0016f0fe
d90c1931
f8ec0632
00321ae9
17dc0df2
f6dd11ff
c9fafb26
dfe13a38
df1cf8f2
1a050700
d42c0bca
fb1c0efe
d816ed04
03dcfd05
e1090cfc
ff20f12f
2637160b
3b00df2c
151824fd
14e9fa2d
eb0f16f8
dc041ae2
d3210af8
1bfe1c09
f7fcf9fe
db0e16f5
11031f0c
181003fc
151901eb
03fd1d13
14e6d90b
1ae705fd
08df2700
e2e30302
061b271d
c40116e0
dc23ec13
3c170fe4
151d14f8
f3f40a2a
1e3edc22
eafa040d
42f9f408
231b1fdd
ffe2e2e8
2006ec1d
160d23e6
2409dd1a
f9e3e610
2726e2eb
00092fe5
f1e30a17
e207ea01
dd240603
f8ebbeed
02021b20
37d5fa17
ed2cd9dc
eb0bf3da
f6f8ca0a
2414130d
1ceaf903
1c110406
e32411ea
e8121a28
d624e326
f6161b2e
fa4514f0
241118e9
ef0609dd
021b0c32
e104ec16
f9f51ef7
ebf019f9
ff3bd3e5
ff0fef1b
f30824f8
05e71cff
221b08d5
083b3ce7
fb25f6f1
0be4ec26
0f0a09ea
0114013c
e41c2015
13e826fc
f6090afc
1d3635d6
26db0d32
031a16ee
fb0e020e
f7ee2732
d715da03
1d200b3b
1bf32302
15fbedfd
29020ad7
e90140e8
241cfdd6
16feff1f
e71706d5
30150120
d61ad614
ea03f308
1d3de917
351c0eec
fe140f4b
0e0e0fe6
181c20f7
1d0a03ed
1412e1fb
e414f20d
0fffe7e2
f723d4f5
f61542de
1ce5f9d9
f2de090d
eeff03e1
301b092f
282542e7
1de40b01
1523ec13
001816dc
f4131fe4
1902f0ee
25e3e4f2
00421020
e41a2700
19f0e031
d612d7f0
27fe28ff
321603f9
2fdc0b03
1d0df9e8
07f3e00b
f622f917
091813fa
16e6f41f
ea29c900
1422f2f0
dafce60a
3c03ea0a
f21f0014
04281b0b
2cf6e80a
12f1132e
1b403703
dad505f5
01e11ddb
1a042a13
f412f513
ddf808f5
19d4150b
231106dd
0d330801
fbf8092f
f5fc2036
fc3bec0f
14e6032a
0b0c19e1
26ff30f8
1ce41407
32dd2ff4
09070900
060017fe
f80303e3
0126e319
c6061e1a
e83fe626
f82e0214
09170f04
01d80616
f71a07f8
0cf6e414
ef1cedd5
e21204e4
fd0224f3
1005050a
33fb0c0e
fbe6111e
efdf0b1c
06e704e4
fffef42c
f02c1add
f90600d6
ee1bff16
2023f402
dbe1dc08
3eec1212
470dff15
f72112f1
022cf610
1423de27
fd1d1d0a
e6d9111c
263e0831
1beee029
e51b0af0
ed041b31
c7fd052e
d50efa2c
0c201f06
0111d8f1
204b0213
faf116fa
12fff12d
1b2102ed
f22e2efd
3bfaded8
0b12fb14
e1324304
1314fcfb
e9ef04fd
f7f60edd
4318ee2e
d6530502
ccffd62c
33eb360d
fb200e18
2a142d27
ec012016
f51ff52a
05dbeff4
05e90f1a
2320f30f
0c10fd1b
1c042705
0b0df0d4
ff260bee
05ed420d
f9fbe407
c60a0228
eb16b924
031afc12
1cf9030b
2910defd
2810f50e
1e050fff
f3deffdc
f3d9db0d
0ae7ef0c
fc10eb16
11141af3
f51d0ae1
eadf3a1e
e80b06e9
06350f45
fe16f616
14e51c14
102e02f7
29ebf613
14ffd81e
00fcd62c
38e60900
f523f4db
f50f18e2
0cff1667
0533ef44
2a05273d
244142f9
36181ef5
fc4bd8ed
e93f1518
1cdbf544
140fdbdd
e2060f2b
f955d9fa
1139f01b
181230e3
26f9f507
05de130d
102a200c
16411519
13f9c524
0d08f2dc
09120f29
041a13f5
d42afb0d
2533f41d
db2c23ec
ebf90934
e73929e7
1e041d33
f92a3a3d
1f230cf7
352c024a
021e0210
132ae1dc
150a291b
0d11122a
4a0d1be8
bb070006
e72d1ef2
55f51118
1948122f
fbee1243
f0280dfd
202d06ef
08e61b2b
081313fa
1de505e8
fcff1f05
fb1f15ee
f506f504
f6dcf008
1937f2e5
26103320
220f10ee
3dfe0530
0f1efb10
f9390914
37063b19
39daedf6
13141e0f
22eaf415
0201f108
13f018f9
2aecef32
e21908f8
f329212a
1423eb24
f63e271c
240c1c32
13113c20
44091afc
ef33efed
0246fb2c
10e03440
272a0ccd
fcfa3107
1240fc05
053f26e0
fbef0ef8
250bf309
f515f9e7
dd3712ee
16362ef4
1adfde01
160d07d9
e1e3ec08
e4ef0f11
11f9fed9
eaf80f0e
fb4133fb
1617053f
daf23304
0d30f11e
16e62e41
0f610d2e
19ecda1d
dcfcf548
0212db04
4fe43d00
13d30723
67ee170c
ce1dfeed
f036100d
41ed44ea
ee442525
eb081a1d
0631d217
34152b1e
061b1542
f3f4eaea
2af4fcf2
f2fafeee
eceb0fdc
dbdbdbe7
1409fe01
1a3febde
3920f91c
0618f0f3
f8f02b03
f233f4f7
132500f3
082645f5
32f6de1f
de21e316
0de6f0e8
07eff1f7
0fe90e28
330bf837
102313d9
f5170f01
07380926
ed43e415
3ef5e81e
120b3a34
3420f323
2ef81521
3427f91f
0fe85151
0f4adcd5
eaff231a
08201000
162914db
e6eb1c25
01f1fdfe
f5381cfb
1e1b4100
3d452fe8
15d3ec2c
171007f3
f403f407
ee16dc10
f1dc4a11
fa1bdf05
e8372d23
2017d637
1d3632f7
e316011b
171a3453
df19e129
e212f420
f7fb3326
0d2bfa21
2dfa0cf7
15e7413b
350230da
ed0109e2
fa2a0a03
3f013fef
022c302e
ec15203d
eb13e31f
f82bd922
24f4e939
21ece2f7
0f0c0900
e2182b06
eae40c16
12cd0c08
d90e091b
27450011
fe1326e7
fdfbfcff
00da0b22
10c5e617
d93bd33a
f1021aef
46eae70c
f62604d9
2516f1ef
1315e3e7
38150f0c
2af5f5fc
e939e50d
0ffe0901
e2f94d12
1e301f3e
fa22ff25
140307f5
3a08e40f
f63ff701
1348ee16
1006e345
fb111bf7
0be91920
1d29eaf3
f70cdef0
20d74305
0d021425
05f1e820
f2483503
4f0cf9fe
450bccfd
0d0941f9
f200d41c
e9000aeb
ed1b26f8
210e2223
f72b3606
0f0f2108
e7e23bfb
1526f949
090f1d2a
f0581132
232a0c0e
d8dff122
16fdfcfa
4eef1e10
fada1c2f
48161af5
dd00fff7
f72e0be5
3b323622
0a32e85c
e101eb08
00400e34
2625e8ed
0adee626
ff0ae7f8
12dfe9ee
e310f908
eae2ed0a
dae31de1
1df015e3
273c110f
2f10ecfc
fe03230b
edf3213d
18fc24ea
fe130240
07472b19
58dfdaf5
fb4120e7
210dec0a
1cf718fa
f9f5e823
3c051c08
0a52f8f8
f62b07fb
f5ecf63f
df24210c
fbf8f641
41162717
ff11f70f
05241700
ed10da2f
e1e22f20
defdd9d9
0b29023b
0641e3e4
190ff3f8
f80e46e9
01f0292f
0409ddfe
f3482fe2
2e351c05
2423e600
0b2719e5
02f4c000
f1fdd9f6
f219f315
0f103f02
d9122f20
33faf345
29f21dff
173cf241
f4eb1a5a
38562329
f417fbfb
22221e0a
e1cc0eea
10eb14ee
07f7f3f7
4cd92bed
e725e101
e0260116
2e04380f
f9edfc24
0f13def5
1d2ce71a
2f3c06dc
1cec080f
282920fb
24e8dffd
130af4ee
25d1fbed
ea1dd92e
ea0801ea
f72eee16
52e71bf5
320510f1
f0fff41d
e300e9f0
3004ca1a
244123f9
2c18fa01
f7151fe8
25e90f1d
e6eed0e3
3af4012d
341307ff
e245021e
de2b320c
011c273d
0909322a
090bfef8
3df83403
1ae62117
34310e01
fd26fb0c
f0e3f93a
e71b05e4
f009011d
1f0bc8d6
1e40f522
08f1031a
2c270a1b
d9e006e7
26244ee0
492b1dfe
0811e23b
dd1a1e13
1508ebf7
1cde12f5
06043202
eb0b27f9
2644efe1
180e012e
371d19ef
f90cdf4b
300c0129
d940241a
09e81f3c
fa16222c
db16f6ec
26da1f09
0dd617ff
14e03be3
bcdcf617
04270a08
160e3cea
f9f92026
0c1213fb
ec1ec90c
2410dd10
e5ecd549
3ee416fc
2d22fe2e
ee0cfc06
e2031313
eef80313
eb0ae7ef
ef131102
23f6fb05
2eeb16f9
040e340a
f7101efb
0f3bde1e
4a39041c
2bfdda13
1f260ae9
1b03f6e8
f0f8d9f6
1e13e8f1
3d181536
030fd80b
ff011ceb
f8e03c32
d8330c39
20023008
4727fe1b
0ae701e0
de3e1114
f019de36
fb143216
1b1a1d2b
0901f02a
e32d22c1
f04518df
eb073409
25f9e0f8
151401ea
e8134459
2338020c
0409d7f8
e73555dd
080b0f32
1220ffe6
1805120f
20f8f82e
ea031ee4
f9dde133
38e32d06
ee1ee609
4f2b171d
ee29ff07
07141239
e428ec24
15cd09fd
44143d1e
3ef61e0c
f8e836e1
f1d8e202
d4243312
44ea24ef
dc13083e
f61305fc
121ce3fd
3835e513
1c1ff31a
120822f1
1a05f71e
f3e51418
dbd0f20d
07e4f9e1
e61dee1d
1835e6dd
40090ffc
0531dddf
f71c2a40
ee433e1c
3cfbe50b
0e1df7ee
350d0adf
1b511bec
e4221507
0014251e
0909032b
291dddf9
fd2d0ed7
020ef7fe
0a121d2e
dbeb1bf3
d9e01628
472f1fd3
06d7fa0a
1e23d513
0e34f730
e8173009
da0a2029
091c2509
e9fbcac3
f945fce2
0518f9db
27f2e608
f0e6e4eb
dc502711
37331e04
0c12effd
213e1b1e
ef1505f1
efe5d9e5
17032f01
26f03405
e31b1b19
21fbfb18
21df2de4
d9f8ef17
31e73d47
e7580a3d
f3f3231a
05eafafe
fadadf1c
0df40529
3d20e336
29ff1413
f5f10f03
0001fee4
222afd1b
032ceb34
eee6ef0e
eafe0522
f40ada00
1cf5db3a
0024fcff
4b00f3e8
efcfd6ee
28e919f3
0a01f4f6
f5181224
210fffea
17ed29d6
1c1712f8
d6df073e
07fd05e0
06f910fd
150b0525
53e6ed0b
261bfeec
dfecdff2
161b08e0
270add2c
38fcebfd
203b0ee8
26071ce9
14ef1018
1024141e
ead80f3f
20f8080c
ecf3dbe5
ee04edff
eb1b113f
eef11605
e2fd170c
e2f21e45
eb09c6c2
0e2906d4
03f3fd12
efee1b12
f1eadf00
eb332ef7
54211b12
08051029
d016130b
ff0c0019
e2ede2e0
04e12519
16ea3637
031d1ff0
fff3e644
34ee2f13
e300dc12
1be70751
cc16f03f
07eb2005
e7081114
f106040e
1d243d1b
f81cef17
fb1234f5
e407ff0a
e1153127
0fe712de
190f3008
f0ee0323
1c30d129
d70afd03
0219042b
35ed1e18
41100fe1
e5e9ee14
f7d303e0
1ce8dce5
f11e2713
0d40e3f0
f0feea1f
12e90103
cdf52c2a
f8153303
ccf8012e
1d362005
4df1e0fb
f2030121
0909ebe8
e50df61a
f21cfb1e
3217e11e
e832f805
f9260706
1e1c3df7
100aee2d
2ee5fe25
16041444
fbfb2209
1c050d0f
0f0f2807
df0bc8f7
ea22d4d5
02dc2431
231ff54e
1209ee15
16ee3607
2ddeed02
0bd6191a
0b1109cd
33f615e9
ece7e203
322d1b0a
14020215
d9f9e0f3
dc1419ef
da37fc0d
f6092dff
f7011ff1
c93011fc
07f6dc16
fc3f2434
ef2ae0e5
10f7091a
d90d2e16
f2031bf2
1a2937d8
d7ecf1e6
0ed7e9cc
0af5e3f5
da2df40e
f303d5e9
e6f71ef4
d1f7e1e7
1900efe4
4100fdd6
dc15f300
0bfbf324
2eeb1d0d
e40e1b10
071bebdc
16f421f1
fef3f50f
eb3d0be7
d2d423dd
18e20d0d
13e809de
f4dacc03
fa1d232d
1718280c
2aeaeffe
db0de2dd
28e5ea21
0bddf20b
1ff412ec
1a0d0410
e92ee4fb
fb4a2f02
1dff3b21
092d02fd
2c073108
1c111429
13010b10
ed3d0a10
4405f913
d516c8ec
0706dec7
07e23d1e
d91dcf3a
280917d5
e50d0ae7
25f63a3a
d7eb08fe
dc0c0abb
f4002803
fde9f22d
2006fa03
f1fcf9ed
1cf5061c
eafdfdf2
db0ef715
f2e32aef
e6fe2411
f92a00de
21051b0f
e0190604
0d3f1cf1
18092625
e2212b28
18231101
171019e8
ddd404bb
090d01d2
f8f6f20c
f0fb2d0f
1efee116
f2f90418
f5db1812
46150f23
0c27da22
efe5e11c
f7d5e9d9
0cdb052e
dc45100f
e9f2d704
fdec1124
dd2400e9
eb13f816
ffe816f0
f61b0c14
39f2232a
e5f00e21
e601e1f7
15fa3309
2b0eebdd
e01be920
0f08e40b
fd27091c
1b18eadc
2002e60c
e52ae1f7
e9232423
e30c0d2f
f60ad6f4
fddf02ef
2401f00c
f30212e7
1a161dff
42161f22
f7e7fc24
f4f4e0d0
dee737ef
f90dce2e
f3ffdce5
160a2014
d5f62a09
09f81bf4
ebf1fadd
39170fec
fcda2201
28f805dc
00020fd5
0c1bf0e6
f00e06f9
24210905
f008efe8
1eee02e9
191dfb17
2234e722
e8371732
082f00e6
0de21be6
ec0f0d21
ebfbfb1a
0bdb0f18
e615eadb
f1e033fc
def013f7
061916e1
14292309
1bf20a2e
25e5f4ee
fe08ee26
db16dc0e
dfd7fa42
11dbf316
230de50c
1627e700
da35ebf4
0ffc0fef
1bfcfae3
f3fee0f3
cef4f0e1
f92118f6
09d208f9
d1e40bf5
180b112a
ee2513ec
0b27190a
e901150a
220bef21
d7d802f3
04190b04
1df20715
ea35e9d8
260d0712
13f50015
eb34d623
fc131bf9
f4ffe723
152504ee
0e3efe04
2b27ed25
d11acbf3
16f6dced
f0e3160c
011ce620
e0d619eb
06033af5
20d7df14
0c0e12e0
02f439e8
00ec3616
0ee1ffd5
05f8f00a
25d5f722
17eae109
d4f0ea1b
fb070de8
e5075403
25e00c32
e508fff8
de020e03
19f9e712
ffec121b
1824d5e2
d7f03a02
ff28d9f0
020a290a
17d9dfe5
d80ffdf7
0ed6f702
1a0e1020
db1fd807
f9ee0b25
e007f513
eb1705f8
1026deec
15f7ed25
d9da2dfd
2df8f201
1bef0c14
d20a0b1a
fde819ff
0e11f9e1
1b30f0fe
f00828f4
ef030119
e8f90de6
fbcdda12
e81a161e
2bf94ee6
08e0051d
fedcfcfc
1ffd0504
f2f724e0
59dfe21c
f61704e7
fc17f00e
f7392222
f3100825
e2ede110
2221fbf7
0727e227
e5ec0ddd
0d4be121
3cdf2038
04dddc02
fa3820f5
05ef29f6
0401d938
f21c1b17
0312f81c
4d231c37
150d021c
f1fe1be8
2b15190d
fc002c03
0f2311f7
e61ef014
10f00fed
c127e9fe
0d13f7f1
15f32815
0bdddb24
d83ff6ec
f72613e9
d81901e5
e9f3f212
de0de202
eee12218
ec4d070b
0d000508
0d0b0be3
301110fa
11e4fd04
092a30d6
f60dd6f5
1e040519
cbfd1c11
35200c39
0e1cf3d1
ddf310eb
efe12b06
0d06001d
1c23350d
fe38011f
f4f3d3ed
d61d11d1
ebe204eb
d2ecf017
f50ddc1c
03dff0ea
13bf0916
0d04ff21
2c0a2f20
230bf004
e91feae8
0d001bfc
eddc0915
43eadd3f
d9ff0b12
0409d9e9
f72d15e0
f2f90318
fe1ffd27
09171012
24ed1704
1f1401de
1820e11e
16240504
f1dad5fb
f910ffec
f6ea1df3
fce5f403
1ee8211d
f71a2e0f
18fa0d40
1e05ee08
e6feebf6
370ae9fe
fad51be4
2b202dfa
e6e125e4
16eae4ee
14e8051c
d10fed02
ef1ce017
1f2206ec
10fed8ee
fa27ed27
ccfb121b
ebf41d11
231ef00d
eb203627
0b1c0106
1de5f0f2
f3f217c6
17e80f1f
02e5fe26
fc070c12
ce10e217
fceff61e
f2dc20f4
f30c3226
d8050fd9
d8031e36
f9100113
fdddf723
0f372011
d7290d15
ddf7eced
111c001b
0f17f2e6
08e104ee
f9e9e2e2
f1fe2502
120ef51e
e5fa0d17
280424d6
281c1a05
f2fb1e09
ed12e7fb
1bde16e1
f610e719
1d1fefff
043500f5
072016e4
f43606f5
fb07e629
1b19dd23
1e02df1b
2123f4e7
d638160c
010c1a00
0909e00e
d3e014df
1902131e
fc080d04
00f20fed
cefb2ff5
2bed061f
d10fd7ef
12f42ce3
15d80ae2
c5e20ae7
061be80f
e417ebd0
16f70e02
c6e14e1c
c31d1de6
ec05341b
04ddf50a
fd0acded
2202d215
e1ed2909
02f9fd2f
1b09f5ec
ee1aeb3e
26120bf8
1beefe14
f6d4e1ca
0415d11b
fbf9e60a
fc280a1a
12f8f9ee
f1ffe51c
fdd8e804
dd080df9
0fe623fe
ec0dfce7
09011a0d
1fee06f1
f1dae5e5
e10500e6
16d11000
f9e9f507
0ee902f2
09f132dd
17ffd509
d616fa22
fecf02eb
cff5f21d
27fa0ef9
271f00fd
ff20e5e9
ddf7e80f
e610e710
0804f132
e2fcf02d
db45271d
11f935e6
fa2ff521
e92d1a08
25172513
43f103f0
0dfc1cfe
0f13d6fd
0328f30d
010af5f4
d934e6c6
ddf7f640
1601ffdd
f00f0fe7
23eb3603
290edd09
15e6eff8
ee001dfb
0def0c04
04e4120c
0d1fe4d2
ea051bdc
02da190a
cdd5f815
f0f11cf1
ea130512
1000e319
dae4f7f4
f3011bdb
e72612e1
0123ff17
ea1c0020
091bdb1d
25f4e30b
1f1e1b18
1ed7ec00
38f52bed
f71bf51f
d7ff26f2
29150809
f21721f7
ed151712
de1ae320
e61b0201
0ddef5e2
ed0efe09
f108e0df
dee813dd
daeffa0e
020eda15
1f0f18da
f81ad500
d9120eea
34ec1908
e8e6fa2d
ef030f04
fdf9f51a
035921f4
36080a06
fded13d7
2c03fd0c
e2e700fb
2e1d170b
e9dc2844
0a37dff8
102d2b24
e10cf500
ec2eef38
1f072c06
0e0b1e22
fd262108
f31efb14
0a2b0836
d801dddf
f73913de
1f1cfa12
21e306ed
d2f814e6
1cf324df
2ae9e7f8
f8180aec
d61912e8
142afad9
f2111bfe
20060019
fb1d17db
d6e703f6
08fff2f4
df0d25e5
ebf2f5fb
0ae81e00
edec20f9
212b0304
ff0814e7
e20e1815
f8e9d7de
e3effcf7
1c031322
28204ef0
fb13eed8
0c0706e5
0c021628
d81845e4
f2e6eaf9
fa030000
12e6d3e7
f50e1d28
121421df
14131c1a
e5dff7f7
f1fe0405
eaeef8e1
0af8ed1a
e0f5e5ea
f802eefe
f61919d8
fce7230c
0adbe0e1
e3db460a
1d1115d9
efff1223
f9241e14
3fefea00
ddeb05ee
1820f0ef
d8e7edea
0f22f935
eb1de316
03021307
0b16fb2b
f0e719f6
fefc04e5
3af7ec20
05f30635
e70510c5
06361003
38fa0926
e228f3d2
1334ffb2
fb162aff
e61de810
2f10ece6
d8db0bf1
08fe02e6
e5fffd0c
ef0907ec
3be02a05
20f9db1c
1319f815
de12ea12
060ae5fe
bf10e335
cce1f8ea
e3131e04
ebebf9eb
071516e7
ece8060a
efe12418
f01ee2ee
de100e04
f4df4701
0b10fbea
f12aeaef
16d2f1f8
f4f3fd0c
ede71524
e8fd1dfe
fae4ff1b
17e9e7d7
eeedd8e8
21de1bf7
311e0316
f8030416
e4f00212
19db1505
1829d8f2
0cf50500
ea151207
e8fe18df
e4ffe0e5
b2e9eee5
f11bf5ec
1e030501
03befb07
e10001f4
f4f7efe0
16d7f7f0
e302eee9
0be00914
ea07fa24
17ef15ce
d70e0a04
efee05fb
de102cdd
e4e0f204
f51c0ecb
1c03f728
f7ea0537
dded18f7
0f311309
221211da
e411e5f6
df2611e3
d6083630
13ddef52
1012fef0
13ea10ee
08e1f61c
1a0ee7d9
11dafca4
4af1f0f8
d7180717
121fd4f8
e4e8161c
e123d7f9
b9f1d501
c415eeea
f0100b09
04d9eedf
c20508d9
1f0d071a
9c1c1a1b
0bf4fb0b
20d8de04
05ed1218
f134e1e3
251cf60c
09dc22de
f61ff116
edd32af6
0cd201f9
02ef02f1
e31904ff
e6d61bda
e911ec28
1c33dfe1
f2dbf9f0
16d40307
f4e8f711
0147e1ef
ff13eff2
20d11ef9
f21bff06
f5e8f2d8
bbeef615
0213d405
f317ee05
fda7ed12
1406ecee
01eb1bd5
19d5dfe4
e7e41410
34f71009
05e3e4fd
1205e0e6
14e9061f
22221cd8
14412ef3
06ee1817
102105d6
de0de913
f3190907
03172de5
16f9f6e3
1a2ce10b
eee9f8e4
16f5e4cb
02fc19f5
0311ec16
112a14d5
fffb2dfb
0d08e742
01d9100f
dc202fd6
16251bfb
f010051e
2bfef1f2
23061edb
d7e7e0f0
dde8f614
d0dfff07
f803f5e3
05040f01
f4161702
ea0d07ee
b2ff102f
c931fef6
f01923e5
0cd9fc0c
08061311
f20bda21
cc21f1eb
ff2218d8
0bdefaf0
e60ffddd
d9fcf9dc
e902e107
fee60ff3
021de60d
bb2beadc
05070a18
34fc18f8
27dc0713
e654e7e3
f5200528
1aea161c
f51910eb
16f40c16
e7020d1f
ddf0db1c
0be4ffb4
07f802e5
fa0709ef
0e1816fc
0cd5ebe7
d7eff6e1
19f0f6eb
f1eefd22
0ef502ee
f9e1f602
ed0002de
f73315e3
212a1116
13e0f1e9
070ae218
08fd0b33
d9df1fbb
f92e16da
fd12eef0
051ad0da
11faebbf
dcda2fff
efda241c
f420eef5
1207f9e7
2e1ae72f
1cfeeb04
e92d23de
eee4f607
dbe3e405
0ffb1ce6
0bde0406
031df9dc
c709dbfa
e719fbf6
e2e93fd7
1609f7ef
1d3f0410
0feefb18
ecf414f1
ec02f2ee
dde9eae1
fad704d9
13fde313
0e080aec
1f08cbfa
c721f80a
d5fc0d16
ff13eb04
dff6dde0
0dde0de1
f51be6e1
d3012ff1
f9fa0225
ea11e401
10e0e513
15d3091a
e8ed0ef4
13fddd11
08f319f9
ebdffcde
0a32ee1e
01e7ff12
cfeee6fe
dfd5d1fb
dfbe0800
1829e526
13f90a0a
d415061b
f6e5050e
32111ffb
e9f1f320
22eb1e21
d4f70f03
e3f1f71d
fd27e70a
ef1e1c13
dd17f115
1716ef04
24f5fd0b
0317deb9
14380d09
1e0fe808
e5e4f7cd
1f24f2c9
f0e2fff8
090edd08
1515e413
d71cea09
f9da1e08
061afed9
e7f6ddbf
f6d6140e
db06f515
200f0a10
d500f704
1f120217
ca1ff1f1
d4411b14
f9e50df5
140efa1a
d200f020
e721f309
d5fc1bfc
ca0df114
081a0508
1cf12efc
f43feadf
17d70706
07d7effd
0ad5d7eb
fdd7d322
09df0bf3
f5dcf9fc
3c080a02
dfdae3e1
100bfef7
20f419ed
df02e4eb
04101217
eb02080d
f0221702
14fcfe0c
08f019f9
e1ebddd5
f0011917
f4f1dcf9
00e1e517
f3e808d8
11cbeafc
ea1e0d13
01fd09e4
e1e1dadd
19ffe313
0afcfc11
eefaf415
26fb19f2
0105e5f0
dc2bf6e7
0c18eded
f9ea121b
190bd71d
e0e5fc18
18d7fd24
1504f9c8
060510f3
0d1b1d07
d515b9ea
16f0e1f1
d819f2f5
ec1cf832
1a1b06fc
131c12f0
06030648
fb0de8ee
e71401d3
0504040a
06fcfa0d
0c131906
1102e8dd
fdd9fdeb
09160b01
f7231bd6
041ee7e4
21fd151d
1a090ff9
fb3ce2eb
c226ccef
0711efe1
d529fe17
fae13cf4
fb09dde9
2ae7fbe9
0ced020a
15e8caf1
00fcdee4
050f17e2
0702fc04
32061618
e5f1e3fd
1a2e0d37
d614d31f
e8f3f01d
3011220b
f71a25e0
f7fc1f0d
131af824
0c231deb
de0a28ec
18de0de6
d80bd6ef
fff3faec
16002907
f2ef0e1e
15e604f5
32090f10
f11add0e
ea1420eb
2ce721df
01df3af9
050ed5eb
2cfcdb25
e318e2e4
ee41f3d2
16252630
db00e301
01f6d804
f105e233
0af3d9f7
e1471a27
f3060432
01fae305
0e0b1db8
04d815f5
dc062e3a
eaeaf2f1
0ffff016
f2e4fb32
e6080a1d
26e0e2a6
2be92df8
f71e1fdc
fb25f91a
1be50928
2ffef4fc
f620402c
da07e2f4
171828f2
ffd4ff38
fc2b0dfa
1ae4f1f3
ca1dfcd0
e2e00d05
22fbeaef
03ddfb01
f317e3fb
2cd7f708
1aeff5fc
eaef03e9
0f1af5ff
21df08fc
d9f0fdd7
2cf32c19
c6d91405
de0a1dfc
f6f73114
e2e1fc00
02f1fee7
f7eef71d
0117fcf1
05efeb0a
0c0605d1
20030e02
0f0b02eb
cf29231e
17e419f1
fee2db15
eed9ea0c
16211108
2fe428d4
f2f0011f
d92bfaee
e3ea10db
1ae3db04
0be427f1
d3f51017
d503d6dd
22ed32dd
ec34fd1f
f413dc1f
20200714
05f0f70c
120afdf8
e33fd40b
0be71e2f
c90ded0f
16061ccf
e7ea0eef
2d120a1c
262ae40d
f7010e08
e7d7dd17
e10604dc
e21b06af
f50c11ea
f314f1ee
fbef1d24
0200eadc
fc141cf0
fbd9fd28
bbffe1f1
d82117fe
01dbe62f
ee09090a
1027faee
ffdede04
cde2ecfb
eb1ff7dc
e2002201
f625e102
00102aed
f01ad2c5
19db0502
e615d4ef
0df31d01
e9e8edf6
13d61cfc
0aefe410
ff25270c
dcdb00eb
e7efdce0
0ddfe403
29e4e427
dc040f16
090bf1ed
e7eb0fd1
fedcfbe5
fcea1d11
0209fd04
06052218
fbfb11eb
1c0ef214
d71cef2d
0e2909ed
05dc1a0d
eff10bec
26fb11fd
fbe31fe5
2d171122
ed10d1d0
1012dc00
e10a19f3
11f5fafa
1cfc0d2b
1bebeffa
240bf81d
02120b0a
180dd6ff
fa080c12
fae4cae7
050de4c3
f42324de
eeef250d
09d805f5
f6db0fef
1af4f230
ecdb0606
da1a03ec
fb1bf6da
fce8e4e6
f40422ee
dff51a11
e4e4f20d
ffe9fce6
0a0dfac5
d6fef410
10d6f8df
d71615e6
1424f8ca
cfd50615
dd0eece9
0adeddcb
fe1722f9
24f5dbe8
20e83108
f1e0cae6
e7e702c8
d70000dc
fdfc1319
e200fd07
1705f61f
0222f8f5
de1dfb04
17eeeb21
03ebf4dd
ed1cfbe7
1b081fff
e304161d
ff0e0600
fcf5e205
e80afaef
f5d8e0f1
e3efe306
0fcc11f8
0ce6ee06
06e1c8e0
f1de0e15
fffe2f06
eddedbdf
e1f5dd14
27f0d8f0
0b03fa25
eefc122c
1300e5f2
05012614
dc021102
032d0af4
ef1a0df4
eef00d25
0dfff21d
fdfdef39
040910e5
22f9f40b
f4f8f62a
d317fb1f
1ddd2211
082609f1
05e0d808
10e5301f
2e1ade00
ee0bdb10
f9eb3be6
eafe020b
3de5ff0f
20f217ed
ff00fffb
21e5e1f0
0ae4f5e0
f6d7f303
0f2519e4
e5ebfbe2
fd30fe13
f2ee01f7
1c3209f8
fdfffc02
0f0fdefc
0e14161c
191c0cf6
f111f50b
1c043a2c
feef24e8
e619f7fa
08daf51c
2af9211f
e1ed1d1e
09dde72b
ec1ef11e
06faf704
18f4f113
1120dae3
dc040af7
1ee1eadc
0c12dee3
f6f91fff
e8ede121
f91021fb
11eafae5
330fff10
1f080705
f8e5080c
e838f7e7
07322004
0a09f5e6
f91ffc10
f1f30500
dbfd14fd
27f21a0b
e125e21a
f513f8e6
1e23171d
db21d901
fb011a0a
0325d105
0b3219fb
fd1b0a16
e303f8e5
cf131d21
c4e24e0b
f20dfef8
06f72a27
0704c708
e903e70e
f3de1df8
34171311
1301e7d8
1c2b2604
1817d41b
26fc03f9
fd0514f6
f5f4e618
f8e318fc
1ae3fffd
e3010912
031b390f
c6140313
eb06221a
08eadcfc
1f052f17
0c30d623
06f2e205
0ff3ed21
e63dfefd
deff1b01
17ea0417
18d60bed
e2f6f419
06e4ebea
020c1704
0a30fe35
09f8f5fe
0d161012
0417fb21
06eaed21
fa1a170d
db03dae4
0f142515
2112f8fc
f3cd15db
2320d9e9
0ad7eff3
0c150c18
f9f1e917
1b060d0a
ecf8e7f1
1afd03ce
0ef72a00
30e3e616
e50d12eb
feeced16
021beef1
1a2c07e2
1f23ec0d
e01de11b
0322ecff
241d0ef6
f912ec19
13f60901
372f2013
e82f2738
1025f1f4
1c26e707
c8eb031e
1931efdb
ddef0806
2706bbe0
dc20df03
09d9f9dd
16ff1aed
0710030d
e53616e6
1f3ad3cb
25e7191d
07161405
050315f3
091a0dec
e3ef0b0a
ecf7eb21
e5f7f7e2
f9e91a06
06fc441b
0c05fb13
fff53107
c504e2f6
292ff32f
ff192039
e505180d
3408ea0c
29153d15
1eff4517
0b22daff
25060612
0c182720
e62bef2c
0cfbfb1e
0d35e923
fe080b14
031e0724
e9150003
faff1111
f5ebcfd9
14f524eb
fe0fdafc
060ff419
1ee22202
f3f1e20a
29f727e6
080c1d36
fef40214
e410d11f
1ef802fe
1d0ee604
1c2ffbeb
f1081afc
e218edf2
3412d5f6
f7ddf730
f6fcfbf7
173110fc
f0e51d01
f223e8de
0606f625
0638cd0b
290af220
e5fa0ff5
b20f0b07
ff00fc1d
df0606c6
eb04c531
1c07f20f
0621fb03
19fcf51e
0afdc8c5
eafeddec
dc0504f1
28e7f5c6
29e2fd1b
042ae7fe
f0190215
edd9e118
1805f1f0
f3f9e836
052527f1
071527dc
13b712fe
0a0f132b
15c905f6
cc22251d
fb27ee23
f203d718
0312f21e
072303e0
1ef3f515
38e403fa
cbf8e7fa
290de3e8
082a0f1c
0fe7ed1e
00eed733
d42adf02
f0f2e2e1
f4e9f3fa
1206ed12
e909f322
e4d602e2
17aa1f05
f8e1fce0
e9e8e106
180c08e7
f2e221e8
0f230d14
f702ebe3
11f01506
fcebf31c
002a22d5
19f8dc02
e7f71af9
f61ce0f9
e624fdf1
f205fcf8
0d19231b
0fff17e8
0de20b0d
de16ff22
e2072516
02e5c8f0
fc1e0dd8
11e9fd1e
e8e6d42d
dbfa00fb
ce07f830
eefb1dd5
0feb0803
1008ccec
02f3ea06
0606e91b
0bdff6f8
dde9d91a
e00f03d6
ebeff902
4203faf3
d7f70ff1
dedfda17
eff803fa
e3e703f2
1212070b
e0f223dc
c918eee6
0abd12ff
e6e81bfa
20ff2a06
d32f1df9
0b2e0222
de01dbe1
e8180810
15e918f9
2fddfdd4
39e52df9
0c1d04fd
100403fe
1016ee0c
d9f4f22a
b906091f
d431ebfd
fd28eb13
e3031a22
1ceafa07
13faefe1
f8c9f8ec
f6b60422
0f09f20a
db1606fe
f031d3e6
fc20f511
0705f200
191e07fc
1715f624
f1dfeb10
deeefd05
3e100fe3
fe321517
ff061818
2320e5f8
20ef1005
020ef417
123cfeed
e729181b
1cfb0f3d
0904e71d
f2e8e6f6
013404f5
f7d32719
f123f8fc
cf04dc0a
ffdb0814
eefd17e0
0207e101
defeffb8
d80013f0
db071af3
2e1fdfd3
e9e80425
fd402e0c
1a050719
fcf4f425
031a04f4
1ed8dcf0
15f8dae9
06f033e5
e9f8ff32
04111801
f7e4f92f
11c925e2
edeed50f
10f6f203
c4040a0c
fd05e91c
04f8d413
e50df421
29fadff4
160f0afe
25def1ff
e2151e04
e0fd1a26
eee1f704
fb170df2
dfd7e316
0e24ee1b
0eefee0e
19f4040a
fb1724f2
20df1b05
dbca03f7
dce81de6
ecf42129
e415c71d
0d110dd9
04f41217
fde1f9d6
18e90e12
0fe204e8
1d1ffa1f
172bf02a
34e3e2ec
00f90408
e51f1e07
11f8cd18
f6201b01
25ed1901
0a1afdf5
0f0a1cf3
ec0af627
d929f6e0
e3e6e831
e41c16cb
1beffd15
fdcdd5fd
dcefeaed
dbfd1f29
ebe3fe00
dc12e31f
ede9031e
cb371422
f50e2424
2d0becd7
eadbdef1
032403b2
ed1509c1
33e5ee22
b62b3524
21fe0009
e30b1702
09f00bd2
dad024f4
0d0ee913
cd000101
10d117f5
0df3ecfb
11e12503
d2f6fa1f
150ff3e5
edfedaea
eb08f707
ecefdee0
361dfb23
03eef51f
fb13d5f4
dbdfd507
42de3600
d6e6dc18
b81e1e3d
d11dc210
090be2fd
d9d7fc05
15ead6ef
eef312e0
ddeac2e7
f6bd18ef
f2defffa
01fad4ed
0ee120e0
2ae2efec
2bfb1ee5
cee32020
08faf708
1c07052b
0c0be419
f7e8ef1a
14fedefc
0b1227f5
082ed004
d903f2e4
efd7051b
d0f40aff
f514250e
19e1ee25
e0f4f9eb
fa11d133
353a2c15
21f1ef07
0b01ede2
e7dcee03
f7f5303c
20ebecd8
dbfdd5dc
df14fbcb
c2f5fce9
0606ea00
23dbcec5
1a35d0fc
e1382313
251018ed
231a0612
dd02eee3
1ce6cdfb
e91e0000
231517e2
150aec15
00172af0
d8f3fdeb
f5063e0e
e9081217
ead522f8
031502ec
150bebfc
1416c2f6
12f017ec
18ead40a
f309faf4
1fdc33da
d8240a17
ede117f3
100f1311
bae01401
b70fe03d
11fdd4ef
250412e3
0a13f8db
24fbeb25
0a0cf8ec
f3e0e0dd
001015e5
f5e60708
ebfe0a1b
101fedea
11f30926
22e80619
db1105f6
cf131229
23e80a0b
e5ffc9f6
1ae8df0c
f309f2db
0bde2508
f40bd623
05fe16f2
03f70b29
f70feee2
291eeb00
e0eaf122
ff13ffec
fa07ec10
06002918
e4ede705
e3f6100f
c21f08f0
fce20f1f
e30ef0e0
1b1deae2
fd16fef0
fd352cdf
10f2dc0b
f6f8e301
e131d0e6
f6360d27
fe22f51a
220ff7f2
070604db
fcdad200
dc03e317
0b271f16
f2ef1103
051a0a19
e7d7ebe6
0dca38f5
f4f3e225
21bf330f
111f18fd
e610e02f
171cea23
13cf180f
e00e2714
2403230b
12f531ec
f9e80dc9
ece8d5e8
300a1b06
dcfaeee8
0e17001b
cbedd10a
070204e2
25161512
08eb12df
07070402
f8e4fedf
e1e223d9
07fdfaee
07e207e9
f709fede
090411f1
f81415df
f60f2906
e2f5f314
f80bf11e
d9f0ec0a
f0f41ae9
e42df4fd
fdfb22dc
ee220ddd
e80f06ee
181be2e6
e0fb0228
0104f0f0
e0ed2a1e
231beb19
34e1e901
13f12839
fa160af3
dc16f406
301a0aed
f3ebd014
121b20e9
01170320
ee041128
18f10109
e7092913
18e2fc14
e5f7e6f4
de06dfd6
04f549ff
2b031b0e
2015ffdf
1418e52a
f21c1ef3
ccdfed2f
f129e115
03fc31ec
d8f4e404
17190ce7
fe0ef3ed
caf82328
0cee06f3
e8dedd29
16fc25d5
073cdbdf
022413fa
27d510f8
2a031b13
08fbf211
002925f0
f61608f2
2122dde5
f8f4f6f9
1ce316fd
353907dd
0905fdd9
2f09d619
f723ec25
00380e20
04250af2
00c3f8f3
1012091f
192a0520
fce7e4e5
fd1603f3
00fdf721
ffb2f018
082903e6
122137e1
1f1100fd
ff0e1cf2
11e7e1db
fdeff2db
0f04ebed
1005f3fb
e3401b1d
f44102fa
fcec05ed
1824fefc
0de0181b
17040c43
1505fbda
f4fae4e4
fd3dde21
0bfdffe4
d00c1ea7
e60a1c00
1109db37
24eef3e7
05f515df
1506330c
f8e3e410
18fd08cc
f922ff15
ef0105ee
361f2c11
e223f113
001c1128
b9eb19ed
f123f60d
08e52811
f3eeddee
fe20f300
2620efef
e2340918
ee17ffe5
fccbff27
0be14df5
e60b29e6
f51d1e22
2fed0be2
efff1716
ccf721fa
fdf02901
2719f8e3
31e80c07
ce19faf6
0a0b2d12
1e110707
f42316ff
20fb28e6
03ecfc1e
ed2afa00
152efdfe
18f60a19
ea1fe2f9
e0e3dd10
d1e71919
eecd0a1a
2319dcee
fbced101
1629f50a
0bfa08f4
fd00dc06
ee0fd9fa
08030006
f904fc06
44212503
37f2fe03
093a1011
e52233f0
210216f3
161af223
dce507d8
222adf14
1b24f3d5
e44d2d17
2f0f18db
ee000c0f
01f2f3f5
20e8fbfe
0a1beb3e
fd211ce1
e30309f4
0f15e037
08081d0a
f61ee0e7
f9152cf6
f713e9e2
182725eb
17e610de
0b24fbe4
d4e6d02a
f02a1525
0e2a240a
d9ebe309
f344fdee
0933eae2
e51c2314
f912041a
0debd5e5
f4022b30
2005f008
ea1bfedd
15eeec04
241ee4f6
fa0429e1
f7f1191c
1517e901
13d1dbe5
ebeadae1
f42411fc
f9f8f7f9
df1ce305
27d52515
00d9db28
1e1e07dd
f32e10da
e2e8dd04
f9ff0ce3
e8080ae0
e0f91af1
f8130218
16150628
e2e1e30f
cc1fda08
f5153ef7
3515f0e5
1d2ae309
e1d7d712
041bed29
28ede9e2
3bf80d37
0e200ce8
260b1f07
d9052f0d
17e3e9e9
06fe1123
faf0204e
0eef09d1
1120cee7
f9e4f614
dc06f01c
f12e17f1
f513331e
e9020509
f515fef1
060b2a07
40081afd
e4fceafe
190402c6
e60326cc
07e42af4
f6ec0b05
050c1f29
0d1a09f1
05de1ae1
cb140af0
18f83207
f709dc27
f544e91b
f4091adb
0d202014
e01321f0
d8d9e917
d7ff5bf6
1a42f81b
2efb1c09
f0cf16e0
e4efe5e6
120bda1d
f70c2711
e5e9c507
f4e9edee
f414e306
1f334c4f
2d040712
20130e13
d5090ff2
15f8ff1d
02f703f6
102efcf1
0b0a2519
f5f2da00
2160f4f7
fa240ae7
ebf8d10e
0f011916
1accec06
ee2ee002
0e06382f
d4fb0fed
e005e1e8
2e02d9f5
dce824e4
3be7f314
0cf80cf9
1121fef7
da4222f8
033a2003
f222f9f0
2efce6f0
30e10749
162ff71c
d12a0aea
0bf4ed47
fd00e4f8
121ff7d0
e72517fa
f2e5ed30
0400e6f5
e60c3e0c
3ee4e939
d8e40cfa
05e202f2
edd842f7
fe02fbeb
0e2d0407
edf00f18
e5eee7f9
051314e3
de1eee1b
f7073e08
00d6ee2d
ff2ef2f3
f4e419da
e7333f17
db182227
e517042c
00e93dfb
eb4e1811
180a05dc
1b06f1df
33eaf00a
e5ee1c29
f41efff9
01dde5ef
26ebed1a
ccf6e0e6
00f7242d
2cfcf3e2
291cf20f
f6e8e107
ea1ee83c
de01f41a
e9f70919
d9eefe00
08e4f4fb
f92f09e1
0b010c1a
251611e1
fb17f901
ebdae409
e0f90004
20142222
14e4eae5
d9e8e2e8
030e0cfe
e2f00422
3df90718
0ada0bef
d747022a
1c0b420e
1b242df0
efd4d6ec
191bdfe6
13180d0d
f2f428cc
25490e17
16281e01
c608e5e8
0317dffa
de012b26
ea07df4e
0718f4fc
f0d71e1a
4111263e
f003f508
090df0f4
07fc14f0
fe1e1f18
2a25f61b
ece6fe1e
03e60119
e6fb03d8
fb09f2f4
10fdf7e3
ec19fde9
f934e4e3
033af7e5
03221910
dc06db28
ea1fd91d
f3dd1608
1c4008ef
f3d833de
31db1105
11e4f3f1
08e30a1b
f9053112
0de1e0e6
47e4d721
e70bd700
1e35365b
1728f90b
15060633
45fe291b
1b1c18fc
151ffce5
e214d520
09c80619
180acc01
0cdf02fd
2c08e6eb
16ebe4e0
fbfe0c24
28d3d8ef
d622ef29
1645401b
17df0d17
f23a0f1e
1bfce8f4
e2fd3612
fa171de4
21dd202d
17030700
dc20f6f9
f6fc0343
e6ef0c0a
10e10c21
3d241b17
0109eff2
1d0829e4
e32af93d
07f20b13
d8f326cb
e8fae6e7
1dfa38e2
fe0820fe
0f1ce2fb
0f1cfae9
0500e5dc
0400d8dd
fbdcfee3
ec1220f8
0d2b10e6
2114fd24
f4d5f5e4
dd0a1812
e534d0dd
d6e909e6
150ce728
00f62415
1723efdf
120723cc
c80f042d
0e1e073a
cef3d616
1e0f04eb
1ceb3014
351de8e9
16e1d310
fbe110e1
2c170d1a
d2def9fa
13eaf30a
e01c0300
153fe81a
e2cff614
edfafcfb
fde3fa0f
29ea1714
0de9fb17
020ae71c
fe03f4fb
161525e3
252b1a08
04de2a0b
0306d90a
d4ebe8f9
e4bee8ef
0f06d61d
2c2c3118
10f6121e
e900f709
d6fdf426
eeebf526
fb0119f8
fce51b0d
0e441ef8
15eb0815
eff629fa
19e70538
e70b0424
2b0a1a0b
15f0f4f2
f227f304
e820293d
df00fbd7
e72d15c4
ebe31731
f8cd42d2
122cf8da
d91ad708
351bdcea
0bfe05e0
ea03d115
17f03bf8
e3f0f4ea
e8152321
fff71727
10101906
d3e254df
c3ff0cfe
e7eaffe1
1b051031
f7f9df1f
f00a0d08
dd0a0213
d516f304
260efa1a
0804fc18
de30df1c
08dc2423
15f0d3e5
0402cfdf
13f1dae1
0d18380b
f5d314f4
2916e51c
13e5f8da
fc20223e
37cb301e
29ee17ec
091bec04
3aef0be9
f0ccfaea
f605edf2
29f517f2
f40efee2
1d1ee425
070d03de
1ae60223
eff91900
0ad202eb
ede60401
2e35fee0
06d6f5dc
e7f6eaf4
fdd618ea
f10ad711
3de3e042
e603ef03
eb211dfb
df190bd7
f30a3016
e3e5e83c
0eef20f7
42ca14f6
2402fce5
0b29f2ee
07feea4d
f20b1ff7
011fef0d
12f61f1e
e1dd340c
160f12fd
f8f629f8
0fe71730
0ff4ddf4
f304c5f0
05081d01
e0e2d0ef
20254605
dddad0db
11251703
f81411ee
f0ece0d6
03f414ec
f51ef0f1
0000dc19
da07f5f6
eed3000a
fd30172b
01f8e212
2aeaecf5
1bfe1701
5ade1a03
162dd6ba
43f8faf2
1612fb24
eff444d6
ffe9e01f
fef612eb
16f2dfd7
ce123244
ebea1116
e11c0101
0def0a0a
e8fbff1c
edc6f105
0f0de907
dd1927e8
d20b04e2
28f71d07
f00b35f8
28cfec10
e2151def
f61ad2de
23fef54e
01142818
27e60503
e9ff2611
fb10fdd9
0fefd1f4
0016f7f8
dee71efe
fb0ae6e2
f9f91606
ecc6e907
15f20a0c
270f22f2
fdcc012f
e909f2f8
e4e203fa
13fdfe02
04d3eeed
e32b0ddf
161904e1
db02d544
1403fa0e
07dbe704
efe30ed3
01e3faf3
0e09eaa3
fde8552b
d7f0d90e
4def0cde
e9e6f9eb
ea0ee4e4
cde5e12c
c3d00a08
08f935dd
12e02209
cd35c9f6
12cced1d
d906ddd4
0515201b
e4071bfd
d81941dc
f0ed08f3
eff41819
f02015d9
d9f1db14
f6ed2301
1d1cf2f7
0eeadbda
24d31af6
04190dde
0ef2fc10
ff040c12
fa11dc17
f214ff0b
e315f806
122ef1d6
dd0af3df
f9ef13ea
dedfe20f
0a34db03
e0e7ddf5
130c18ff
4a0fd302
f3a7facf
f61c22d5
e4182bfd
0a01fadb
d5dfed1b
13e40708
0bd23014
01e1ec0e
e90206d2
0f2310ea
eafbee19
ee04e4fc
150fe218
40fd25d1
ddeadf24
d9f7e4e5
0bed00e6
0a1107f1
02e6d70a
f626f3a4
171245e5
20c5c910
31ecfffd
ecfe1ffd
ecf91af7
0cfdde0f
f70b12e5
cfe03c20
f3e4fce8
51e5f7f9
0ae411f4
dbd9e8e6
d606d529
e50cef1c
edff32ee
dde909f6
e74404ed
eed123f0
cd45e2fa
0afcf9df
1fc924ed
e3074fcb
da030201
0106deef
02ddecb9
f0ff0c00
e4f70126
2007f929
f51ef4f7
f9ce09dd
01001bdf
4cfa0107
f52cc0dc
f018e1ea
e5f0eacf
1d171907
fa56e019
f9460ce3
fd1f1ff6
fd11d6f5
eafbff0e
f21eec01
d003deee
0edc09f5
e1ade3d7
f0e6faf4
0cfb2fcc
05e11ffe
14011f12
1312ff19
f1ef4cd8
fc02d40a
0efbdac5
17130ff8
2820eef0
d8f900dd
09f1cdd0
10271be2
f2f3f3e1
c9ef1414
de07f6e2
44031d00
df1ff1ea
f2ef12e1
e40821e0
19caed00
4328e60f
231a1d00
be16fa2a
0de70d0c
f90e0fcf
15dcf31e
05111a09
321de711
ea0923da
f201f003
f2d7faf4
0efee606
1af1ebf3
1804ece5
f712f5f8
0d16dd08
c10bfc03
f3e41d02
26f314db
0a0f320c
101718ee
f624cb1b
f1ddedd1
f8f6fa0c
e5f7f11a
13e90bff
1611e4e7
e0d704e5
06f0dfd1
2af80613
d143e2f1
c629212d
e7e519f0
f6dff0ef
1142ff01
0102dd0d
04f2fc09
e2eef3f4
19fc28e0
fa02e21b
f8e114ef
2c0cfe1a
f8d6e2e1
fbd72aef
05d51ffd
1a0bf2e9
0bf202ea
f2272008
fa0b2d23
0e07fe08
05e4e916
ff15e41f
1635fd0d
f107f7ec
ef03f3d8
1adbe005
ebd91143
e7ebefff
dd061a0a
01eddff9
09190703
ec1e03c7
ef0d2cf0
f8fafd25
1e0720f0
15f2fe0a
22e32a0e
1beee909
08c7ecb8
07f9401d
f0fd1ee1
1807cf1c
f1f1f431
f3e2f2e7
b2031212
cb16f2d3
caf237f3
ef0ee121
0848d6de
17ca210c
df47f1df
d2dad6f7
f508fa19
cff35ce1
e2340fed
e2f714e7
ffff0117
ddeae21e
e0fbef3a
e713e21f
0eeaf016
f01019d5
faf702e9
04ec1f24
f5eb05f3
e7081e17
ccdefe24
eaf82427
ed21efed
1534001f
0ae8ebea
201612d8
db1cdd11
c2d6f6f1
fb031413
edf8e500
e09fcee7
0526d4fc
2a0c24fe
ec090e19
f6e4e5f2
f3d7f518
16f50119
381420e3
e90f10eb
10030be0
f4f5eb1c
0858c8db
f9eef91d
2bfce5ff
f710113d
e42108d1
1dfbf7e4
2a1108fe
f108ce17
e91eeec4
24f82ff5
f7d9e032
06d8e4d3
ec170321
1004241c
05f216e4
e5deebd9
ee0c1901
c8df281c
29e509d6
00e60702
1bf2eb10
e108fd10
a51a0bf4
01e5440b
1bebf904
ec58e818
d9ce0dea
bb45f406
f9eddef6
d70712dd
f517271d
f41b1204
d70c170f
f1caefda
01f105e3
ef162121
de0e1ce2
19f00823
0fcb09fc
dd1e14fa
fbef141f
25f80d1d
11faf6dd
03eed7fa
15f0e82a
e5502204
f610def6
19d9e6f5
0a03dcfd
e41c1bec
ea1bf4e2
e310daef
1a0c11d9
12b1dae3
e30002d5
06e208d0
02ecfdea
e207e0de
2a13e6d7
130a0c06
2dd9162f
f5ece2d8
de13ff06
fb4e2519
2549d400
08ddcd09
1b0dedca
e9dbca21
ce25fccc
ef3bf002
23f3f720
fa37dad7
05f3e8ef
df030822
1805c822
fcffe705
21061af9
eef3e327
f8fafbf5
f11617d3
d6e611f9
d606f5ec
141afc0f
11eff2ed
04fc1214
09faddde
f5212cd9
1cfb09ef
fc130704
dd27eb03
e7171bf0
c81bdbe2
ebfbf112
fae4cedd
f7050dda
104f16fa
e6ef25de
05d3dde3
08fedfd8
05ebfe26
15f1e710
10e21625
24e228f0
0e13160c
2c1a023a
05e40823
131b050a
22ede512
1a0ced1e
0d07f823
28200fee
0d171d24
fbfff7fb
05ce0bdf
d21e0812
05ec110a
ef12efe3
dfd50902
db0af7d2
d82b2f0d
2310e7f9
1300fad6
e9e6e9f3
d005001a
fb111508
f9f4ef1c
fc1cfbf1
0a12e4d5
e01ae3f5
0f0ffd23
ea2a0536
00150d2b
061e1a02
f2072516
1cf0e83c
0f07c71b
e4e2fed9
200a3832
09ec4af4
fa23eed5
fddb31e2
1df1d91f
fe03fd13
05cfe5a5
130413ff
e5f1eb18
ff01d824
fce5f1e8
09e101d7
e81d41dd
a5fc00f2
f6e43c01
11e1e6fb
fceb0eeb
0ff5e80c
b207ffdf
c004d814
0d00131f
08152143
e4f00c0a
27022112
dee918b7
1524eaf3
dbd8dc1e
1d2333f8
161cf1df
e001fc1e
c11c0c10
0716e123
1de73af2
16e20ff1
cd0e0ff2
150a12ef
10dc17e8
d9fbf517
e506f2f9
f7f91fee
1c3b12e0
d30b42f6
f206e8eb
03e90ffa
18ded5dd
df1d17e1
271e04eb
270bfee3
03f6ede1
f4fa2306
e3fff7ed
1507de39
d8080ffd
f6f4ece2
db37fde3
1d3be70f
ea0b1a0e
0fdc191a
ea24fc1e
4af22710
f414f020
0622e0fe
06fbf515
0f0900cf
eaea0af8
01f15e1f
d01cdf0a
da17dc13
31060aec
d5e90c1b
0ee3edab
1e21fae5
ea15e4cc
08e705f7
e4ed2c09
001aebf4
ebdf54ca
bb0ae406
dc091ce9
33f41602
e435fa0d
1af5f40d
bd0a2e0b
f4d5e41a
19f7f31a
de0ef72a
29ff10f9
17df33dd
01ed0cda
04e1efd3
d11a10f7
e0d82d1d
17f6291a
14fe0610
e2dfddf1
ff0a1914
18db1bfa
f0eb0511
ec090dde
de0bf506
03dbe9e7
173010e9
f0e41309
e4f309e4
feefe027
cc0f230f
3dcfd4fb
09e20517
e2d2d30b
ee1c2026
130d03ed
f916e900
e31b2109
f2e2e501
060ce6e6
3e17f143
fc18ee16
f507fedc
f8e1380f
dc0df627
20e8f114
17091add
4111db06
0cf3f8ec
f71f00fc
fff7fa32
eef907eb
ea18f1c2
f4f7231a
f1252ff8
f8f00df3
06f52a1b
08f3141d
fffaf9fe
e4e6efde
1df418dc
e41acdea
1a0405e1
19fbfee1
1615f519
f6f11106
ddf42020
ef0ce90c
0ce5de0f
c8fb1418
110608fb
b10edb2c
101c090d
dc18090a
e3f7e80b
e014f300
f5150e1a
dd131cd9
2f0fec07
e9f0fb29
e3d72f05
f4dbf707
2ad72622
fb10d4fa
d53b3723
ffe51a07
05ece0ee
41f9d1ef
edf01907
e9130820
032b081d
d018d7eb
e8e60b2a
0ad91fdd
161426e7
fcfdde20
07ff4e36
e7e1ead8
1becde0d
16270ce6
04ff0bf9
f32b121c
011801eb
031909fa
0906db34
072008fe
e6efed12
e31afc07
e00accdb
14e9d726
f3112ce7
08071c12
1722072b
ccf2e6f2
28ed0c0e
040d23fa
dfdef5d8
e6dd22f4
d5110301
0ccaf500
0f0008f8
02f1061d
101beeff
f4f9f9d6
0afceb0f
f6d5e018
29e9f12e
fe0d26d0
0d210c2a
fe0c1df6
dacae30c
dcdd0af0
100f11d8
dd010501
1cffde0d
1213e109
34d9e304
000df9e4
0804d4d6
e41ced1d
e20ce017
f6ed1113
efe221fd
1ff1dc3f
040b0207
fe1936e2
dcf007e7
e4281cf3
f5f3f7c3
0afa11df
1b09e8e3
cf1402db
caef1109
0ce3ed01
e8f700fd
dbf92719
e61109d4
e7eb0414
eef01d06
04dff1fd
2be0e7d7
dbe6fd05
fd1209e6
d4e020ed
c21ffcde
0ce1e0fc
1f0dfa20
05f0ebe5
0a230a07
e8d9e5e3
eaee160b
f4f8f122
110ebfd9
1ed2ffec
1cdde7ff
0a2205f5
cef8e805
12ecd925
182bdf0d
c3fe3bec
0feaf4ac
e8ee0a03
fd08e025
36ff2524
0af2f9ea
fa130e00
0623e9ec
de1ff1f4
f0c9d726
1700e5fb
02f7f113
2420fddf
e91119ef
db0af30c
f4f20227
d3f50610
fef4e611
0f180dfd
0e0ef7e9
faf5f32a
dfdfe0e7
e8f5f714
e4ff00e0
e0f6f40d
11e6f4fd
331b24de
37d335f6
d1e70602
0c11c403
31f540de
1affff1d
d718f9f7
f9d913d1
19d9e8f8
ed1ae5f9
ece4f600
e7efd6e8
2422131e
f604df08
eff118f1
15dc17fd
dac61d01
e41bfff6
25f60dfe
dcfed61a
1504c2ed
e81e1edb
dd12e7d8
edd9f5f7
dbf21e0e
ffe4e8f5
d008fb1a
25e3ea1d
ccf8dae4
ece4070a
16f12b20
e516d012
f00d21f1
f2211816
da0cef0c
f4ec0623
c611d8ea
06f4e6da
d01114fb
d93302c7
fce82403
130ff23e
f3f9e311
1a10121b
f30b101a
1aefdcf1
1308e530
08e5e917
21fd18f8
f1190ce7
160cd60c
06d9d6fd
ff0bf717
0ff21d04
e1f1deeb
1cf4dce3
0b2547fc
eae111f1
d0171d1b
e7d5e0eb
27eafdf4
0122170a
10eaff28
fa1d08f2
230a2ae1
33f823dc
c914da2a
f8e2d1f2
0fef12ec
f5eb0f08
e0251d21
06ea00f8
16db24ea
fde9e9d5
d3f2221e
e5f20ee6
0ef70a04
fd18deed
13f9d9f7
0cd3f3d6
19c1e11c
0506ffd5
deda04ef
eed5f404
faf411da
240617c5
e90fff1a
d5e11511
20290b07
e2e0d9e5
d21716e1
15e3fde4
05f10af8
0bda1e1b
0cf60c10
f40defe0
08161aed
1ff519e2
f732e209
22f5f619
f4d7e7df
fa1d0eeb
bbf2ff2b
decd1ecc
ef162209
f4110221
fa10e905
2207df0b
0a170ac6
fde6effd
eb0f06f5
0feeca2a
21e80d14
0cddd217
e2dae614
0e1feefa
dc223704
0bfeec13
d70c29ee
eaed08f5
04edd4fd
f0c6d727
e61b0e1f
e0f4f6e3
e90f0ff1
fb08d10e
04e607e1
f424f4f0
02fb1738
1d1e3105
eedefc34
da10edf1
181433e2
2604fe1b
fe031723
2d04ffe4
1805dceb
3ef21ceb
d8dddee6
ebf71115
e2fb2602
0eeff5d9
ede7f70b
14f20ce5
182b21ec
e10f13da
111be1eb
2e06eaf7
dadbed21
d41af8d4
0d0f0914
db20eee7
120e15df
2815211d
e4feefde
0cf11b1b
c5de13ea
e1f3e8e5
fbfc1d39
f40e0409
f6fde4f3
2fe6f8ed
ec26edea
0f2310f4
d4d6fb0e
ecf1f917
e21c3f30
d319dcda
f9e817ff
17e0ec27
f0e32100
1ff7ff14
03e512e5
fe130304
e8271ef8
f2fdfef2
32feeb15
f0ef0b12
240a0d08
f6f7dcf1
2106f1e9
1ffd12fd
06ecf106
ee04f023
152dece0
eb16110d
09f502f5
04e7e4db
f2041f21
2bf1c801
021df706
f8ec0de3
34d9f3e8
0ff5f2fe
02e3f1f7
d9f902f8
fb052ef6
eef8f710
1522faf0
1f150af5
e6cf1f01
02061b14
db19e1dd
190203e0
eef00ef4
131009f6
18030ff9
27dffff9
d4d11d24
0c1c0d18
f818eaf0
f2dfe615
ec0af7fa
effbe6c5
f0170bd0
070118e8
f2fce6e3
fee2f60d
ddea0617
e2fb1e07
f3ec0bdd
26221e04
d6070626
db00f309
ecfe1104
15ffe8eb
e72c05ef
fd1409e1
16f00b05
0613f7fc
0ee7fc2a
e222eaf2
202019d3
241515e6
1ce02700
e7e2ec22
d8e418ed
fc20f1e3
fa2527e1
daeb0afd
32150c18
f1301707
f9fd26ee
2023e503
0e1205e5
f01aec11
d8dfe50d
2efeecda
fcf029fd
e00f11df
181a0b28
f907fde6
ec0e0510
e4e30504
15d7dfd5
f7130bfc
fbec0325
14e300fa
f1e3200a
dbf50421
21faf9fa
e620d2ec
0cfc0807
01d9f31c
0f0214e2
ec1213eb
ebe6f7dc
f405cf0f
f61106f9
0eefde23
e325040f
e91c14ec
1ef4efdf
dbe3ec02
faeeebe7
000fe3f6
1606dadd
ed0d0e24
fc17efcd
ddfef31b
101a06e7
ecdf1af9
1217f0e7
ebf6f4ed
dde8fcfa
f718dc01
2adade31
d8f505ff
0ce51601
f5e7db2e
e138140f
3afeee10
33e2f0ef
24da1b01
fed3004d
092d15df
fa20450b
0f0cd5e7
0d0910da
0ee33129
2e04e3dd
e01ad80b
fe0e28a5
01190ce1
091b1a1f
25ee1616
d6f30d20
e1eae40f
d10e1fe1
e805deef
f23d1d0f
1ef1ec23
e9f524f1
25e1d41a
f921040e
f211ed30
08fa0d3d
0c032e1f
0feff3df
1b10f3e4
eb070cf9
f7260fd7
05f4051c
00e8e4da
2aed26e3
ec30041b
d6edee2f
f00bf02e
070e0818
28e90909
03e1e107
f101d62c
24fe0be4
0020dce4
0a241a1b
0ad710e5
e23319fb
f9142ffd
33ff1604
1cf131fa
14f908f4
e6fcf5d5
05f412e9
02dc01eb
d900e61d
2e1423e7
e61cf0ee
22de0904
05222035
fc010af6
00292a3a
00e2df0e
f100e404
ebfdecfd
fe271105
f3f7effd
2f10f228
f125e10e
d4e8f412
d71308ca
e6071aea
e62be713
1112fc20
ec0e0923
00e62919
e91efefe
da2819d3
1321ecf4
351ced11
fd06b912
f509ec1e
0623f2ec
f80c0310
cd0adb22
f332f8eb
f81b21ed
032639fa
d8f113f5
dde9edf2
e6e5130e
001c14fb
042d37fa
e50a06de
0ae9f3ea
e9f1250b
130df9f2
04f5f627
1a26f1d9
fef810dc
fa28e222
2be6d731
0727e1ff
2bf5d903
26d8e507
19dcf0f3
fbf8e719
0d1813e3
26fde0fa
1517fdec
e9f01719
f709e7ea
f4dce91b
011add01
13f40c20
d6d9db0a
f129162a
c829ffd4
effe0eda
f41a0c11
f6fbe312
0201e90f
1bec212d
06dcf600
1affefd5
eb010a28
e9e80925
250fe7fc
1718091d
1e36fa2a
f1290111
2e1517e9
1f252bda
faea1514
d4f9edd9
08ddf2da
f1322deb
0efa01fd
e4e61c05
2ae3000c
020ed8e9
161b0fd7
fd36de1b
38f2e722
0804eb14
f3e9031b
0221f4e1
010b1ae5
0108e823
1b230b18
e8dcdc00
19204825
1b04130f
1b170a36
ee1df20e
09f7ec0b
f6f9e3ed
2213e2dd
f00a140d
071b270b
2fda3cee
280aea09
da3209fd
2a062af1
d008cf11
1cefd508
1602e32e
fd0aeddf
0e1df206
19061ae5
d201db34
e3f7e8e2
1cef18d5
e51efee2
0efbf6d1
0afae0ed
16171211
26e8df14
331d16ec
1dd4e111
1ee80c0c
ecf900ed
edef1b04
0422fae5
0ddaed12
ecd5250f
1f22152c
faf7f32a
09fd22ea
24141c00
e7ffc70d
14ec071f
ff1eee01
d1d7e3f3
0eea162c
e5d6e8fe
db19ddd8
e1f50f1a
09f103f6
071eeb0a
e3dcc81f
2deb00d2
1503ebdd
e1f4eb15
eddb0816
eae6ec19
f1092928
f2de0e1d
e81ef3e6
01d313ff
fdd6111d
0ada1514
cff2def2
11e61118
020ef404
0e33e3db
17cb1f08
ea0713d2
1ff2e8f6
ec18040b
f00fe00d
e818dcfb
d32afbe4
fb0beb24
d8dae508
1412def4
0c18d207
f8f6f6ee
c6e0deda
0f0c04f3
07eadceb
e3e6edf0
37f90711
f003f80f
ebfbdcf0
1cfddcdd
e10fe5e6
2009ede0
f80c0bea
e32902e2
e912df0c
1fdafcf8
1a08d0d0
d80c0d05
070f22dd
ff1912d6
f611e1e2
0be20f1b
14051dd7
faddeefa
05d9eafc
1b13d9bf
21dc1deb
030c14fd
d70cc2f7
eaeef4ed
23ea2ee8
dedb0ed9
de270515
0eccdff4
e91b16d6
f913f3e0
e60d12fb
1dfd06ee
fb0fed14
f005e6ef
23f4efec
fce60509
f9e214fe
eb10dd25
d10b0a2e
0f16ddde
e7ecd619
1ef9f4d0
f8f5e1ea
141fde1f
feed0812
e900231d
22ee20ef
1519f0f8
df00f014
e624f4e6
0ddfdaff
dbe8f0cc
e9ec1cf7
020ee309
dfffe20a
d7daffe2
081c26dc
141b0d0e
f3f5ca14
d9defedd
f7f1ddf1
09f705d6
06fad8c8
0d0115f9
2dec18da
f8ea08f6
fadc0df6
f6e4f21f
fcf413ef
1c0febe1
e21405d1
e6db05f7
f00509fd
f2ebdef9
25f30fe6
ee1cfbe5
3411f1d6
07fce9f1
f5f2f9f9
1e0dd8f3
1aeae7f5
0dd825ff
f501eb02
fa14faff
ded3d8f9
dd0fd820
1ce7d0f9
1ecfe21a
04d7f7e5
f1e819e1
f429d80a
efee1909
e3e116de
fceafbd1
0bf6df22
d3d72f0d
d7e8f6de
e40a040d
15e8fcf1
e5e006c2
e3e4070d
edf3eb07
02ffcfec
de25ce11
17111de1
e706e9c1
0e110def
f70001fd
13f10fd9
ea110ef5
ddde18db
37fb0f20
e0f5f20c
27f30a0a
effd16d7
e71706de
12011af1
eaf61008
cf0cf1f3
e02316f9
0312e916
eeddda2a
dee10d0d
e00ae6ed
d4d6e8c5
df0f1707
25d20fd9
cf0de60c
010bfa29
ee0304ec
08fb11db
19dd0eef
09dafddb
0111f31e
15f7fd20
25c0f9fc
f1f4e3d6
c7d61c0a
ebf40711
fc410df0
24e31beb
fed10128
0ffef70e
ff0c0ce4
19e50702
f92018fa
e50fd7d9
17f1f9f7
f7e6fb12
1805c50b
f6faf11a
faef06dc
ffffeacd
eadd0103
f0fef32f
e7fefa19
f70a070e
c613f610
00d2d4cc
09d72017
e41a1600
d9e8fb0b
03e7f0f1
e90f0ce3
f4d71d0b
f3d8e7f7
f8e8f40f
ea260cf4
ff12cf09
0fce1fe0
02db08f1
dddef0d9
d4111117
17edd9f9
d8e41cf2
de00cbfe
d50d23e1
d81d1a0e
e0eaf00c
10f603e0
e5040317
17f01ae8
03f1d2e8
d0f2052d
f8021105
0ff0e508
1104eceb
1bfb311d
02f5d600
fa16e618
160bf6d3
f8eb20e7
040114f5
dce51bd2
f813f604
d9ec0312
09071d13
e9dfdfe8
fa0fcdd7
0d14f70d
09f1ebfa
230af6dc
1ce30cdb
f70e0fd6
13f806c6
150fe8da
dc0310de
20f71c03
f11ff10d
1118f102
eef3161b
f50ff7d1
0fe1fce6
efc82deb
04f10412
0111efff
ebd908f3
f2fd08ea
0806d31a
1ae921ec
06ebe00f
01d903f6
dadcfb10
0df3e018
d70b1bfe
ee1702fe
26dafaf1
04f81013
230cffd1
01ef0d1a
e918fee0
18230c1c
2df3c3dc
12dff7e0
faf9f114
e6f219f0
dc0be304
13efd70c
e91afbd8
01edfbfc
d8c7df02
f422ddf2
14dd0419
150e040b
e5e4000b
1af710db
f705df0e
06ee2c02
e6180c14
1ff3e419
0bdfcb1e
0ff030ff
10e5d6f4
fd1df1f9
28f602c8
13e90b20
fe0718fa
0a1ee8ea
d803e3cf
11141515
151af4db
1708e4f3
fb060af9
f9f102e4
e5141004
260904ed
11ec00f8
09fd0a0c
11130ed3
d0d1de0a
f5e2e507
ebfee505
fb18db14
08e90002
ea171d13
e318f0c7
d8dd1420
050f1d09
e31acc03
18e1fee7
2e06ecdb
dff717cd
dffbd2e5
09f813f8
f0f20dfe
11f519e8
e0d51bea
d3e309e1
edd70514
00f1df00
efdeef14
091815fa
1a1a0402
f223f429
e2f8092c
081c0ded
1523e31c
e9d311d5
edebe7e9
05fa0015
23f8e420
f0fbd501
fdeee0dd
eb0404dd
e7e8e4ff
04f61c16
05c4e2d4
d624ded4
161eec17
e1e200e9
14d6ca04
111f1ef9
0ef70514
e90302fc
f5ed0607
11df1f13
d010e2fc
11df132b
0aeeddce
cbdaf1f9
28160e1f
fbf9ef11
f10cf0d0
d9ecd306
090cd8f8
f81f0814
e20d13e8
16d4fc0d
37db141a
1201e0dc
10ed06fb
df391b0e
f20222d9
fbec1def
d1ead61e
e9f2db10
0cefeb05
18fef2f4
f802eedf
11f7f7f7
e5cc1905
0df4efdf
d8dcd5f9
1e1f18c9
e4d70c07
ef1cf203
ecd7da1e
fe0d1710
e9151123
0deaf108
f6dc0cdd
1afcd801
e22e00ef
0237d516
021d06ef
f4ff1615
f911ec1e
f0db34d9
0125dd04
070f13e5
05e7c0e8
20df131b
e7e62116
f01a06f1
d327e5ec
ee24dad6
f1dfdd2d
02ecf4de
e31c1e04
bb162304
000df404
142f091b
16da082c
fe1aebfe
0ae5ebda
e4f7fbe7
d6d7e7ea
17e3e612
1904020e
24f91c18
dff7f326
f007152c
e029f915
e105dd11
e9dfe11a
ee0b18d4
0cf8f2d3
1d0af1f4
1ee412ec
01d71516
0cd7d91c
fcf2d8f6
d6fe1d08
2c05d2fc
faf7e8f5
f9eae8dc
1beee8d0
ef02e5e9
0b071deb
fee0ff0a
d3121408
e80520ec
0602fce2
11f1d521
e3e41ffd
191bf11c
f91601dd
190aeb06
fa13ef0e
06ea0412
1ff0f10d
20f1fbda
e5eee90f
f4e71a1b
ebfb13df
e50ef9fe
0634f7f4
f9f1fbf5
01ebf9fb
fff2fd1b
f1eae40c
d5edf3ba
1906ef0d
f81dd725
1a07ed14
fe06ef2b
e6ff2214
cc1f0000
f7e9ef31
202e08fd
dc0ce30e
ed0ffb0e
fd08df0e
b9f5f109
0fc8121f
fd02f520
d3fa1b23
ece105e1
1807e200
d8fc010e
14da21eb
1ff6db07
00dfe7f1
f1f31f1a
0affd612
ee1c0424
ff18cc08
0bcb0af6
fa0ef217
f61d0aea
f6d81207
1ae2f913
e8d30d1c
e10bf8e9
d916e0d1
f2dcf111
d9e3f901
121219ed
eaf7fbfc
f4f9ded9
09020cfa
e215fd0d
ed040adf
def8ecd5
dbeadb11
f60dff13
d9ed1012
e219ed16
0dd717e5
120f1fda
1eeecaed
e5e90ae1
1bfa27f0
e2eef9f7
2117e50d
f3e404ea
fedd0514
d8e3ff1c
01dd03e8
0ad7fcf8
1922d9ea
c92fd410
1efd091b
f60ff3ef
000bf8f0
02e9f9f2
13280422
07260a05
09fe060f
f40bf011
f5f71b11
0fd6e7ec
18d8e717
f029c61c
fc1f1aed
10e5fadc
f1fb0e13
07230320
efddec19
d4e91025
0517e4fa
d2f21b10
d8f9ebe0
eb1127f5
0bd9100a
f205e4f7
14f2ce1d
1d0017ee
cf29efdb
170a0af3
14fd10d9
eee7ee06
0508e9ff
fdded7e5
ecd2f0cc
e9d72020
1e061ce1
11f311e0
04d5fc0b
eaf812e1
3215150f
21f6eeff
e2f1f4db
f3f211ed
0605f81c
0024f5e0
07e4e4db
0c2c10eb
fedef905
0c11dbf9
1af601e9
13e2040f
1804eaf8
e1d632e5
f4f71d14
0a18e417
f104d700
e1da16e7
d2ef0e00
e3db1608
f7f71a24
d3f7140a
e900f9f5
1915bb16
ee1eeef4
eef0fd1e
eb161be4
11ebeecc
02eaf5e9
ef1716e9
f9fff4fb
e4241318
e31108e4
ff080300
fce0f6df
eee60014
f5c10ae5
07d9e013
f5e704f0
0d1d120f
1fd600e7
07d21307
17e91e19
e01f10f0
0516f5f3
e2c81c15
f926011c
0dfd00eb
0afa0de5
feda11f7
03e70612
faf4201a
03101819
d2f7d7fa
08f7e2ea
eefc1123
25de1b13
ebdb18da
100e0104
100df10a
fdfffbd4
f9140d1d
1c21190b
eec2fbe4
1ef1f41b
f7f805f9
e5f8fbf2
19f61ced
01e8d6f4
1f00daf5
0903f706
f4ffd50f
eb0f11ff
e9ddebfe
e013d5e3
0c17eedc
fcf1db12
f5e8ec00
1ad90b20
ede109c6
1e21fedc
21e0d907
e3eb0d19
02daf315
fb1ee7d9
18e603fa
d8ff071a
d50cdcf7
0511ecfb
0b271909
f0ec19dd
df0903f2
1eee1ced
22f1ffdc
16f9f7f2
e103fad3
0f0502e4
db17ff04
1ef7ef15
1d1ae5ff
1409ff01
f408cb09
06020dd6
e8fff0f1
d6e8e5ff
f0ee0b1f
2a17ecdb
09eb031a
fc0af31d
0eae1c16
e2110deb
eddcebf1
f2e21ddd
0bea12f0
e5fd01de
f90beee3
ddd30521
e80515f5
fbeed6fb
0de31814
f60fe0e2
d8ebf5d7
210adafd
edc9d421
dedc1b05
01d5e7d9
f619f5ec
d8d2d320
e8180618
f6e2e9fc
f72110f7
e916100d
1fd8eae7
f4dc2504
ee11d8e1
dc1c12d2
fbefd91e
18db00d7
1920fc05
1d09f1f8
160ef7e5
dbe0f2f3
14e8d620
1e0af3e8
1b03030c
0e0e0afd
cdda1e0e
ead9ed11
dde5dfdc
f20f11d7
db07e3ff
1e0afe18
f1170ef9
dc1e1802
0c181c18
1316d9e3
e5f8e919
f015e5d4
221eead7
d4dd0dd6
f033e0e6
0e07f503
d500dc0f
05dee108
e9b8e602
f8fd00ed
d904e7f7
1fd50dfc
0fd0e9d8
e300e114
1aeb0701
d81fe004
16f1dbf4
16d2ec1b
da2a05d2
1b0abb07
f913ecfe
000e1de1
19f6ee1f
1ef10af7
f608ff0c
f0dd1820
0c10fcce
00f61317
eb1b0c19
1908e7d7
1ddc1ee5
05dccd22
2005e107
e21f1af6
e4fe1220
24c1f01c
1d17cdf4
d6eadd00
d9f1d011
11fb0ae4
fa0c1003
f50ce404
0b10e4e9
19fa1af4
dd1ef4d8
1d03e9e9
dce01007
04dbd911
180ceb21
e40cd8fb
efe6130e
de05f2f6
d4020e22
e21a11d8
0be20e08
e7ddf2f8
0b1a0f19
f5271002
1219d91d
f913c10d
1eedeb15
1222f2dc
e1f8dbf9
0cebd8f5
e2e516d9
1c0a17f6
2602f8ef
f324dee0
f215e2e5
ede6d22a
0b12e8e6
ff07d606
d4fadd0d
e1faf8f0
fb04f703
06e1fd19
f2eee41e
04e2ee12
e510fa13
f712e8da
1a1bf2de
edf2ee0f
18e5ffea
dde6c8e8
12e304d6
d7f5ede5
d805e01f
f7dfe3de
f417e0fb
e4d90901
121205e2
090af109
1412ef0d
1bd70bfa
dadef41e
fac7eb01
d91c1fe9
1be911fd
0009d7f0
de00ed0f
eefae513
12ff171e
b10fd1da
211227f0
011501f0
17d3f4df
f41e111a
1af508e4
f2f30711
e51ac119
f4f10cf8
ecd915ed
0917d61d
17defa1d
210e1914
e40316e4
1514ef19
f5f1f420
dd081b07
d9ef14e3
06fad4ee
e2160eed
d401def2
d4daf6e5
19150918
eb170bf4
0efeeed7
f402eef1
21fd1ff0
f9f914f9
0e0b02e0
00f614e4
f64404e2
18e4ea06
e61f101a
e60b12f9
c6170ce7
19fcdaf3
f8def7de
1423fafb
fc040921
ff001613
1ae0060a
d3db0803
1416160d
edcfffe7
f801daf0
ddf4f309
1ff8fad7
d71518da
13f8ea05
f91b1302
d6e1f509
f8e2ef00
fe2216ef
fbd5e4db
e8fa1fe1
1ae113fd
e1f70110
dde1e908
1b06ee1c
d8d51fed
d4e813ff
13ebecf9
1821d5d6
1109f7e5
e2e30302
fde5f1d8
1f20dc09
ebf017d7
f1d910d8
0de308e3
f51bdbfc
1105e808
18111ae6
08f8f9db
f2f10327
02db1d17
11240fdb
00fc18f3
f3ec1be4
fe021c14
11e0f1ea
0ad4ea1e
fef8d802
03220aff
f5e9eb02
11e5fe16
0b12f5fa
eefb0c19
e21202f8
13e2fdc0
0bec09e9
dc18dbf1
feed19ef
eee60215
fc17fde6
0ff7e7c8
f0f92012
d7fbed13
fafaf410
19d8f3ff
ece2fb03
eddada06
d41f1ae1
1a17dbe7
29f6eff6
08f018fa
1cdfeeda
1a020ad5
f6db00ec
2100161a
f5f1151c
cf071821
0501fbd8
13f8e314
fdf61b13
0bd4d7fe
010c0a13
fe0aed01
14ebf618
eb1d0f0a
e2e7f8ef
04e8de1a
e5d4e7df
f7121dfb
1bd707f4
0fd50f03
10f1c7f8
e72101d9
13d8f0fc
01fa1be6
efdffe0c
f91aec1b
0f1d15d6
12ea0fe3
1107e201
1af5dced
04fedd04
0204e9db
221af5dc
db0cef0d
f00e10ec
f327181b
ebd8f3f2
071b070e
e3e6ec0a
1b25e3d6
d518e7fa
f00de00a
0d12f40d
05e004fc
dbfd0ed3
e1050c21
dc24def3
e1e7d6fb
f40917f4
f4e8e314
f0081ae9
e919e21f
09f1f1f4
10eaf32c
e3dd0e02
e2f4db0d
c2eeeb10
e7f516d6
031205d6
eee3d317
050eddea
08f7edee
eb10e1f0
ebfafffc
0c0f0a1b
df2e201b
04e415fd
00e3fe07
feebfde2
db08f7e5
1f20eb0c
0ad71d1c
c5f2d3df
ed1515fc
190218e1
191c00f9
0ff80afd
eb1202f7
1cdbd706
05ccf21f
2002e405
dffff3e0
0b1dde0a
fa04031c
030de8e0
0bf3df00
cbf0f0ed
0aecffe0
e7e4ed02
f3dd0df3
21e6dbea
08dd03ed
1febe1fb
071f1cf8
d61b0b0b
f513defd
f716e1ea
fdfd14e0
e3e61b12
f5fa1ffb
20131afa
1d0efb00
e910e1dc
031f170b
de1a1700
f70b0c1c
f0ef1e19
ea16f0da
1900fde8
1cfae8f2
e9e4e410
0101f215
e40913ea
e3dee8ec
15202509
ea12e7d9
170d0b04
150fde21
1a00ef18
02f6e803
f2f1daf0
00d6e9f2
0d01feef
fd101e0a
12df1621
d7d213fe
0f1cdd07
f0e22316
f9f51ef2
1c00e1f4
03f110f2
d813dad9
e909df08
0d09d608
e1ebe1f1
e9dc03fe
04d2030f
e60eee18
ece3cefd
e5df00e7
05d8ee0d
daeaf3e8
e0f3f518
d9dbe1fb
d6daea10
100d2110
02fee71b
e9f1e3f2
0c1f09f3
1ae1d5f8
e2fd0f16
f50b130c
f0e90dfe
0cf70fed
f2e7d5ed
01e1e61a
05fb0f17
e422df0a
01d7fe0e
090f0020
0ff5f4df
f321fbfc
fd01f6ea
d9f4fd11
f40507fd
f5e2ee0b
060ee4f5
f0e1e8f8
11e6ffe2
f8de1205
f0fd1314
14ed0a02
ddd8fefa
08ebdc0f
1ad80bfc
ec1ee6fb
edfde505
fb0ef20a
1afff9e8
f3050219
101c13f2
0800d11c
da0ef8e1
01fcee0c
ede8d51e
f6fceeeb
ebfa20f6
f3150e01
ec07dcfb
e60013e2
1205dcf3
fdf90404
0d0827da
1bfce71f
ef13f5d6
0cf0e521
14e8f105
eb1af9ea
0c16e300
fde70317
10180301
ba1dfd1a
e020daff
0221ec1f
e6150ef9
f30614f7
fef8d51a
09cef214
fc04f301
1314e6ee
e0e5e5de
020a08e1
141011e1
dff4e8e7
eade1705
12fb08d7
0dfcd61b
e8e6ed08
e81c20f5
f715fcd6
0d1a1dfa
1fdafffe
1316fede
0f1504f5
172b1f02
f007200a
07140ce5
fdee02fa
1ff8d402
102c0e08
f8080bf2
ea00ec16
fa10e7f5
fd04e0ef
123a0cf6
e9052504
e705062c
f8f6e61b
1f16fc09
0df8dd2c
1a01ed19
f72800bf
ff04fd0d
37dee22c
fb252201
f9f20c19
e2dcf4f8
d905dde0
eaf1d8f4
200a11f1
04eb0604
d5fb0920
ecea1506
11f524ed
25d60efa
f22623e2
e1111103
fa2af114
0a202cf0
271726f5
05d826f5
d702d611
07e41ef2
08f016d6
09eff112
f4e8fb28
f31528f1
18e4ed20
25e0230c
03fdef07
24ffeb03
1d190715
12eb14d9
ebdef1f7
e7dde5e9
f0071bf7
fc19160d
1aff09e8
32f42ad1
f7c0e91b
0a38e50f
290f2615
ed18dcd4
1e2700ea
f419170b
0716e011
2dfff1f2
1effd7e0
eefa24ed
f34101fe
0afed2f5
e417ee10
12f4d923
f91a2407
0939f4f2
ecefe6e1
26481e1f
f011eb1b
dc001bdc
ddf21be6
0ce5cb0b
fffcff07
190f1624
4001ceec
1bdfe806
0ff006d0
f11f0fc7
03e61cfc
1cfe1216
2710f321
f51cf506
e50c11e4
ec07f61f
04e2f012
12f6f91a
cff1fc17
ee2607ef
ea33f822
d9080124
07fbf8ee
0c19e4f8
e82ef41e
e41d1e0d
2b023ae2
34d4eee4
c2f9f6db
e2fd2800
27103fdb
b9f1dff7
d70e0cf8
20e726e6
221ce9f4
02e2f712
0a0af7d7
fd0110e7
2122f11c
ede8f209
f7d9dcf1
00131314
10040401
ec2b1fe8
1ffd04f0
1925f9f0
ebc6e2d9
0113ccea
2bf800d0
dff7dcd5
1600e810
ff06eb04
230905e8
f00416f3
11ee13f9
fb2f11db
090a27ff
f4fff906
ff0efee1
edf9f509
25350c09
1a32e234
0805e3f0
fc15e019
27001001
ed3b02e0
eb0541fa
0a252106
230a13f2
d6ec0903
f7fce01e
fbf5180e
f11f06fb
fe02ece1
3af4f0ec
24161209
11ebeb0c
f1dff41b
e1163fed
0df0fa26
0b192313
f520dbef
f0e91a15
07f8e43a
d910f1f3
b7def0f7
d9f5e0ed
f6f70ee6
024811e8
e7dfe6fe
2f0c4dff
1f0d16f9
f8e1d603
f20ff4f4
04102015
0f2df3e4
06f7dd0d
10d523f2
f301fe1d
e6f9fbfa
f9e4e01c
e6e321e6
fa082015
f7da02f4
f0de0b19
e6d8dd24
e3e3dd02
def9f511
1603dcd9
2d032e09
dfc3d8e1
e9f8f9f4
f6f51ccb
e51ffcdc
e4f302f6
27ebf2f3
1edbe5fe
f8e8f1f9
f216e815
16f9f3db
11e71ce3
eae10cdb
f5e01c06
2be1081d
0b0807cf
d9e8f1f1
16de070c
ee3208ff
e6fb0900
da25fcee
1201e5f4
fd04fbe8
edf808e6
ddf1f41d
ec1eeefe
eedcf1fa
de39f1c6
310705f7
27fee3fb
23f7cbec
200c161e
ec02d311
dd0a2e0a
1dece3f0
f2061fe6
dd011e2c
d0f10610
f70b04ec
cee81122
f2d2d6f9
0d0a0cf7
1b0e0d1d
d61efb11
f82732e5
13f41102
0b221eed
16efd419
1f11ed18
fb134be3
1d2cf736
05140111
0c19f8dd
22faf0fe
1b140cf3
1511e3e2
d8f618ee
01df1f08
190c14e6
1600221e
fadf200d
1205f913
fc26e6d8
f7230f1e
ffe419fc
12bc0209
e129e5dc
d6e7ed29
01e2e320
e6ea020d
d80bf1ee
e5ef02da
e3e61624
0503f8df
17e4e9ed
d601fcf2
1114e8e2
f51b16e0
d01ecc1b
f9f0e3f1
f924ea1c
df04f20c
18f60dec
e9f32017
04df00d7
1defe1f0
ea0804e6
f9f31fe9
e6e3e6e3
fff6d9f7
e4f3fcd3
d712fbc1
de12050a
0decfb17
d22ed106
131520fd
21f1f1eb
e9fc242a
1215fde8
01e615ea
f01ff4f0
05201ae5
fdff13fc
e8031802
d4ff140a
fdfff8e2
19fef4e0
1cff16e5
1502cb12
0ffd1814
e01222fc
e2dc09cc
18d81106
05091415
d7100019
e9181a0e
f10ae5e5
05faf91e
03e9dc10
14e62101
021eefd6
19ddf419
1fcffb17
07e507e6
12fdf115
f7fd1ef3
1c111f17
21f0fe03
d712e5ce
edd7c8ef
0e02f217
f6e8de27
e611f417
e13b1d14
dce210f7
08edd5f9
fb07ece1
ca1e1401
060109f5
df260ef2
2a21e120
07f01315
0cec1b30
0ef21bfa
0015f81f
d713e003
25f410eb
c5ea39fd
db3a02eb
da2007e6
dd20e501
1924f5ec
1cdf0b1a
e9eccf13
08ec01f3
e7f50c06
0f100b02
0e0220fa
ee460ef1
fa09f601
f714eaf7
fef507df
e2f0fe0f
1126fcf5
f214fc13
12f2291f
eb09e533
15063300
e210d6fd
e721fff8
d80708ef
e7eb051a
00d7ddff
17df2fdf
2101e61f
d51c07f9
f917f307
07ee06e6
d0001d09
fe1d182f
c706da2b
11fa2206
1ad5fced
1707f519
f700f1ec
030adb0d
d5effa1b
17cd1ee9
03f4dafd
fcebf7d4
1500f8ef
f119f0e5
e3e90eea
f3e92ad3
d619c70d
ca092cdd
ed19ddff
f92a101a
ef01fffa
0d16dff1
320df0f8
1d0de7ff
f5dfd800
020de1e5
e90cd6fd
def6f5da
fddee942
1f132723
38fa1308
1d1427d6
dd2f1638
f9dae441
d203fdff
1c04f52e
f52c2439
e20be2e5
21f31014
4c02cff8
10e8eb1d
f6f04bde
f70bfd30
2ad718fe
dc0a15f0
0de5230c
210822e3
e8181af7
de0fdc0d
230f350d
d9da0812
0f263609
f40de12a
f9eff5ed
0d2feb29
0a2dfa16
e8e6f2fb
1af9f1ff
0d153ff8
df0d0ed8
0e0c2001
ee19efef
e012d3ff
03d33802
0608f408
f5e7dd39
19451317
1ef1f9e6
1d12212c
0602e0ee
07000cf6
f60fe3d9
ff37f8f1
f3ebed26
19ecf0e9
f8fc04eb
14210df0
fd141fd8
fdee0bfa
1405010b
2828ee14
ff32441e
e1f21e20
f836d8e9
1ae9d7de
0311e5fd
09ffff13
fefc1afd
f925eef4
1e4116db
f0f3c707
ef09ddf7
190a0442
3506131f
fd1cea03
f70f211f
fa381618
d523f933
d0451fdb
14030903
ef1eeed4
0e3af9e9
f80418d9
30f9ff10
08e0f218
0a17f2d2
0b07eafb
e3f01dfb
d6fdedf5
d711ce22
0eff1b13
d707fffa
d31bff21
e12c260a
faf61921
fdef04f0
2417f505
e91f2cfd
06ed1825
2211d703
1c0b0ef1
1d06e9e4
0fe8f7f5
f516f5e4
0ae51620
05fbf0f4
1918d1ec
fb1b2718
e40ad8fa
16f91009
d43dc6fc
12ed200e
1e10ee02
2f12dfdf
f8f71f04
fff03006
e9090cf2
f7ee0914
06efd7e8
1a1cd9f7
f01412e5
12ebed13
ea0b1efc
0903e817
0e230413
b2291ed4
031e21f7
10151d0e
2f0321ec
f612dfff
180ae508
2ee70d05
f0f0fe25
e70f0ceb
0efbd028
ea0cfa02
df1df2fa
181b0af5
0519e608
3d29fe02
dc0f1c0a
d2111d16
e80d0314
0df5dc06
03fefbf0
ec3d0bdb
f400e7dd
35fae70a
eb2501eb
f628fbde
f8fbef04
f41de0f8
ef2efd1e
e0f7e40b
e81d1916
05e2de0b
1710d816
ef1ceb1b
efe01a11
e8dc1400
e62bed14
25fe222e
ff33df1d
1deef5ff
ede6f017
ef070c00
e4e517e8
1a181cfc
161d1d09
1e1fd3df
e9000d13
e40a1edf
fd270c2b
f9f91ef9
16edd3f2
e7df0912
ec032235
2d19fd14
0005020d
1d02e9ea
dcf3ee08
18e7e926
0ce4fc0c
f60a11d8
fc04f5de
1fdce3f7
d1f0e323
f511d603
19ef1408
fa031119
0e12d90b
07f919e4
f00d1304
fa08db1b
1d09dffa
fddb16e8
27081be3
fa07fafd
0c021eee
12e401f0
21010812
0e091f1d
ec0e1c18
2501e70c
33fbe024
d604eaf7
0930011b
1dfb2635
ede618f5
1117140b
fb02e1d6
f8de2215
dfdc24ec
e9e60ce2
f1da060a
e3f01906
0f171c09
0ddde7df
0e091502
d410041a
f0fa03e2
e61704ee
fdf4141d
0a02fb1a
e3d8e80f
e0f8e52e
07f41ae1
f10a0fee
08de0de0
fa1e1be5
1e190809
04120d07
effbf2f1
07e8d9fd
16171912
fd06fa0f
e10200f6
daf4daee
01f91de1
01211dfe
e720f71e
f9df0817
0af40ae1
f5f5ec08
f5e6ece6
f5090ee1
dade0011
e214e6e8
fede05e7
e7e60ae7
25fce10f
dd08dc1a
f822edfd
f3ea2009
f0e2e8df
1bdfd71f
0616f4e5
e9f32ef6
fdf3e117
f9fee6fb
2900d723
1ae9ef13
efde0c18
01f11be8
edf2061e
1806fbf8
d605e9e2
e3f305d6
03fa1523
e9e6ebec
01eee7f7
ed121cf3
d5fae0fc
e9dff4df
dedbf1da
e20e0fe8
18f71bdc
fce6e6e8
0009f0fd
0001dcff
f803f70d
fb01f8d2
eaf409e1
edf8d907
e4041af5
f2f32202
faef1119
ee2f1224
071a0e08
0906051a
21e20915
1d23e6e1
1ce3130d
dfe70ff8
1d1c090b
ff150d1a
eb10f805
22f90efa
e2eb22de
da14f620
17f9f11d
06da06d8
19df1bfc
07f0d916
010df0d8
d9e3efe4
f4daed25
1ce10b09
de24e8fa
0dfcdd24
ef18daf0
eb14161e
13def9dc
db09db08
05dddce6
1edb1616
faef22ee
20dd2c00
f8ef11ff
df0e23fb
2523e416
f11703ef
dd0eeee5
eff0fd04
f9fce118
1f0908f7
dc151fe3
02ff0b17
09ecf717
fd1ee41c
eee3fee5
f1fcf1d8
1b0611d8
dbf12305
da240d1d
e5fe05e0
171df6e7
19e8e10b
f7ef1d12
f005e5f0
0ce4fce9
1eedff00
0812180d
ed0119ed
e5fe08f0
dcfed915
0adcece5
10d9f10f
ede3dafa
11f71dfa
ebf8db14
1afaeaf5
f5100b0b
0cd9d526
05fdfa21
f0eaf315
1f1dfffe
08ecf2ee
eb12f204
eef20cf5
090bf50c
eae60fe7
040a0d0d
1ae02213
dcff1b1a
dce1f906
e2f9ef1a
f6061e16
ee02ece6
e80bed08
1cd60c22
e3fbf01d
f9dfdef8
1e131cf9
e9eee3fb
2919f01a
03f51217
0d0ce010
eef5ff09
06181622
ee13e7ea
ebe9f118
e304f4f9
26f9121b
12f50bd5
05e4ff0a
08f6e0f4
f912e4d3
e903e40f
dc2af7f8
db130afd
1405f225
09130a21
f8f90508
eb0ffbff
f5e805f0
ef0adb20
0ed91af4
1c09fe1a
e120ff15
ea0efded
fef2f20c
2111f2fd
e4dae1ed
11e21c1d
17e500e6
f70b260e
ed19efd4
27f1f918
e00a09ec
0b0d0dda
09e9f6ea
0b04ec1b
deeee91c
f9ec190e
14f5f01f
0c1cdfe5
e4ec17fc
06f50fef
f0170bef
07f80217
0107e8f8
0ce81eee
19f0fef4
e6e6fcd7
f507feeb
09f60cf9
26df15df
1d0cf8e1
f5f8f1f3
ee0416f9
1b1e0b1d
1c032120
1020f2fc
fcf4e206
e72eecf5
dbfbe61b
1a0de8f5
ee20d304
e43805f0
e01efd13
2b010014
19ed0218
16e706e7
16eb07d6
fb0120ea
f30116f9
e60e08f4
040ef9e4
d7fdfe0d
08d61c00
1c1eed19
dcf9f915
d9232621
f103fdea
dcda0ae7
f01114e7
e7e409f4
e4291af8
210dffed
06ec091b
001b0018
0b210ef0
f318f2f1
eceadcf9
110afee0
fdd822dc
21eb1c1a
0feff90b
f81d0ee8
e00c19df
ebeae217
e9050815
e6f404db
0b09e60b
d70cf7df
00f914e8
1de01ae3
0f0ddf16
ec2a05ef
0400e1f4
f3e304e9
dee4dad8
f9e1ef07
e104e71e
fe130d0e
e7f6ee0a
21da00eb
1316fbf5
18d7082c
0ce21d08
0a00091b
07e1f61a
da05ffe1
e1e91719
e6fa01f9
0b0119ef
15120fee
03eef10c
ff0d12eb
f52007f4
e21cdaee
e210fbdc
211510dd
27ef3ced
11f919df
20dcfee5
16e6e2ee
f1fc0307
16202c0a
e711dbdd
23e505ef
05fed501
fa0ee9da
09e30b24
fd1e191e
e2080511
ee1df310
ffebe9e0
d51df60c
f5d430fe
0921dd04
10f017fa
e90ee0d8
1e04d5de
e9ee00fb
1501e204
02062f25
09df00fb
12f40a10
ebfc0ad6
f00eef0f
f7d027d5
d802f6f2
faf310e9
07ff1e10
1034f0f8
dd130615
fcddea12
f313f90e
e6f213fd
050f01fd
e0e6ecee
e31ff8ed
ff06f7ef
f4ff202c
e8131bdc
fa2115d9
e305ef00
fef10f12
0e04e3fd
1010f8f4
07e3eafc
d8fad70d
dc0a02f8
17161711
29f0f31b
f2f4131e
f9d91325
07d4ed22
e8d523df
f7ea25df
fed5db21
1c0a09e6
051407dd
21d7e820
03e8e51a
fced0af2
18f913fc
ea0d06f2
11e110ec
2307e625
22e10715
f0151b0b
0df2f414
f3f60cfd
f302e019
1b121600
eb16f8f8
10f6dfe1
141cecf0
fc1ae908
04f817e8
e9de0be0
101e0703
f91400e6
15e9d9f0
fae2ef1a
13e3e4e7
201c1cfb
12f90f0b
e3dbf70f
e707e9d7
de1510ee
0900fc13
ecd4e71d
ffdfe1ee
01e4f2f0
211decf4
08e3dd17
f60e291a
fafa05e7
ecdd1c04
e9e5f3f9
2117fcf5
16fff2f5
08efe220
f90ce0ed
e5ff0e15
fa05f0e3
f5d6e610
d721f9dc
ddee08fa
e72cfcd5
0c15e0e8
091004e6
0815f021
e4fae927
06e6190d
0b0aefe2
fefdd417
f7f7e2e1
22e02b15
19f41112
e2e3d9e2
06e5e3e0
2be3190b
010e32fa
e103fafd
200703e4
0ceffeff
dd2bd9ea
28202af2
001c1ee5
1fe40813
f5fee8f1
1bda0f06
ea37e6d9
e01620e5
1c0f06fb
ece4dfed
e907e9ff
f20dfa06
22efd9e2
e902e915
04fd1111
ff05e8e5
fb0221f3
2b0df121
001d1111
19231205
e70d2015
ebdc1fef
fbf004fa
fcf415df
daef0003
0113d40f
1feff005
dbf910e8
1f0e00ea
1509000b
19230ee6
0df0e319
f7e701f6
f2f00ef8
fd1ef92d
02fa1603
13e4f9e2
fc1a1214
fe012904
22f801f1
0bf8010f
f1f8fe1e
e4190bf5
1d1806f5
04ea1902
f0f62206
f61f04f6
2df818ec
dffe0fd9
250debf9
f5d9e7e5
ed07e9f2
e9032def
fc21160a
f4021712
23e5230a
e7eed5fc
f8e402f3
d8f30c06
f409d6de
05fd3421
e129e7fd
f8eaf61f
1edbdb14
ff0910de
fffc30e2
f5e0e5f3
eeea131a
1900fa05
08e7f8f6
30132323
effdf7f3
1c00e1e1
0bdbdddc
dade2815
3c0f20e6
ebf50619
ed19d9fc
d6161f12
ed0de8d9
effb05e1
2c0a27ea
0a0f16ea
23fc1d04
14dce30f
0413fa1e
f0fc0ee4
0ef9e2d9
17dd20fa
0ef4e404
fe13e9f3
17d9de20
2412d60e
e2d5eb12
05e00614
dc0507f2
fbebdef0
1c0e30e2
11d7e4e5
e2ed0bde
1914ee0a
0ededa20
e3211fd4
0e151efa
05f204df
d8300af2
1af5f319
e0e4fadb
d6f21cee
da010c18
f2e01e11
17f6f5f0
d623f8ed
2208ef19
ff1ee206
e02c1df9
e31ce918
e81ff0dc
d2021f21
04f202f6
f2d0e8eb
eaecf71d
00de1ffa
1aee071b
da17301e
f0faf2da
2bfedcff
14da04e9
25231918
21020c01
181efbde
27ec1405
20f800e8
0ffeef04
13090116
061e081b
04faf3f4
e2e51c15
f9fff6ef
35f5f1eb
11eddb0f
f6f60cd4
060ef80b
19022312
e31de01d
d2e4d623
daec0df8
fbe5faf1
15faf3d9
d1e50adc
0223fffc
1ae6e8e8
03fece0d
1d0015d4
1a1dd703
fa1dd51d
dcf003ea
f4ec1613
04def8d3
0c17d1f0
cf0fe813
ffebe7ef
ef17fd06
e9ffec0d
d5dbf3da
241c04f3
1dfcf0e9
f21610d6
0de4e6e3
e60ce3e7
eed0e7f7
f202f31a
0f02f81f
14fef017
24eb0601
07f3de1d
f0030307
eb1dde14
0affd81a
f0d9e413
f303f4e2
10061407
0314fbe0
dbeefa08
f8f10bf7
1401e800
dbe5e5f6
0ee6f3e2
f3f30c0e
eee4fadb
091f04ed
ea0fd415
f1191fd5
fb212fec
fdee1d00
04190d0c
110f0bf4
e5e7effd
090ed51e
17d50b19
05fb1f1e
dd13dae8
f4dff6fe
010a191e
fb20fbf6
f2e2eaf9
d8c61f1f
d20016d3
ec1fde18
0e0fff08
04eae1d1
000deb14
e306e8fd
d3c8ff19
02fb21f6
20e90ce7
dddfcc13
1519ef08
19eb1f02
1311ec1f
0cf2f1d3
e10df1d7
07f2e423
e2eedcfb
0211f10c
04d31ce0
060114df
170e0a20
0d070efe
30e11eee
e7e0ccf8
f4eb0cdd
10ed0a04
03162105
fbdb09e3
26ead6f5
0c0cf6eb
02fcfcdb
1bf7f814
102b06f5
ecfa18db
e60002f6
d4ead1f8
f00f08e4
02edf820
20ecfde6
e81208ed
14110210
d8dadf13
1b1b0cff
d9d7e3e6
1af117dc
f9eefadb
1b00f005
f4e8f924
ea0fdef8
f4c8ed16
eb13f1e9
0bfa0907
e1131a1b
1902e6ea
0c0dc716
10f1d919
e80e06ee
1a25fefc
0406e812
eaed0f1b
0105d617
ec07d713
e1f6e706
dd0d06e8
e9fe09e8
ecfe1aec
e912f0e0
f80115c5
da0e1ee9
11140bd4
e406fdfd
ee1520e1
f7def61b
f9e2f4e0
f80efe06
fbfb0bf7
0001e5d5
dd0af3ec
dc1b0cf0
e31819dc
1b1de2d0
1ef4fbfb
f5f701d4
e40a1b00
00ea0bf6
e4fee51f
e0fa081d
06e80216
f3ed161d
34c9081e
e8f8eaf9
01022424
ea151902
e013efd6
0a10ece0
f315fb0b
e90bfa13
fff80dfb
0fdcef0c
07fe13d5
e31b09e1
fbf6e2ed
f3e0ddfd
fffc1913
fc23fc02
15f9fa1d
28e9e4e7
fefe1ae2
df02fff4
edf0c7e0
e001f011
02d51007
0e1f06e8
012b16ee
191dfff6
1fed18dc
13e4e3e3
df11f90f
2311eb03
0d030a16
d9f3fced
1916e7e1
f1fd0015
1a1a16e1
0213df06
1302d8da
d712e1db
e1002225
f9d7e108
05d2e8eb
d90cf91f
d41dcdff
0612ea1e
eedf0fea
0ef7f4d6
152418da
ede7fb02
08e600f7
071cf0e5
f6141e22
1ffafaf5
ea07e2fb
f91413fb
f100eae5
1ee8e0f7
20ebe9f2
d4e9eb09
fed4cd04
f70116db
1918df01
d2d6fcef
fdf1e6f2
d9021312
efe3effe
ef0915dc
fb160c03
24d31206
18061507
daf8f916
02fb0806
ed260006
1317d8f9
10f41bd5
ce06ded5
1006ebed
fd19e0d6
04160d03
fef20916
cff6dfcd
d1d6f8df
05d6f21d
d8ed02f7
e8000208
04f6d001
ed0cfff0
e1eefae8
1e00edeb
1e15e902
f9e5e5fa
d1e8d61c
e121d8ca
ff0cde1b
f7edef1c
d3e5fbf7
1bf006d6
020af8d8
0201f300
e3e2e418
0f02f6cb
f4faf304
12d9e2e6
06ce1ddb
fafa28d0
1ae509d3
19f2daf2
ee0208e8
15dcf902
ed16db1b
fbcf0d0e
17ee03d7
e6eff2fd
fe1b0315
f106f3ee
f5efdce6
1cd5ddd7
d91bf5e6
06f8d81b
ed11f0e7
19ea18e2
1915170b
1432ccd9
09f8d2dd
df070116
ef20badb
eae509f3
f00f0405
0df5d8ea
ededdd15
1f03da1b
e8ebf4ff
fed51fe3
0ed8e8d7
d9f7e615
1b0e2219
fb190e00
1f19c3e6
0be313f8
ebeeffec
0ce4d8e6
e3ed03f3
ded419e5
03edf60e
06f1d6da
22020217
09090923
1805fbfb
1b0efd03
1919ab02
17e51def
d905031c
12d9ff07
03cedf17
f703e010
c515f306
d802d9db
e5fecee9
0effda07
f0fcefe3
0415f61a
dd06e21f
d2e419d4
24f4bf09
eaefe5c9
27d9f50a
fed302e5
07cf0b05
0e0fffed
060ce9e9
f704f0db
17041ae6
dc160be6
eee218f0
0cf51a02
f7e70efe
fbfdefd5
f1e50aeb
e6fffdef
0d0e20fc
06e904eb
1a14d1d0
f7d7dee2
f92618db
1e16c8e8
18f91906
d7130222
190a01de
f80f0efb
1f1704de
fe05210c
0b15e904
f1dd02d4
2b091bf0
1010e115
e50106ee
2b09e303
10e9e704
0be111e8
1df2e7f1
ea10da06
ed25efdd
defa1ee5
ee161823
0f0be015
0ff4eae0
2209d9fd
dbdcdf0b
0314fd12
fad7e0e8
05f20ce6
0c03230c
f900e1eb
14d816fb
06e8ee10
08e0051f
ffed03fa
0ce8e306
2be91a13
0e11fee8
fae5f6fb
e6d5f8d7
f8e1cd09
1af8121d
0f00de1f
defddd08
d5fe0003
e40314e0
f9dadedc
14f1090a
0fcfe0ea
12d70704
fcffe9ee
21e9fee7
e20dd020
e2e107dc
dbe80809
e2fc1111
f1fdfc18
eaf00819
e2e517e1
de09c801
e1160fe2
04fe0f18
dde3f40a
ec00cdd5
00da0cf0
0cfce7eb
f00503d7
0303dfdd
cd0fefe2
dc08ebf5
0919f1f6
c2ffe715
e3dffc0a
e6150fec
ffdcdfde
d6f0011f
1cdae80f
1ad7f4df
0de8eddc
e0d7deeb
dfdb0fe4
faf0e80f
26e50c17
0f0f0bec
eafcf5f5
18e7e20d
15e9d7e7
1ff606fc
f404f20e
09e5160c
f306e0f2
fcedd409
13f6ebe8
0b13131f
e71bf7d7
1bf5e01c
1812e9ff
d9fee715
f5ec13e6
ece1ea15
e1e7e219
1517f302
deebc900
e7bfef13
c5050d20
e7d1d7d8
f3ed0103
f3f2d60d
df16030e
1807f01b
d60bd4f3
22fef004
1b10e9e1
f4fffced
18e8f102
dbdb18f8
dc011bea
01f7f8eb
d115dcfb
0cf324fd
c8f8dbf0
f827f8ed
03e7d7e6
17d5f6ea
f51d21f6
08f5d814
d8ddf4e9
dc1202c6
0c030efb
d600f3c1
13fe0ed5
12ea14ea
fefdb718
eef7daff
f30de1ee
f5e2da1a
f5070218
22f3eae0
da1f0cff
d6d6e111
e5e3f8db
d9e226df
000cf1fb
e61810cc
0df80202
0cd922df
d615de0f
0d1712f4
da12e8e2
daea0f12
d4fcf20c
e3fe0c04
0c1c0c08
f7e00623
171509f3
041a15e8
e81213e9
061f1817
fb1ce8f6
08f7f6ec
1e110beb
21e6e6e5
0403d30b
dadedad7
16e1e21f
e0f8fbf9
c3db16d5
23efa4d9
eff5dced
f50b1a21
feea1ed8
fcf51715
f908e3dc
12e2cee5
dd0af40f
15d5e2fa
171c12de
f9d80414
ded5e2e1
1ce5e00f
1000fcd7
1dfdf807
15f70b2a
f2f0df1f
f5db1708
ce161701
ed0ce519
e11fbff3
fe1ce9f0
0328f1ec
fefbfd07
d4d8e0c1
f6f013e9
08f2e1e4
0beb04e8
19fbf80a
e5f4d905
fb1c1028
fd0012fa
de1a23fb
d3ed10ee
e218f80b
11e7ebda
e1ecd901
ebdff40d
16221913
15001a1e
0426d8ed
0600eef8
f2f0170d
1ddddf1c
fe0d05f1
e7dddb14
fd15f123
1febf90b
fe1801ec
29d7f0f2
da1ce802
dff214d0
ebfdecff
1319e3ff
e41ef70f
19eedffe
fee1f10f
1adf1411
f1d60c19
f6ff10fc
03f102ed
e71c0515
360be9d7
ff0ef800
1802d2fa
f608ebd9
11fce6ea
fbe30a1f
22f102eb
0fecefd8
e813d5f5
0df00ff4
1ddf11e6
e20f020f
d7d310eb
19f7da00
dd1d1714
2bf6f60e
dcee000e
ebf008f4
12edf1d7
221c0504
e2110804
12e9e8e4
e9fff01d
f6ea0508
db151ef5
10eae9f8
f71eeaf8
1d15180f
1d13ee06
df16fc19
0813e904
ddfe0319
02010f15
f518050c
0bedfe0a
ee1400f0
df02ecf7
fed603da
dd22fdee
fc01ebd6
140e01e0
f709d4e9
fedeffdd
0afe160a
d80c2903
17ec21fb
f4e6edd7
f3feec11
e9e01cfd
d50d1ee5
fa0405ed
0b06d606
0ff3060d
150aec04
ff010309
08fb1c19
f10b0222
fcd305fa
e5072fe9
e6e1fdd6
e803d9ff
e2f109db
fee6ece8
141afc15
f720f9f8
1815f9f3
062c07e4
e00df8da
dce7fa17
0df6d501
120c05ec
0c070f12
07e8edda
f5121d1c
ea07e8d7
14f4d9fd
fa2cfc0b
f30a0be7
d7fc22fe
feed06ed
dc13f51f
db09dfe0
daf6190b
fce20b1c
00f10316
0dfad80a
f70a03ed
f7e4dcf6
e7271af9
130a0ff7
eced04ff
db0c0f1c
f02119d7
fe031d0e
06f1e1fd
daf9fbed
e41bfb05
091c1a04
10020cfb
0801e2fd
161eeee6
fb1d0fd7
fe09f005
eadd0fe5
20fbee05
19e2ec18
eb0212e4
e7ebecdb
e201e1f3
20e106fc
00dc190c
1a05fef9
d9dff40e
f2e811e3
09e121d5
0efc0816
d7070b1a
12f2ff05
d51cd81c
2106f426
e7dfe5e8
1bf7f2f4
fe18fbf0
1a1122fa
e11e20f6
d7dbf5f3
f4f60704
ee19fb15
d6ee0d1a
04f9dde8
19e126e3
fa20f006
f22aeb1c
e30709e0
021401f1
f5e6e8dd
df1dfcdd
1bfc22db
ded51a11
dc080de5
1704ffe3
d30d111e
f308e3ff
1e0bd9e7
e615f5f5
07211712
0d13f1ea
fd170efc
f5f0e6e2
130d19e3
e408ecfe
08efffdf
282716e4
ff13fe1e
f2ed2033
e6e3ec18
eee6f812
f10f06f8
0307f2eb
f106fd16
e1f22020
ebfa14e5
110a0918
260fd618
0c09dd0e
e0eae2e5
110cf001
13da0af3
18f51f19
deeffef4
de0df60f
f8f4e51f
db26e0e1
f7021803
e00ff1e3
e3f8f4d6
e41ce814
100515f5
ecde01eb
f10cf31c
0f05e215
ef0109f5
1714131c
11f5190d
0e1df41e
f4ef1cf9
da0b16fe
ebdc0a00
f001e0f1
010a2204
f10a15fd
0308210e
111efb19
1e0f0cf1
eae3fcfe
0713f80f
e7180a0a
e1e4db02
061def10
14030711
120e11ee
ec12f91c
23011d0a
f42220dd
171306ff
13071bf8
ebdf021e
0cf5f217
d60c0e01
d6e5ea13
e30402db
faf5d913
20e2eaec
e9e6e2f9
071bfbf1
e912021b
e0f9d71b
faf80010
d91e191f
0706e3ee
da02f4e7
0f0424f6
eae1f8ec
00140a18
e413ee21
ebe7da05
0cd9e1ed
13ecd7f4
f71816f1
e417eaec
e319dee9
0c03dc12
d9060d0f
271c0c0d
0522f8e0
f2f7e5fa
f41a0de6
1fe2ddfa
f624170a
00ed030e
0a20fce4
fffadd07
df1eded9
ecfae407
f70700d8
fcec07fa
08dc0ce1
f713da1b
1309fbe7
101621e8
04e51210
19041ce2
1c0adfd7
01121ff9
f9111e04
f1f4eee1
e21305de
d71306fb
1e07181f
1de625e9
0af900e4
f41213f8
dcefe6f9
09f0f312
1e1dfad3
210d0118
0cfa0fe9
fbed0c07
d623ff1c
1e1eeed8
0a15e01c
0d10061f
0dec110f
f2e70c20
ff090018
e2e512dc
fe03e1e9
08001505
19070bdb
f9f3f518
eb1ee0e2
eb19dce3
0715ea1b
f0f3f00d
e620df0d
0e21e906
f6fdf813
fb09f514
ebec19ea
e51604f3
03eff204
e8eed6de
0c0613f0
22041816
e2f3d7f7
d912e81f
1cf918fc
22dff3f2
0de1f2e4
eddee4f6
102bf400
09ffe518
ecf404e1
f6050dff
151a1413
08f90beb
ddfc1e17
191cf11b
0aeb18dd
041af2f1
0613f7f6
02ef0804
fb0ad7fe
1d1b08f3
d612f50d
f8081efc
18d5f6ed
15d8f6e4
f7fee3eb
2902e40c
00d8feef
da1efedd
1218fc03
0b12051d
f3e9e90c
22ff0818
db15effe
0bffe4e7
fded150a
13de1b0e
09170d01
19f1f40b
f4fef3f7
e70c15ea
1eda0c12
f2d904e4
e2e1dbf0
f7e91104
fcf7f5e6
db1a12de
e1fa2200
051afe1b
dfd7ee16
e0fb120e
0e20031c
e80504e7
10fbdde8
f8ffef16
ecf8df24
dc17e133
01f6061d
0d0706de
f2d8f3e0
fc1c03dc
15e6fbe8
1f0214e0
17effdd6
fcd8d5eb
06050ef3
01e0f8e2
1c0e1af3
ee07f4eb
d50fd902
1dfcffde
e8140eec
05fbf7e5
0ee2fe1d
e3d42004
1d0f01f0
fad9e6eb
1cf41a15
ffd8d618
10dde000
09ddf1db
f7f5e1ee
dde20d24
14e51c12
151e09f8
f6f210f5
f9e10918
fbd4eee1
ed0b11d9
f3001301
ef0cf317
f8e6fd08
f8fcdc14
edffedfe
091eda09
fd1ffd1e
f3f3050c
13e91afc
1fe912ec
d9f11e1c
de1bd619
18e9edd8
eb0ed90c
e6eadee4
090df3e0
ecfefc1e
f0091bd8
f0dcfe08
d8fbfd15
e21fe0df
01d7ef0d
1a15fd04
f5f2f818
e01b1c09
dce6ff16
f1dc1ef1
f518f30f
0104df08
f3deed0f
20221d06
fed6f6eb
e7dc1ff7
e8e225fb
12ed1a11
ea171eea
0e1bf721
efee0723
07ffebf3
120eddda
e8e6e9e8
e91fdee4
1c07dd01
07f5e40e
191308d5
1218ebe6
11f2eb08
f51be8de
f509190c
0d170d18
d80aed0a
dc1dfc0e
f81a1efd
13f21ed9
2fe7e3f0
db04f007
dce2f80d
fbe50dd5
0b0aeafd
fcf4d6fd
19d8e1f0
0ce8e3e6
dcfdf213
d9e11ffc
d9e01108
23e3e90f
e1edf0f9
ddfa08f0
1d0eeed7
eefc20e8
eae4e815
010af006
f81218da
1cfdf304
e7202202
e5f4daf3
e1f70609
0dd60d22
feebfd12
fce71618
f3daf9f2
1ce4ee12
1ee80dea
0718f9df
e6190ddb
0c1ffb13
d8e1e10d
eef6dcdf
1bfdd6e6
0a18fae7
e106e2ff
1a06e404
e806e7c6
e8fff4fd
00ef2009
f0061bef
d701e01a
e6eef1d5
120aebf2
0ad9d7f5
1c09ede5
fd06001a
1c0c21fb
22f2ecd6
df01131b
140e1203
10f80fde
2701f3e8
f7e9e41d
1c1314e2
1a0704d5
e6f20903
e211051d
1e0903fc
14d71703
f4e1fddf
10dc11ee
09011c1c
ec03ed00
f0141914
1cd4defb
0afcd615
d6f4ec12
d9d9dbe5
fee3e6f6
0316ecfd
df09e108
0907e6e8
df2416df
270af00f
1806ef10
ee0cfa0b
19040b15
f4d32d0f
08eefff1
e4f5e908
f0fdfcd2
21fcf3d3
eb191afb
f40cf1ee
190908d2
20dadc06
dde91fe0
210c1aec
1df4dffe
e1e717f8
deec12dc
fb1a0622
daf704f5
e4e9d8eb
eb27f4fa
e21619f0
f5d9f0f6
fd00e505
22f1fbea
f0200501
f51c13f1
06d6e705
07f0d824
ef1be711
19e7fb0f
f53239fb
1612d6f1
15fa181d
25e80406
17d62000
f8f1d90f
181ce3fd
0ddfe8fb
d5fc1e10
040510fc
0e0e1fdf
de1ae516
d8f11fe8
03f21809
f90315f0
f905fdf4
f91a0a1f
1c1a0cdf
1814fede
ea0ad6f1
d7f5fadc
0ad91c15
1fddf0f3
01e8fc1b
1b04faf7
02f4fc17
1ce3020c
131d231f
21e913da
08e3fa07
edef1205
11fd1ee6
09f8e108
dc1fe90f
e8f506fa
1d2209e8
e5d7c1f3
f0fff1e3
fbd604de
14da1210
da1811fd
10e6f7f7
f5df12d5
fee2eb1e
0123f5f1
ea13ff20
ef1ed243
ef341509
edeeeb34
2415f812
25dae9f2
003a11fa
f21ce722
010d1bfe
11080fcb
0812e329
dc2ed8f2
da46eeec
ebde2805
2cec01e6
231108e6
ef080603
fc170620
24f6da2c
e93913fd
fbffdb21
1f1ce01e
bdf821e9
e9e41239
162c0903
20e0f74d
f91502e6
f222d6fa
f8f52724
f5301cf1
0a1ee002
0906e70d
1d0e1bf4
f31901e8
45e6f5ed
05faf3ed
ea01dee0
de2f0def
280ffc1d
0b1c090f
c011d51b
c92f0b1c
0e0428ed
ec1be017
f006f7ef
2aeb11f0
d904effc
05cc1e2e
f2d500f1
d6d4ebd5
db1dfb0c
1df1f709
27eefffa
26d9f22b
efd90afc
2025f8fb
1d1e2804
21f3ffdd
08ff10ff
ddd41a05
eff0e300
1705d81c
0d04e806
faf8050e
1118f4e4
d50f0e13
0809d734
14e5fd44
290bec0c
f211db02
f5eee3e4
ea2b152e
eb220e17
e31ae7cc
11180b17
f027ea18
0734ecf2
fbfefd03
fce91cec
1aeef7fe
f6400c07
1830181f
290d0535
c73a0aea
28ebe81e
10f113e6
f0e61ffe
d4f5dd22
1b44ffe3
f5da1b3f
ead70ed8
f5250b41
05f50d35
0b32e917
08ec0026
e2ee2131
f3e41818
2a0d06dc
e71443ea
05ec4005
d409e7dc
1df5120f
2a1348e4
f7151d3a
ef13d93a
f046d6ed
18ebf6e9
041fdf25
14ded912
2ae0fefc
15021e15
0bfe0221
e6060413
f4e0e0e6
113bd8e8
45fc2a02
fdff130c
06f016f2
13fdf918
2701b52b
08fe370f
f6d601dc
df2c09f2
cee21221
eadef904
0201f623
f3f51019
06030916
1e3c0422
e52df534
0e1b2324
09f1c81d
003b25ea
20f1ea22
f6ff05e0
053a1909
f5db1022
e41be804
02100623
0af11b23
ef3dde12
d20300dc
0619e523
e1ef1bdb
fdfefddb
00052a24
4717cb08
d41f06fd
e5dddc01
d9ff09fc
d5fc12da
d81e131b
1e1427e8
18e8d7f9
00191506
f013171c
1afef341
c1ef1b23
e2f20e16
e82411f9
edfa0115
04da000f
eadf0740
38e1fc12
ece1eed6
e0233118
f500f9ee
0edefa1d
c0200529
ea2aeb21
db08f816
1a180225
2e01fce3
ea211803
e21bf117
ece5f4df
e7c1fe26
0a010b0f
0737e61d
05d804da
15efeb08
f9e41b0d
1dee0be6
e204a612
d00a3bd2
fb161316
f3e10ed7
e6f4e10f
14edb1e6
ebd6ea1f
eb011e33
de25e903
e1f62dff
15eff042
0310ec22
1ee9222d
082d1e14
e7c318f0
00fd071d
0041ed37
d3df23e8
ff0417fe
10060239
eb0207cc
e52d1df9
fa0948db
f5242be3
fd041f07
19050211
15f9111f
0d08d633
ef2119dc
1316bb22
d417e9e6
22f309f1
fef1250b
f7ff00fd
f3130a54
23df2af4
1fe2f406
26d43440
e502f41a
0b07152e
0cd4f210
1ce90d17
3aee2829
04ee0ff6
1c13250b
d002d5d9
08080afa
05d60b17
0811db27
0afad925
054416f6
f327d61d
1700f5fe
0c05d2f3
f61ee703
20f3df10
e416f410
f210fa02
180defeb
1a2819f1
02df21f7
10f12012
06d80aed
16ececdd
f714e523
173125eb
1e0edc11
0709e3e7
db1f05ea
151fd201
0f0601fd
fce01e03
f40efde7
041be1e0
e2f2d62c
1e371745
03f20e21
eb15eb0a
22cae724
08120be2
e8481a20
f9252326
dbe218dd
d81cde2a
ef2afa0d
ce091b0c
ed013be6
fd12f71f
f9120afb
0919fbde
0e344100
fa02081a
ef012ee3
f60cc21d
e519f617
242018e0
db18ed02
011bfa0e
2a08090b
20f908fd
1ce3defe
ec162d58
01151ff0
0ae8dc0f
0f141718
0f120d05
3413ef22
0c18fc3b
44110321
d1e4d816
170f1d1c
1ce40c02
29f82a2a
e3d4daff
db331304
ed0af017
e7f4f13a
d402fb1a
1ceeef20
01c9e1dd
1bd826e7
08da0efd
e40feefc
0907fce9
3f192708
2312e017
040eeaf0
f4eb19e2
eefdbc2e
130e01cf
0ffde9e3
f3e619f7
08fed5f7
18d7ee1c
f5f0db1d
4f0b16fb
d91e04e3
1236f510
100d023d
27eaf205
17da02fd
27432132
34daf124
0bf3120c
cbf6f6fc
041c1318
0d24040d
07f0e9f7
16290f06
0342d7ed
d81905d8
e8e1ed21
fff4e11a
0a352f10
2609050a
12e40717
00f80b09
070acb32
04171c24
2118f9d8
170ce701
1b210027
f700f7f0
29cb16e0
073efe13
34d20e26
ed1dfdfe
dcf0da38
11fb0bec
ea0befe5
16fa11fa
d00c27f5
411910de
e8f61bba
f31d0200
f223302b
ef031430
e8151008
f728f51e
d3f4e31f
02d7ec38
07e818f3
18f30cfa
01f5f30d
e8dfece9
1610f40e
18f9d1db
e416f21a
1403fa01
3422fc15
cf0d01f4
d226e0e0
f1e8e921
340c23f9
40f701d4
1711eb14
f603efde
f3e8ef00
e1fe170f
35e10810
001322ed
27392e14
f2ef2a0a
d7152503
dae93c33
270113f9
1fe308d7
2e2cd4e5
c60c162f
04fdf820
1ef7fef2
0b14ea16
0c12fcd7
f0151408
dadf3c01
0decf513
f8cf130f
e60deff8
32234815
2bf5f209
f212210a
03efc9f5
1d0edbff
1d011d15
001917f0
da1b1103
3efa0e2c
fbe5fa1a
e4e8ee22
232c1736
2505fbea
e3eb0a1f
1de0d515
10db0f1a
0a022304
030ff810
250f05dd
d2fcd6dd
1b1e2102
2c110704
fc0edf1f
dbf61d08
f94901e4
fd1a21ed
13ee2418
16e7d809
0500e9ee
fbcbb8fb
0ce614ee
f2deefd6
15d60b04
0f15da14
12d813f2
e6f9080c
c000d11c
d8eefb00
02fedc2c
14fb490b
16d8ff1f
163b08ea
031812fc
28fd2218
e0dcfceb
32e912fe
e44728e5
2202f9fe
d70ded0c
f6140025
06e525fa
1a130afc
df00091a
10f4f0f0
e004d42b
eddd1bf2
e1daeb0c
190ee41a
f9e9c2e5
08ff0517
e1df26f6
efee1ae0
2fcbee0c
ee012b20
f417df1e
02ec14e2
ceeb1d01
e1ebd118
f00d0506
e106f5d8
0f1713eb
0f1000e1
12fd1028
08ff2ed8
1a2c0823
f5de1f37
172b0137
f112d635
ffd5e806
02f6f3f5
26042be4
f919e448
1c0a3815
f0e90e2c
fb102bde
effc35f1
3d070dfa
e0160615
0810e337
ebf90e16
0e06fa35
16fae807
510210db
0dd105df
f7d82605
f6e1f817
0f0f1a21
e5250f02
43da02f5
1907e3f8
c4dcdd37
192703e6
f922d804
0e1b2817
261515e8
fa1fd9fc
06111811
23e5dc18
eddf0422
2df7f324
160cffe3
03fae2dd
e5eb3024
e00ef412
c110f825
163224e6
febb10e4
0411e2d4
1118e832
f800ec15
0226f134
1ae8cdfc
22ed04c7
080a09f7
d41606eb
0d1debef
e9030def
f95d2c2c
0338081b
f6f60c17
eefc3a0f
0dffae02
f21420e1
07daf6ee
ef041a25
1a4dce29
f0f71021
4ad2fd1a
1a1fe92e
38c1fe1d
ef0d1b05
d604f218
ec16b9e8
07fb0e17
21fe01e9
fa1ff039
3b191bf3
d1e0faf8
152b57d5
ecf216fd
3afaf2fd
d1f5d6e6
e41fdb16
d00de40a
cc11ea3e
12e714f9
071519e4
20f4fd25
ecaafff4
f216ebe4
de0e07da
e81a08d8
0de30ce5
f61efc0b
93010b2f
1c2bf7d8
0d13111c
0817e71a
390cd912
e1eef8e7
f90d0a13
2412ebef
f814dff9
200825f1
12341317
1aeee323
0702f41e
f203ec18
12e7e1fa
d505fad7
110dd72a
dddc19ea
0221222e
e1f42923
e5eedcf4
e1f722ef
ea1ed8e7
e8f7df0b
0019060c
f1fceaeb
f30e0112
020b0a06
f3dbd10f
0df3dbf3
ddf91a23
fcf1dfe4
eb14ee03
0a150616
d2d8e500
15eb3503
f5feecf2
fc1126dd
f9fff619
1119ef29
0fcffe07
df2318fd
0befdb29
fed80309
1813ec22
fce92d29
210944ea
1f060212
16eef7f2
18e13e1b
0edd06e2
130705fa
071e070b
fbd40112
4ff11720
cff3df04
e52a1aef
1af307ec
27fded13
061b22ea
0d090102
f8f11eeb
32130dff
1425d50e
120bf7fc
05dcfcf6
d1e4e0e6
e9faf2f8
d60508d8
01dfe1f3
d3f916de
db16ff07
e51c04de
07062702
21e8d5f1
fffd29ef
e7ffd023
ed13ea1b
f5100110
f416e0ec
f61a0440
e3e30211
173df30a
e5df1914
0729fde2
edfe02f8
ed22f80d
d7f7fe13
0bf715e4
eb13daf9
eefd072a
d415192b
08fee1df
20050524
20030401
f419fff1
1a19d4e3
1de8f2e3
d1eb0c2f
f31b11fa
e2ebd8d9
1c01f623
04e82523
2cf50e08
3aebe422
ce031c13
f1fdf7f8
e3e41206
f6f5ebe8
3aff11fd
210b2f19
e3e210f8
f10f0ddf
0cf2241f
ec01042e
fddd0e2e
f111f114
fd09d720
22d7e70a
190600db
fef9eb09
070d15fb
f5d6fbf5
23ed0ce9
f306ef0c
fed91720
1b03daed
38e41c1c
f3eef6f4
081b1620
081bfcd7
ec0319e5
f305efe5
e53fd80a
e60f120d
f4ef01e4
e109eedf
14f8e0e6
feed07dc
dc0f24f7
0c14ddfb
e5e0e015
1a1a001b
fd16f2d5
0516ec0e
f5040d13
e41ddcfb
ccf0203a
22300529
030affed
dc15e6ee
07f11de7
f9081afd
2127d811
efe2f723
f11afd2e
1902020e
280a0510
f8271121
ff02e02e
f1fadadc
fd1d03dc
f4f10618
f30de811
f917f604
2bd60410
e0e8de21
06e0270b
f7e4241d
d704dee4
1f1d2010
e42ae1f0
180aef29
4011294d
42052711
e504f900
d7dc1d15
13153e01
dcdb0ff5
eb04e42f
0cebea12
2823f706
09feed11
f5001c07
f6dd191c
f5d5e20e
fc01e709
211f23d4
f6f9f7d5
fcd4e504
2de313da
2ef117f1
03fcf737
e4171e01
170dffd4
11f2181e
e21d0bee
083ae71c
0fdae8fb
2e23e015
0318ed0f
1cd9e2f0
f0d91c03
1eebe136
e1f3e820
151e2a10
19efdbf3
e4fdd3d9
e2d01b0e
f3f5f00c
b710fdf6
e71a2900
20e526c7
210df4e6
062303da
f908eb07
08e806f1
0a0dfcda
e7e5eb18
0c2b32ff
ea22cf12
16ee03f4
e1e1c6f5
080feaf9
ff16d7df
edfbf1ed
fcff180e
e507eeda
130aeddf
c7b907f6
ee0cfb32
ef120f1b
d80aef21
d52fecf1
fbd6ef03
eab5eb1b
22ee1ddf
2903f6fc
221001f0
0217e61b
0e13f8ea
480f28f5
0320192c
f8011d0d
032ff9e5
26e6eedb
0adbe715
0bd917d1
eeefd5e6
0ecd0605
ebcb16f6
14db0303
1b15e11a
ed00fdf2
ec0618ea
f8fc03e1
0a1f1115
e4d2e3fd
efc7ee04
010ce0da
0be11808
041f1cfa
c219f4fe
fe12d912
06ed230b
f0e2ea26
05f9090f
10e0e432
2f0e0a25
ef130d00
e52b0c0d
ce01d8e7
f8ede3fe
18e622da
e006f7f4
fcdf2614
00e415d2
d6ef02ec
dd2c0311
1036eada
21241ff9
151ad7e6
f108dfe9
d8443ae6
f8f9db0d
15dfcc1e
ffeceefc
ea0a13e6
1c1e12ec
eb13f912
eeefdd06
ef0df711
ca2307db
f9090121
11d3042e
040b26f8
26ef0e12
e11fe303
f00fc41d
10ee1b1f
f2e7ebe0
08e50c15
14dd27d9
e109fa20
e1ed04f4
44e23506
f2f1df2b
11f81821
ef04dddd
fbebf9f4
34ebdb14
e9fbf7d7
e325fed3
e7e80305
e6b71203
ecf508e4
00dbdcd6
0d0e0b1a
27ec21d7
31f7db18
10e6f02e
061cf108
01ffe7f4
f9ddd1f5
f6f3e910
1b1fddf5
e9e60a16
dcece0e7
e0e5ee15
d8dd05e0
21ef12e5
09dd1bfb
e81b1511
e706e611
f0f6db14
fbf71ef4
1dddef05
f70731e8
de2dfafb
e51447f8
e40bed1d
121addd6
e01acadd
1130070a
e501cce2
fdecf3d7
e708dde0
09421d1c
2900151d
11e7d108
f41c0b1e
e1fe160b
14e9dc15
e4e92bf2
1816ff16
ffed110f
d41b12ec
0af02824
dfed0f04
35ef031c
ee0deae1
0409f60e
1503e41b
e30202d5
1ffef6ea
07feec1d
1618fbdb
0ad31e20
fc0ef519
19e33b1c
e7d8effc
dee21d42
e100cbed
edece704
09e5e00e
2c22fc15
d3051fde
ddfe0d02
d1cce41e
ecf7de19
1ce60ce0
f7fa1afe
1ae2080a
04e5f6ea
140dfa27
f10ad215
ebef0b1b
e813ff15
fed90215
202007f7
cf111706
d722021c
ebe3f704
01f61016
0d13e0e1
f9c32116
1de1fa29
f1270dcf
c7f60f16
0e37e6f2
1512d007
21ded6ec
f9ebeaf6
ca13fb1c
e7fa06f7
0a11cf12
e832c90c
e228050c
e11b0900
32e1d4f1
f6f81720
fd1e4db4
fe43cbcf
3617e9fc
f21afc1c
2314e131
0f0cdbd9
0d1a15f6
ef16dff7
0a33e8f3
fef50512
04d144fd
d9fa0f1f
e5de1f28
14310322
362a0728
d7d7001a
11bbf618
fbf6e710
27e41d13
fffc1ee8
e1e00fee
fa13db16
101a1409
ed23dd39
e8fee632
dc2ae41f
0d1ae100
1de91c29
1f0bfefa
de1202fc
13d10dff
21e6ddfd
04d80118
0e110adb
e715dd0a
08272612
09280212
001c150c
ffdaceeb
0003cb2b
0819ed0b
1706e8fb
1828d807
e0f10313
e804e3e9
02f5e6e6
ebd7f002
d732f119
19e5280a
03c7fef7
1b170700
ea13ec22
04fdff14
1f08d710
f60d16e6
e303fbf1
beed202c
272518df
0e1be2fc
e4fde0c8
c800daf3
f1ff2cf2
0509d4c7
faf2e612
f40c391e
f337f413
1212eb08
d20904ec
e1fcd909
1d20e91c
e9ea02f6
f5211a2f
0211e6ec
df08ff2e
f3da3bf1
18280513
eb0af104
ff19121e
050d073d
ed070216
efbfda0a
1e1c031b
00e812f1
01fe08fc
f609e3db
d50b0bd6
24f72f13
d4e8d80c
ecfaff0c
ea1cd52b
e41fd6f9
050104f2
3905f8f2
0aeb1709
1cc825dd
26d618ff
f81903ea
0f04d4d9
f71c2314
e4e024fe
ff13e018
261f3715
111cf0d8
2110e0f0
e61d01f8
060a0505
1323d6e0
0cd8e10e
1bf3de09
2d1df109
fa100003
1af617dd
0c1910da
12e40c41
fe19eae1
f0ef0df1
140eea13
18d8f410
14f4eb09
e82ce8f4
ef282e14
f023d5d7
f218f0f3
1d1c0eef
f22cf8f9
f5dc19f1
e4ee11d7
f600ff0b
0f2d3eed
ec2bdff5
43dcea3b
ec20ef0f
0afde8f9
fd0ad7ec
f2de0b00
ed1fde41
f72d2004
c9e5f6f4
08093500
f926f333
11151c2c
e5f1f61f
ea28f012
ecdd0bf0
05efe1e3
00d32af1
ebfb3b28
f5022c00
d80406e4
f328d61e
45052af8
fcfcfb00
ef0dd320
1c15e003
1deee102
350fff11
1506f817
d219e72e
dbd625e1
e01af510
0de8071a
eedbf9f6
f7e60125
26f3211b
13defe07
db1132f1
0e20fcf9
de06e63b
fdfffce4
e30cffda
042be713
02f90810
d903d3e7
01ec0810
00101ef6
fcf5141a
1ecef8f7
0f17cb2b
1612013e
02e8e419
0a3311e5
16120c0d
042512d8
0228ff1a
eaebfc0d
eef00fc7
d8df0629
0520f0e4
b445fcfe
24dc2eed
29f50215
041d17fb
1a240510
242ae9e7
33d8e80a
0e05f10b
f5dcb6eb
ef0707eb
cc16250d
2c07ef18
030305e1
f3f3db30
f8ef09ec
ef17152d
d412ee48
f804f521
e7fedf27
08f22412
fe04efda
fb1c2b10
07d94a29
1af4051d
b1fa0e1a
dc0df9d5
19f732d6
0728181a
fa0f1d3b
1037d3f4
ffff1ffe
260a2441
f111dfed
18dd0119
d6fe1ff1
f5dc1304
efea0df1
0eda1215
e60910ea
44edeefa
41fdcd00
04efee1a
dffbe51f
e035e01b
20f408ee
f2f7f207
f3f0070a
e21b150e
00e0c601
1620f302
15f6e836
e711edf0
0a2e2d1f
e036df47
e836fd1c
f011e42b
0c061e20
1ceffc3f
07f10f1c
13361114
f4200e07
db1f12f1
d30e0407
0101d819
c12cdcd6
27f125d4
fdfcecf3
dbed10d9
d33f3217
0ae8ff11
020d0b09
f12eeaf2
1e0bc41b
f216ea14
dbe81601
f02c1b36
e00c0bff
0a0cd808
e81216e2
f8f9e519
1224183d
efffec28
dee3fb2e
e5ff0911
0efafae5
0a1f0212
e9ec3811
2cf3f3fe
be10f81f
eff93b21
1f0737fd
fee32915
fee4e424
f625f5f5
0fe1e709
380cec34
09070ffc
f7fa1a21
d90c0e03
12d3d5ea
f1ea1eee
0ed4dc0e
ed2bd302
13f61cff
3ef2f8db
01180c1f
ea14ed05
1ffae8dc
f0ff0816
1eefe0fa
f30f0c18
0e17f70f
04d7e308
e5020c30
e7ef0210
19fef706
fefd1207
1922e039
1afe1c1e
06ffef08
0a032025
f925f209
18310504
fe400842
f2013929
09581eec
da1d4a17
ee120e01
dc2ad5f8
210dfb03
2cf2dc3d
15e00c17
f126fb05
0a100e00
2111e425
dc2820f0
0edddc2b
f7d8dc03
d2ecfef8
1b1b0608
00fd0dfb
fb0dea1a
251d0fe1
f811f317
3ee0122d
f1f0fd2a
d019ec18
f923f3f2
dcf21604
01d508f9
fce50b49
25012a20
b3fdf8da
0ee30eff
1e1817d7
01f4d932
e1e42209
f426f706
f5211912
0cee1d14
f9f809d9
f812e7e2
15fe0afd
fefb1b0e
16e3e010
e4f1f703
fb1ddd06
1fdd1b0f
0f0ff6e0
de0c16f9
0df2061f
e01ddc1f
f40b01cf
05ebfcfb
e622db18
08f5fdf7
2715d9de
0dd9130f
fc090219
ea38fefe
f23c0c0a
e72f071c
0b020629
09eb0006
01121b1b
f9e90924
ebe6f9e7
e323f700
dcfb2d16
e31b0f21
f8fb0e26
eb28f8fd
ca0beaf0
f8f31616
d518e40d
e90fffe4
04f8fdf4
1ce5f3ed
30f7faf4
1b2c2000
f419d6f2
f2eb0119
02130d13
3eeb1519
0721ed0d
181dda21
edef09fc
1c252500
3014f223
072ce520
e21be237
e6f0ee27
e5ec0b01
02da14dd
ffe02f09
08e9ec0e
d7ea1ee0
111714e8
25f831e3
ba18d417
ecf0fdf1
d721d71e
2720f615
0c1f1e38
09f21ded
eeff1de1
d4cb011a
e9d608f9
f70f0fdc
e9f90421
fef7e2fb
1023f619
e801f2e9
f2f6072b
e52e13fc
4407d91b
133943ce
0006e01e
072b00ea
1817f7e4
dd07e0eb
1a220e18
2af9e212
fc36dc23
db23fffc
e1060b19
dd251345
17dc08ed
f5ebe808
f7f1faf6
070ae603
c827d62c
c7e6eb1f
1beb140e
05060c17
fef1fa0f
e4070318
0d12eeec
f6e1eeec
27e5f003
ec120c3e
2bfb141a
10e4eb0a
d9154002
e6e2db0b
14040cd4
fd0b2613
17dddd0e
ea2c201b
08f0da11
0ed9e5fa
efe8e3ed
1aea1129
1cf2fc16
0d180d20
1ee3f724
deda0d00
0f050609
06fe0a01
1cf52dd5
d119d9f5
e3f024de
141710de
01f9dc05
000c21ed
0037ccdd
fb0ae4ff
23dbff00
0401140a
32fdf40f
fcbfe911
f3c425d7
eddafeef
e807f1e1
0f2513d5
37f31ade
23ec001b
ddf80c1f
d83706e8
4330f327
070532ea
2aeb0de8
16eb0ee2
e1090204
e710eef8
fd02eb16
1317e0fc
eaeef6db
0aee2cf1
0af40016
20101bf3
f6ebf11a
1e1ff9f9
05f0de15
f6fded19
0110e81b
d1043110
f1f71f0e
fbf8240e
f9eacef8
f135fde2
2bfbfbd6
1a06fc16
13ff121c
db45fd1b
0002f90b
19dfd840
e5e81be5
050ff9f6
f5e711df
0b071af0
032303f8
070be904
f6eceafa
2ee22bd8
25ed1137
36db092c
ea0f031e
d908e101
d20ef1e9
0adef1d6
2bdfe928
28143017
1e04fedb
ea1cecf5
232002fc
2afc3717
ffd61d3b
e315fe0b
fd2fb51b
d221d5ff
18d8d937
e60eefcf
fef41912
20eeece4
07dae709
fce7deec
1eea1d1c
14300be9
270017db
ec1cf70f
c800ff07
e43bf5f2
e124e426
13003f18
17081fe1
db2aedd8
fb212002
fe15fde9
f8daf3fd
1de31820
e63001e1
1b2e18f9
17190d21
f132f114
21ec090f
f337170d
12d200eb
3216e302
ea191026
31dfff07
04e50aeb
14f7dd1c
f526fbe5
d34b25f7
140f2df5
eded0111
ee0613db
ed10f304
f3f61108
2bf9ee04
fd1f2d0b
0a06bbf0
edfeffe2
1d190cef
e108e428
1809f6de
02eada4c
f5fdefe4
fef7f717
edcf3834
ec2e010c
1becf9ff
e00cbaf7
e9dd10da
42ef34e6
eb14f010
eff104f1
e7f70f21
fd0aeee5
34f1120c
c808fb2d
fbefe108
1c3feffb
2432f3f8
3019210e
1608e215
0c0e0814
d5fc00fe
e500eb13
d600e7ee
faec2610
17120df7
230420ea
11f307ff
c7e2dc25
1a222cf4
47f4e208
1c3334d1
3b10f610
e6fd15df
e6f213dc
f7d6131c
ec20e50e
2addf022
d7231dea
1ce1e5d6
e8000a2d
e034e429
e7112311
0ef3d6e8
1df9db05
15fbe4ec
f20be928
0a09f31c
dd0fecf8
e0f51302
fa25dfbd
033d05ef
30e21115
ea19facf
0ddff0ee
ea2b0d1a
13221613
0f1e18fc
09e53809
e6e2e9f7
eed2dbed
fd0cf814
f4f2efea
f1011e25
14f3e942
1ee6111d
0828fb25
fe12f5fd
1b11dd23
eaed022c
1bf5baec
eaf810e2
030a0afa
15190bf8
201dffd6
f91edbf4
f0ec1bda
24e935f6
08fffb0e
cc09d915
e30cbf0f
0ae6e71f
fc081626
fceff1ec
fd16040a
eabaf107
fd1f15f4
0e16e41d
0fe600e6
eb1eeffc
15e01dfc
ef091008
eddf0b30
0ff72806
1906ea1f
31f30011
1ef5e0f2
d9f517de
ddde14dc
0000261f
10fb17f7
550c00f0
140bf7de
0df9db06
df1f1238
02fef527
cbdd0810
ebf3fde1
22c607e5
040ce201
031aee28
f0d92b02
16e8223a
ec10f626
f2f6f8e2
df1502df
e6d80715
fbe5d7e8
12180d1b
da1deb18
45160221
17100ff7
c4ec55d7
f8fcf1e2
1ad9ef03
bef0240a
0de3f22c
0e07f7dd
08ec0e3a
29f922e4
18011b21
27ef1f41
ef16f20a
f604e530
f7e6ffec
ddfaf0ff
13edfdff
e4fd1924
faf739fe
f101ebed
f213450a
15f12002
d6ed0f35
cd040431
f026f51c
e8f019f6
1adae732
0ce3170b
3813e505
0dd7f702
e3df1afe
24d6111f
fef3da08
1801ea1a
18fddfdb
17eadbf2
0011eb1f
0f0a2103
0207f831
2c161a1e
332000f5
1b06fffa
14e1d6f3
2a1ed4f9
fcfb1d13
28d7f0e6
1af302e2
0c102419
0c07f4de
e718e3e3
24111709
d70fdbe3
def0fa14
21e2fdf7
f7191ee9
f00421f4
19030517
d2d71bea
1d22deed
1616010c
1fe208ff
0512ead2
dc01f5ff
f700fa06
0f09101a
0afb000f
d3e80cf9
fdf72006
1407ec09
e7fbdae5
0e060ff4
ff0ee3da
02eb17f5
fd26fb18
15140dee
010315f2
02e4d514
f4fad9d7
1b1b20ef
e8def800
e8250b11
06181d0d
f012d7fe
d71dda09
e3ef1ae8
e501fe06
dbeefbf7
d403eff0
d90cf1f7
00df0ffc
20d7dbe8
fb140121
dae5e0fa
f11cee11
df0ffb14
08ec1cdc
dee404ee
05ee17e2
280f1fd4
0cef0401
e801e700
08e0f006
1516db14
01151dea
e2ea0d18
d6efd601
f5e9f10e
19f6f617
1f1bdf10
14fb00dc
fe22fc27
1c071706
f60aede4
080be506
181d04ec
e718e70a
1f1ef9f9
e8eceaf8
f6f204ed
d5e9e9fa
f92016f6
dc0ef5db
f8dddc0b
de11ed00
fbfbe4ef
0ef9d4da
18f11efb
f819f607
fd0d0909
dc15ffff
072c0f18
ec1118fd
09e5f819
f3f5df04
0020081f
14d8dd0b
ffee1b12
e82c05ec
14dc1922
0ce8e80f
f6f5d616
1f14e110
181827eb
dc130bed
212b1911
1dda24f0
d81cd7f4
14ec1ae9
ef0cdaf7
18ea06f3
d4ecdfd6
f51af6ea
fc24f910
0016fa18
0306f10a
f81e0402
dde9e00f
fb03eb1d
fb090ff6
fd1706dd
0319d7e7
fe12f708
f4e3dd0f
d7e8e5fc
0ddb0ae9
ddf1ede3
200ad1f1
11e3e516
f5f0dfd4
09f70e16
f70beede
e9190a07
17f71cd3
fefee3fa
f608f224
e013f1f0
dff31016
1d1d1ff4
0cf91a1c
17f3e918
f9efebe9
13f51fe9
06f90505
de1e03e1
1d2bf606
d6eefd0d
df1bf019
16f4f1de
06fcf5d7
22dfd428
f317f7fd
06dfeb02
26eff40b
ddeefcdc
eae5ea03
d8101eeb
fa1edee7
d6d6180e
efeadb13
f2f5dd04
22d5eb1c
fc061c18
25ec0eda
e1e9f4e2
ff11d803
1624eede
ece0fbf8
ec1302fb
21ed02fd
f92023ff
dd060021
db02d3eb
1bfffff4
0501e318
eadeff06
dbe1101a
241a0bd8
f2fa06dc
fe1e10df
ea16f5e4
18030313
f5f32822
160c07db
dff70002
f30a0ce6
191ce9f3
071be001
0609e501
ede305d8
1e0cf7f1
f0f8f8de
f7f41bf3
1af8f6e1
fdf5e405
21edfb1d
f0f6e0de
fe1edade
041818ed
f8f6e017
f2eee607
e81315f3
f50ae70d
03d919f6
07faefdd
f1ec0b16
070ee0f0
0afcf10e
0e1c160e
1c05ee19
d8200220
14e9eeec
e7fbe2e0
1720eaf4
e60e1102
1f0ee4de
ebe7d9f1
0d0212f0
061bd514
e1191c04
ede824f1
f90ae111
d9f3eeff
1b15de22
f3db1bfe
e0e2e90e
dd08df0e
050b0616
1ee8ebff
0f16f81e
1916dae8
0ee720eb
02dd0f16
d8e90004
0d0f0adb
021101e0
e91605eb
f600f51a
02f414d9
e4e4e0d6
1413e50d
e2e9ef16
e1d508f2
e9050e15
0512e4de
04e0ea10
22dcf8fd
05180907
1e1b1914
eed7e8db
f611ffec
200904e6
08e71f02
1bd6ed09
040401e7
17f90bf7
0cf7f41e
df1b201f
f820101b
08e40b1c
e8e6e50b
f8d6e213
18fff8e9
ff0ae8ef
dd042300
01210d09
dbf91dea
04e5e900
04fffe07
04dfed10
221d08fa
dee5e3dd
e423fb1e
f9ee1603
ebe010f0
e3f40fe4
ebebf201
1b17efd9
ea1716df
db1a1d03
15100105
f9d6060f
e8f706e4
d8f105e8
07e7f91e
dddbfce4
ff10faf8
14ff0522
f1dbdbea
f50bf0db
0f11e316
04e1041f
010fed04
0cd7d8f5
d9070a02
e1ee17ee
dde40819
d8160ae8
e30a2412
fbf3f9ff
ddffdb0f
ee02dcf8
fe1518ed
f1031c20
06ef04fb
def1f718
06f5de02
f4dedfde
220f1317
d91b210d
eaf50bf3
d6061114
1de723e1
ddecdb08
f81bd412
f5ed1d0c
ecf0fa10
0c11f1f3
f1e817e7
fee211e8
ea0001d9
1219f1f9
181f021f
1bfd19e4
05df14f0
e9fee9e0
f5091aee
e5edf41c
f8dce4e1
0d110be3
dee70b20
e3f50b09
03e9dcef
0107f812
f7e2e4f4
f50e00eb
05e3021b
e004ecfa
18ef14e7
e61a1cdb
dc20dc14
0df414d5
eee5e61f
ded2d9e0
f82307ea
05011cfc
1af0f3e2
03fc0be0
0cf21be9
070ee61b
1c21e2e2
05d7dffb
e317e1fa
e2dd0adf
f9f81c07
fed6060a
e621dd07
ea04f0fc
16ebe2d9
130d0503
eef10dfd
2003fad2
e116f1e9
e8d8eb21
dbddfe05
def2f3fd
1ff4e4d5
1fdffe19
dcf2eade
e8f31dfb
00e4051a
f9f71914
0405dcf7
05f11f0f
1df0e904
d901e3f5
17d6211e
1a0c00f8
0001fc16
fee413da
000c1513
1af4f1df
f904240e
0506d5d9
e81a25f6
130a0fe5
050aea09
18f2fcdc
0be8f0e9
fdf10414
17172016
17fd1720
1af4eb1c
150f061f
0c09dfd5
27efe2f5
ee0fe1ed
0cf0e0f8
191709ef
0cf306f4
fe1a1ef5
d4ec04de
14e8211b
fe1d0af2
1ce9d8eb
f40b06f7
071eed18
15ddf5de
fe1de4fb
e41edffb
f9f3ea16
1d022702
f919f1fc
13e81a13
fcdff608
0ddefff3
20f817f9
12e10b00
012705ed
d9d6f41f
1a06ebe3
fefd0e0b
0e0de51d
f7fbe7e3
d9ddda0b
0d081eff
f812da0d
e5e5fde9
1ff9f0f4
1a0314e8
0519f402
04fce613
e5ef1d11
1ee01f14
e3d5e61d
04f907dd
d815fedf
0cd40cfd
14fae8ff
d914faee
0c1e1d07
0e1a1cf5
10e018e1
0cdff4fd
03defef9
ea1ae2f5
d70bfe10
1912e211
db1bfade
0808efdc
13e81efa
dcdf071f
effdfa1b
f10ffb0a
f10710fd
01d915fb
0819f30c
ea051d05
17e2f1f3
ece408fc
f4d9f3f3
140a1d1c
1f1ad8fa
15070bdd
07e2f3fa
dd0102f7
d61deb0a
faf7d81c
f22110eb
15f2e71e
e5181b07
dd1306e9
ef1d13f5
f9f6f506
1700e71b
dae4e3f9
050000fd
f3e9f610
fd01f0f9
e8e81c19
13e4050f
11ee02e0
ecf41af9
f0042702
e800f914
1e17fe0b
d7dadf05
d41aeaf9
051a120f
faee14d9
ef121206
0bf1f606
13d7e217
210cfe09
fe1c200f
dff4f616
e1e0f40a
f71fd613
1ce7d9f5
e2f1dfe2
d7f812d9
e3d6d905
e719f30e
e100f1dd
1edf00fb
db03fa1a
e3000000
22e6ede7
edda0add
0205fcfb
0419f300
1b0ff1f0
f21417f5
ec161f03
f51f111e
15f7fd1c
1f121211
fe03dcdc
f0e104da
dcf2e1fd
f60015f5
14e3e1f2
f419f52a
0e031300
18e41012
09e9e220
181ae1e1
07221a06
dbe4fef2
f915f0e3
e918def8
e418e40e
f80df2fe
db12d71c
01d9d4ee
e5fc1bf3
05eaf5e7
e9dad709
d617da0f
f6e5ede8
1b09f0ea
f70e0918
efe8e0e4
ebd101ee
dbe5f41d
eddee507
ddf4e61d
f6e2f71f
04f81cfc
ea0f1fe7
14081df9
0b19f901
0be3e0dd
e7e0f1e0
fa091700
f2e2d5e5
1e17e1e4
f422eff3
1ff2fbfd
f0ee110d
e00ad9de
fd1beae5
0f03040f
261516ed
fa0f1414
0d160b1b
d6f103e0
d9ebee0a
f806fd1a
eb0100e9
e0d712f5
26e4f30d
dcf5120e
dfdae406
fe05f2e4
e6f11a04
ff00e319
1b031001
e9e7e6f9
f00ed8d6
0debf803
de03f0d6
280adde8
07eefe23
dc071e20
05fd00fa
f702e6e4
f516e629
2def28f9
1104d52e
e81cf81c
e8141b2c
ece92217
043a24f4
e4fa0ed2
e623f603
e4ea14ff
0af1eff7
09fe040b
fb0c021d
01e8f700
03d9ceee
14110b16
0bfaf11d
f5e4dd0b
13000a21
24fb0bcd
eb0aea14
051b0bf7
db111fff
e12702fa
20c31d0c
030010f6
04e722fe
d0f2f2f1
08f12110
f839fe15
1ce317ea
351e431b
171bf6ea
f1170635
fefa01dd
27ca42ee
dd060e23
11170520
4c03eaf4
310d1bff
0cfa0c2c
112306f5
f7dedef3
f2fb41da
1dcb0b1d
1efcfc06
ef05e7fd
f01ee5d6
00fd20dc
1f061619
f8f6e40e
f7f906fa
0911fef9
09e8fcd5
c90015f6
e730181e
f60ed5f4
f407f61c
21e70f26
fa14ed03
1936f0e7
23010d26
fdfa2124
021621e9
1508cc27
002d26f4
150de547
eef903e0
06012143
eafe2321
ecf0eec2
1b14240d
20000808
020dde00
0f232a12
3deab535
0df01e1f
f22f03f9
ea06c8d2
0bf41d09
f5e110e8
faeaedf0
e9e5df0b
d8e426e7
e208dd51
1ae24820
fc0ed626
2fe83cf2
1921e504
dceed80a
011aeaeb
13e91409
f1131200
da06efdf
06092d15
35051b1c
49ea2ae1
c3daf609
09f5230b
22f3200c
e619fb10
f4f50d34
f2161413
07c6eb13
f6e7e41e
04fafbdc
fc02efe2
13ea1fff
dbebf1e1
f1111e07
f7ebd513
f8d410e9
f6e1d3ff
080d05d7
ce0ccc23
0afbea1c
c509bde1
ef1321fa
fbd5de2a
ff55e128
efef07f0
1ee508e1
0aec06f4
2b03fffa
1a111b0b
083b2e16
260e0222
12f10808
e1f9d9ee
143206f5
0530e9f9
ec0315ff
15040713
c3252b3b
fffd1cce
ff16d220
fd2ac70c
fbe80bf9
f014121b
24f1d31c
1408ec0b
f720091a
0813d3f6
1be7ff0b
eb06270b
16f3f8ee
1b10d5f0
10f54719
cd222530
e8ee030f
f0de0d17
2c1019e3
dff52af8
1debf74d
c6090110
e414e726
22ec1128
271905f4
e30ae0e4
000e0a03
050f13e7
f2e4e0c8
1ed3edf3
0b0e27db
110de024
dbd8eb1e
ce310229
e4d81007
ea13e431
eafaeddb
05d1ecfb
2cc20ed9
04d51b13
eff007ea
14e9dedf
1809e3db
00f0e7db
e5f235f0
05fafef0
1016dae8
f514c020
171404fc
fdf7091e
e633f0f7
ed2c02fa
e61fc517
0ade00de
e8e8e814
23ed1623
e41be7fc
eb1d1bee
e2d303df
01e89f06
ce1514e2
0c060925
dfe4f6e4
e312d917
d4063409
032de9f3
0322d9e9
19f6e3e4
071ce6f8
f106d216
1fecaae9
e315f6fe
de073d13
dfe6b8ff
591fda0f
ddea01e5
22dbb0f1
e5dfe7e1
12fae409
11e1f243
22090ef9
abf91ce5
c2eb18f0
07d5f221
efe1f820
abceebe2
f1f41e15
02110e05
e715e724
1efe0706
30e0530e
37de2210
b60005d4
0d07d80b
44053adb
f6cae410
f3161606
10e6f7dc
fa08efd6
0f0d0fe3
0ce12301
dc0c1404
29a729f8
deaefa18
edecff14
08e5d7eb
0020daeb
09f21ef4
19fad8ef
eb0ffe09
f2efedf0
cddffc0a
cc3609f1
0fecdcfe
11f20fd8
c0eadf15
e515ef14
2006f6f5
c6ede7f1
e5f5e120
1818f3e7
1c283cd8
1408280b
e3f0b20a
2b0cf910
220ef5df
e2f5eb1c
fa1b15d7
e5e0153e
f4ebe3cc
fa0efefb
211bd118
100cf516
dbef2002
3ceebeb5
dcf6ef17
0d302401
140219fd
010b0e09
e4e3c523
13ebe423
dc19ee08
f816fee3
25022649
00250811
dcfbe7fb
eefe05de
210f1927
f1c83927
a8371bf0
d4f9e400
dc01170d
160f1303
191a20de
3b0e1ffc
2fed02ed
dd02eec6
ee0d06f5
53f70a15
1b09242f
dbfbfe07
e5faf411
f31f190b
e5fd0005
050a18db
052426eb
19c4e6ee
e5a122e1
f1f00d1e
f517dc0b
0de50816
e41d2409
1ef4ff0c
e81f3026
2209d4e1
de28f5ca
0a34e30e
04f1f019
f21e05f3
f4160ee1
fce5e2d4
11120b15
f5e3080e
d83cdfd6
05181bf5
29f30e3d
19ebf811
ede7eb23
040904e1
0ac50024
d0e417fd
af28e909
1420f1f5
0e36f2ed
2111dae6
ebf7fb0c
fd412418
21f32fe6
fe13f6e7
25e0d6dc
153c21f6
230a04f6
0123dd26
ba240318
fd11d839
dde9d9ef
230614f9
09062712
0307fe15
04ee062a
3cf443ff
ea39e34d
05f43040
cf160a00
18f4e910
15ebdd25
d5bffc11
25120f25
2c0cf126
fffa39df
f70d17e4
e80ee8f0
030d2616
132f0629
ba1df00d
b4ff16f5
fb16f419
ea24f806
0af0f4e9
e82b151c
08f7f011
07d9191e
09e2ec0f
effad7f6
e7fc22fd
03e02600
fdfbe505
e8fa31f7
0b19011c
e2dbe928
e52befc6
1901db2a
090fdff5
f90eeb01
14f2c5e5
11e9d9f1
0b20eb22
ffe5e519
29f5252e
ff14fe26
1d1bf1fc
a8dec6e9
f1311ff1
14f5fb17
26f00404
ecd4fbfa
f60d2735
d5dcec05
15ddfe0d
23e6f3c7
effa1c15
150d021e
16eca5df
210b0f0b
e704fed2
fc12dedd
24dae520
abffddfc
f208c0f2
da13dc17
ea0a3cf2
d5dc0f3b
f52b18e3
f80e1a1d
e3fe151c
e8f80ffe
00e3f327
d5f1dd17
e51310e4
0ef2ddea
2bffe8f1
1021f4ef
3609fe31
f50d1dd6
fd1f06dd
fb0c0c12
19fd04d9
e5e70004
cf0c060e
cde1f1f5
e21f1ef0
060ae4fa
1829f704
ea031fe4
fab4e618
e7e71fe3
0ae9eb09
e9e9cbfa
ec08f6e0
f1111a1b
e91a08f2
e0e30007
22e0ef1b
c6efed0b
fee7f0ff
e5f810e7
e828f1eb
0ae5faf5
18e9e1dc
e10a13ed
cfddffe8
0ee60608
1010140b
f9bbdfe8
07f020ee
d40b051b
301f07d2
e7cf02df
19d50def
a6eb1adb
cf021d1d
f5f70fe7
f6ebe2c7
131ad503
ca161507
1d19c30c
d4debdbc
e018f106
1e22fa06
def6fb02
381ddcfd
cf34d502
e1d7de08
fbe6daf0
fc1bef0a
10f0001b
03e7e907
ebf5fd19
dede0410
1f2d0fed
e2e8fcfb
eb3106d8
1a0002f4
2205cde7
fdc5d8f4
f407d116
33ff0a2d
fcf5e3f7
f9da23f2
08121dd3
22f0fb1b
03d4db21
ffed0a44
ec1bd406
09e9ea0f
0bfefcd4
030a200d
fb1500fe
ecb8dd0f
17d003db
ffe51419
f0fdfbf2
17f91e12
f61a1bf8
1de8f1fb
d32b1337
ee0d0507
d9f2e013
f4dee532
10f7da1c
dc3bdcf5
02dd0908
e11ae3e8
e01ff5ea
07f8141d
e41903e9
20cad90e
1dd91400
1cec0426
e2dddaeb
122b07fa
f0d9e93a
1505d9f7
c4180510
f7212a02
d606f4e9
000803fb
01072804
d519fa0f
ec01f9e9
ff1a0bef
f016dd05
dc442500
1c22eff5
e9e2d7eb
d932f8e6
1ad708f6
0f20e6df
e71ee7f5
07f0f711
f50ff221
cdd5d9f1
00cf3609
1de7f820
26fdf7ea
0339fc13
f707ef17
28fdc716
1aa7df18
212501d9
24e8000d
f7f51001
eaf820bd
d1131cf4
25f71316
030200f7
05d9ecf6
081bece8
faefe1e4
0ef2d6ed
f3e4f0ff
e0070004
fed0d3f4
06c90dfc
e3d52219
f7d6c7e8
dad8e31e
48e8f404
070f081c
eee8f3e5
2a3ee8d4
16e7024a
03f10bfa
f9dad518
101811e9
bdd3f7e9
25230000
06061de5
ede3f4fa
17f50be6
17cffddd
d3e514e4
01dff11f
131cfd29
170404f8
f0dde12b
0ff9e5f6
05110201
24de12fd
05eee5dc
0aebe6da
f81cf2dd
eff4fc1e
f7f7fdec
d704e4fb
e71ef5ef
f303f501
07e0fd1d
f1fdd6f1
e81003f8
1d032115
22e4de11
04fb1ffa
16e91aec
132718dd
e6dd0d1e
0f220d15
1b0adae1
eb11de03
151302f1
05fbf9f0
d81ff207
ecebeff1
202bece8
0d1f05ff
eae911ef
dbfded0e
e7eaeff4
dde806e9
1712fcd9
0c10f9f2
0eeb0909
d8df1ede
2a111e1d
0720dd05
03f1ff0b
00f9e0f2
0604f21c
e72000ed
e9e916ee
2810d8d9
02dbead2
20e61b0c
08e321f7
0dea00eb
1adb20df
dae7e3e8
f3d61816
daecfd11
06dc1aeb
dce51be8
df0d10d5
1f13f800
20efe80a
1f0dfbf6
19132415
041de519
00f3d8ef
e101e9f5
dbe7ebf7
dffbefe3
28f91312
e517f7e2
05dcd517
03f40524
22fe0f1b
e902fc12
120b1de3
ea16f1fa
fc1400dc
ebf2eee1
260e1c14
1a08d4e0
0e020e16
d9dee7f1
ec08d4e4
dae0e81b
1011ead8
e101150d
00df00e6
f5e3e4eb
1ee42222
09e61cdc
ecfdf1d7
0c22ddeb
08f00509
1bf7f1d6
ea140e02
e319fa17
f10bf4db
11001fee
0706fed7
de010010
eef5e814
f0f60eea
ebf2df06
16dad919
f30703fe
230ad9f0
201adbf4
f2f31eed
1cec2009
edeb05f2
170a100c
1f12e51a
ff010907
e5f919fb
271ce0d6
df0704fc
050be008
03f01bfb
00e7d7dc
e922f0ee
011907da
0ee309f0
00e800da
18f61604
1ce6db16
faf126ec
e2e2f8f2
fc02e0ec
fa0be4e9
e11af703
19fb1ff1
ecefe51a
2c170de6
d90b0f17
19090f20
0d1ee9f0
f4e3e7dd
0108eddd
22fe12fb
e710ee09
00e8ef12
f6050f23
16ffe117
23e4f9f7
fa0af7e8
0a1fea1f
1f10fde3
18e7fae8
15f9f5e4
081cde07
f20f1b06
ff0e0217
15f9fbfc
1e2b21db
0309f903
d922ecf5
ef1eee09
f119e2e2
07e5df13
e30613ec
01e30f00
fa0e0ee0
10d9e1d6
ffdcf920
f8fa0e04
050d122a
f4e3d4fa
f0f01bf9
0809e7f1
dff8dc1e
0de8dc1b
22f9f719
0ce3191b
e7101418
ecf422f1
16da05d8
19190307
faeb1cd5
251b1b05
eaf8161f
19ebe0eb
19de1d25
12e0da15
1decffd8
1c1edb01
1dff2104
0af0e6fd
1511ea05
13edf410
f4220ff1
ed1ddb1f
0ce5e6fb
07d6e3f0
10e71804
ede7162a
d9dbebe1
e5e0d903
eb1005f4
f0e1effc
f60d0c07
dfe8eee6
f3e210f4
e0f2f8f6
e50de902
0c15f717
fafbddf3
f91815de
f4ec19f3
f81de1e8
e3da0613
e50601fd
05e0fcdf
dff321fa
f3f2d2f1
e31e1218
0d16f3f2
e8181bf8
db1d1210
0fef1a24
e5ebe8e9
1ed827f6
0cf31a0f
ebf5ea12
16e6200e
1c0710f0
fe141d1b
1e2317d5
d81124da
0ffbe2eb
dce31ffe
dfea1120
deef190a
fef52025
f5eb1af3
23f80feb
f314ec15
f320db09
0b1a17d9
0ceddf08
e31ddc06
0fe6f305
d4f8e0d4
fae3e4ef
15ec10fe
0efd001f
e5ffee20
ea1cd7f2
f0f6fbee
01e1fffa
e2090a0b
e60709d9
e10ee2d9
ee02ed15
0f1feefa
eeff0aef
12e9121a
e42208d8
fffc1d1f
201bfe28
d620dce4
0504020c
dce302e1
14f41ada
08ef05fd
190df4e9
121eea15
f61516fb
f9e8fdd6
edf0e1e0
1ce5de0a
f3ecfc29
1704d5da
ddf91cf8
fd1ef1ee
e8fd030e
0a170fe2
002105e0
de15ec15
d71cf1ea
0cf7eb02
1e15e6fa
20f7d819
edd5e6dd
dee1f2e6
13e7f002
031c0108
05140e01
f5e921e0
e4241dda
19fd0f1d
f525ec00
0309f6eb
0bf3eff7
03ecfefb
1410e803
ecf5f9e0
16dceee5
e9f1de18
ecdf23f1
1806dde4
1ff5ede1
e9dcfce5
d51bebe9
1505fede
0f0f08e4
0ed51e13
e6da1000
fdea2a0a
25161bd8
231ae725
0800dc14
0518f8de
04fdefe1
e8ffd7f8
e9e4fb08
0e1c00e9
12ee0b26
f504f901
1228e220
16df1cdc
13e5dafa
16d70d1b
01f01321
1ce506ed
e8f8f9eb
15ff17f8
ea1deee0
1bd6ec0b
26efe3e6
1520d30d
15dedbf5
091905f1
f6160014
0f00ea02
03e80cf8
02e8e6dd
fbfef81e
fb12d8e9
e91e1ef8
0d17d4f0
14e0efdb
f7f7d817
13eb00ea
e307f2f8
27ede610
03e0edde
f1fdfefb
f71b1cdb
fef11c0a
09f9ddf0
eae11c07
e113f2ed
04faf9f5
0a08d4dd
ea0b1506
f7d81c02
eb0dd925
d82525fe
ee2e16e7
e6f620f9
f5ffe2fb
f3f31afc
1bdaf1da
0bf0da18
25ec100a
131321e2
d70f10da
f80f04f9
01dff4f7
f21ff30a
2204d714
fef023f5
270012e6
09d7f215
1ff0d9e0
0cea1be0
f6100c00
1913e0da
f2eb1713
fe0f02e9
fbf421fc
da1010f3
ddf5eae4
f5e7d91a
e910ee18
fef6f4fc
da0901f6
1300f7de
092308d2
f3e1db27
ec0320eb
e3e3efe4
e019fcdc
091115e5
1df717fb
1024f31b
1ae71e1d
0efd0719
e023e5ea
efe71df3
d9f40ef7
e61b1bdc
f7db1e14
1f0cf4fb
f0f304ee
18e90d10
e31b0702
0415dbfa
e0020d09
091eec00
0ee2de24
e8f10fd4
f3dfd9ed
e11ddc02
1426f81c
f3130804
15eb01dd
16e1e81a
04fd1a07
ffe2020e
f6eb01d9
1adbdfdf
efe90708
0a1be2e6
18011505
18e60a11
fb13d909
d6e7e6fc
f3fbf6e9
ebfee903
e215eae5
17dc07e6
e2db1afb
fd0c06f0
1e25e513
dce80ee4
deeaec07
ff1e0008
fb141c04
ea05f1e6
15df09da
e006dc0d
df00fb15
20070bf3
fee2d628
1616fee7
15fbf006
10f20917
fae71cf2
0c261511
00e915ec
1df9ec12
e6e209de
e5080c14
160e1a20
db0c051d
d9e1f3fe
00f8e125
12e1d4dd
13e8050a
07e4ef12
1ff2f1e5
1fe3faef
eaee0eec
dcde02ee
e1d8050d
fef10c06
d71f13d3
fc28d91d
1b2217eb
1bf716f8
e51804ea
1ffe09f2
e81a1dfa
e20b19f4
fb04f818
0fe7041d
fd231907
09e81dec
1c05fcf5
daf5101c
f525000c
f7e9fe12
fc0c0717
e0e4eee3
07edf804
28f6e009
0af9e9fe
e5120ae8
f6fe1015
02d8dbda
d7190ef9
0d06d8f4
0f02f1eb
d9f21d12
f4f2dfdd
04f5e3e2
16f7ff17
d60818ed
14fde108
e21320d9
180de019
1aea1afa
fa26fd14
11e40a0a
00ec20f1
efeedadd
f801e9e8
ee28dc06
f11ce5e2
2117ddea
f0faf4ef
150d04fc
e622dce5
07f11720
f60f1018
1b270fe3
1df906e8
1e05fef3
ff181be2
f600e615
17291cec
1118de1e
fee4e6ff
ed08ec00
24f51dff
eeeee6f7
d41ef10b
fb050b02
ebf2fee4
1d0eeb0d
ec10e1eb
da11eef1
d816da0b
d728140c
0bd90e04
df0d28f8
fd20e0db
0df3f1eb
02150407
031cfd08
0205f106
12fed805
e3091ddb
201b1ad6
d61a00e3
effde2eb
ec1bdafa
e1f11608
fee114f9
06240121
ebe5fff9
07da14e0
030c1afc
ecfa07ea
09d7f1f6
f9d91104
f2e30716
fce91af0
fcecec05
2001f707
020af3e4
18e119fa
21d709f6
0602db00
e3d5020b
14d7ef05
de220dfd
0b05e4fb
162017fc
f50ae40b
21dbf2f7
21ffd7ef
ecf204d9
e1d31bfb
1dd7d835
35ee2217
060c072e
e4f911ca
f62110d7
f7150713
cce1eefc
081ed4f0
f4fa2a07
edc7e915
1ff911e4
0b2723fc
f6da29de
f0e21d1f
05f5f7f2
01e53f03
d7ded2ef
0e0f10f6
1704ddf2
1715ea21
1d1ad8ed
e1ee20d5
110d370c
f3e40022
0513d90b
d3d3151a
ec261be3
0606030b
eabeecd2
06faf2f7
dc02fce4
13f0e01b
0dfb10db
e5ff021b
1bdc0a30
fb14e010
07e0ee01
fc01d1ff
d6fceccf
00171bf3
27f4dde3
1b220ed3
d31d0ce5
ee1cfcfe
dc040111
081105f5
1f1b10fd
0510dcee
e83bd5df
13f719f2
f0111304
2107e817
1c1a27ed
0407e909
0fec0801
e5f81603
fbebf1fe
23e4f20d
12e923f9
07dc19de
10d7dbe5
0e10f1d9
f1f60404
14cc1e05
df06c41d
1df417f2
16e9d9f8
e228d5f0
0f1707dc
1a16ff15
cbfad9dd
1907ebd8
12111420
f20cb428
24f7ff02
d4f9f8fa
04140e1b
0ced07ec
f7fbe417
18e3f830
d2e31110
0bfe21fa
fc0ee007
0ae1cf08
290f08d6
e102020c
1e0901f3
24f9e613
0d02f30d
06ef13fe
0a0504df
23e60ef5
e209faf0
11ee1b0a
15e8e416
04eb18e0
12fbf2ff
e6e0f5f4
0af10f3c
05f206fb
cad4e1e1
f4e3fc1a
141005ce
2eeaf9f7
1e1dddea
dae804f7
d7f21a08
2bd90d0d
e049f7da
0c0307da
1810e4e6
07f8fbf6
e507e9f3
14d6f3f3
05dc05f0
26d2cd23
ebeb12f9
2522f7d5
1ede3d00
ec09e4e5
fcfaf21c
2f1f1c03
f40c09ef
0efa130c
22ddece9
fc30d900
2207fc21
d7e3220c
0714fcee
2f19280c
07efea18
d0f2e0c3
082e0323
05ec0b15
e713f8e0
041fdcf9
f3ee2ee1
f107b92a
161004f1
f7f6f2f8
d5f2f125
e9010001
dce114d8
1c1e0c22
fb142012
31fb3510
19d60cd9
f212f6e8
0f1fd806
dabc1ad4
d8fbdce6
08fcf2da
1c01f410
01101bd6
f8092321
e6f4f40f
ffd3d4d7
21d7dbe9
fbf7f003
0000fc18
fd09d1f0
1dd60a11
ea16deff
19e4fee5
d910ce14
d9d70814
01181ef2
201d0725
c508f4df
e52ad52b
151bd815
1edb07e4
f93a05e3
0af9f7d4
02ebedd5
07fbd503
dfe216d8
d4e6eee8
c824081b
04cfe306
05fefcde
0af032d1
3013191b
0ff2f31a
1e14e6fe
0f0fe70f
0aea0ddb
000ce102
0c0de0ed
dd1ee8dc
dbf8f5dc
d71f2026
facbe5fa
0b1e03f3
fed30018
09e002f7
f5f6090e
fff8191b
c9152105
e70ae2f6
d7e32fd5
e8c81911
09eb0cd8
eae7eb02
2a03282a
1afbf0ee
fdcae0ff
edde3b16
e6e5e3dc
eb0b1ef0
ed0b2422
dc0ed2de
120e23cd
c3f42505
07f40ce0
fde2ddff
effcf2da
08dcdf02
12140ade
e6f5f5e7
feff0d04
ed112de1
ea3603e1
05d509e4
e5e2ffff
01dbdbf7
f20010f3
f4fcfe0f
e512edeb
f7e6d7e6
fae6f1e5
f2e3f5d8
170207fc
1be91311
0d11dc0e
f4e4ebdc
dff51e09
d72dfe09
f2f5dbeb
fddffe0e
f624f5e3
ff06f9db
1b07fd19
1315dde5
01f81a10
fa32fd12
11031603
e2d70a1c
db0513ef
f9030ee1
0d1b16e7
0510daef
cacfd0d9
13e8f2d2
040d2afb
2116f116
e2db0819
0df52df0
09f7f113
fcebefda
d7f8e6e3
1f0d0912
f10201e6
d40ded20
fcf1f622
f705cfe8
15d2fce0
1ddc0ed7
1921263a
e6cbe713
d9ec06f1
0dcf1ae4
17f510fb
1b14ecde
ece5200e
0f1a1beb
0dfe2516
0b161d11
ded02122
07e3f5ee
1814081b
16d8e3e1
f32bffeb
d7df26de
dcdae4e4
fc192fdc
fb36dfe6
10dc00ff
14f80eeb
071014e7
25d21c1e
f60effef
0ff5f107
0edd0efb
001b1ddc
13f40afe
23f0fbfd
f0feeafa
f8dc0c18
11da08f0
dd0dece9
d634f3fe
0ae7e8f4
f7ec07e5
16dae8df
d7131713
081fdbf4
ed01d40b
d7d6fc1f
f61df1e5
2e1ef1e1
0815fad7
e8151110
e2e901db
00f5ebf3
f3f4e3ff
eef4e3db
f32be91c
db41e418
feeee309
dedad524
e6f131eb
1000ddeb
dfff19e3
00eb0ded
0d2ef501
0208ec0b
e4301f09
d9fff615
0fdddf1f
2fd7fe19
efe3f0f4
34f9fd34
f71114e6
dd1ce7f3
deffeff8
e114f4fb
2d03ec04
e4fc0cd5
14e7d803
0301f2e8
0ffa25ef
12faeb08
f3eede03
e4340d12
fe1800e6
06eeed12
051c00d5
1319f8f9
21e7fb04
0428dae8
1a1eed00
1ad6eed7
eee7e8eb
f814f02f
f41a04ea
11ddd9f0
f806dbf3
e609e30c
ecef0907
0232f1e9
eeede717
21ef1b24
f5d6e0e5
e210db1a
f3f0e0e8
0920e9db
0bfe1e0a
0dd1e206
f300d317
ef0e26ec
f7edf72b
dd10eb0d
19090ee5
10f436d9
2cf4dd19
fb22e3d9
2df6fe02
ff1604f0
16f5f520
30eeee0a
0e12fceb
0a3013f0
0828da30
e0ecc90e
061bdfeb
daf5f9ed
221d0b0d
10fe2324
e6c915e4
120712ea
f2fbdeef
da20e80a
0c0121d2
db21081e
0d05f719
ede6e30d
f4ccdfef
01dc1bbc
d8fdfffd
dfd2f204
f6f4cdfb
e60b0d19
e7e710f9
d40e29f7
db2811f4
eadaf4e0
e80f180b
ee03e2fe
dee5061a
c4e802e0
fa14dbe3
e0041a0b
161ec0fd
001ff118
d50f20e2
e1091313
13e5010c
eaef031e
1cee12e1
e6ee0f20
f901d8e6
e2d2e921
1b15d9d8
e0db1f19
dd1ef219
efdccede
e3fdef1f
dde31400
07f9f5d9
e90206ff
f8eedde7
011d03ff
cedb1d02
21d4e5d8
edf82c06
f0011502
11290ae6
ecdd1ec7
01d814fb
d51a0f0b
1f1ef7f8
08fbf30e
15f0e40d
cdd700ed
17041cfe
16db21f6
d8fa2618
f316d2f9
2be50d1e
f301def0
210d1d00
0e0a0aeb
10040d2f
fb1518e8
e4fadfc5
f40d0bf6
f90838e9
eafbf3f0
0308f0f6
0c14dde7
12e3d2ec
09e607d4
e1f31cdc
0a03feef
0e17ed05
e9111ce8
dd0bf70b
0eecfefd
ca210ff5
f00b1902
0e0300e9
0825f0f6
d71f040f
fa14fb1a
cdf6eb07
fe1c0a0f
cbe7e7e7
04fde814
2b1dfc18
d60befcc
20f6e9df
02fce124
de162d1c
23ef0d20
171ae5fe
e4e81ff5
2210ee1a
eff227df
d7d81103
e8d3dfe6
e6e0f51c
07f91715
fb1edcfa
1fe0090a
e21a020a
131d0c18
d8141be8
efd207f0
ca0d130b
19e40ef3
170cd7fb
e6281bc7
0e0be4f3
11d81602
22e0f60d
05e2f7da
f901e818
151d1214
fc03f9e2
db05de11
fdfc1822
0224cb19
e1d82701
30fce2d9
281407e4
150cf9d9
0cfbdc18
c8f20702
e03123cc
01f1121e
0b1b1ee3
e7efdafd
fe19f1f0
2fdaec0f
feeaf3ed
0124ed13
17eb18f2
1ce6ec05
e60b0004
20eff8db
fa08db13
f6161af1
fef5e7e1
16f11ce2
21d9ddf4
ed22ffde
fd27f818
0cd71a04
f91a05f8
f5f3dbee
0a1de22e
1d33f7e3
f7f40d1a
d91309fd
1f171819
21fae21a
fcf825d7
e1f40018
0cef171b
de18e017
f112f41f
d91e2ff3
d11efcff
0300f50a
dbff19ec
241927f3
f8fa09ff
0a260be3
fcdff9dc
eacced0e
f11914d4
1ad720ff
d8e2380f
d624e1db
0bddee21
df25efcd
1e121cfa
1ce7e3e3
0ef9f40e
fa170616
0ae30515
ecf3f1f0
061300e0
18e02afc
0be20422
e608ee1c
01da0c3b
f4f5eb2a
f9201dfb
30f428e6
060df11d
f927e7f3
0d01fdd1
1ce92231
f815e427
ff311a23
e9efedeb
0adf1e2b
f0d4fefb
eaf622f4
1ff51709
0f281606
0f26dee2
e3d62a33
dc0c0f0c
eb1b15f9
004d0907
e223330a
e81a2aff
0e2c0814
0cfdf6e8
f5420feb
04110058
fe3ef20f
d60f431c
fceb17f8
def3f703
0f0903d9
fd11090d
0ee11225
dbfe06f0
dc1118f4
d3f7fcdd
28051f1c
310fec0a
fb04d9e9
27f90730
def31302
20dde131
d8f716f0
12161ff0
f7101413
16d6fcfd
0c22e4fe
03271cfc
13011b14
fcf0f905
08caf3ee
f9faee24
eff00100
fc0d0114
20e3140b
e911da1f
fbf4f7f2
08e2080d
c3011dd8
0ff1efef
f6072de7
fe27eb00
e721e605
01defe1f
e729ebfd
1306e6f5
133806fa
0727d60d
33272d22
f10216f5
1b0327e9
ffe8181e
1014091f
fa05d6f1
1f193415
02f7091e
0317e628
fd16f8f0
f6ede213
3e1e0c26
e8e101f3
1e010ee0
f0d711fb
41e9171f
1e35d2e3
e208f2f0
101dfb29
11021408
17080626
13e6eb17
001911f7
e5e61b2c
ea09e209
1516fd1c
dc14131b
f6ed1dda
d918f600
010af813
fffffd1d
f7dfd820
34e51519
2f201e22
062cf824
11161e46
ffedf2df
f9f1fc28
f11f20fd
e3001c06
e9e10817
df0a1ce0
f8f915dd
0d270922
f2e7d812
122afb11
1cddf2fd
e8d028ee
001df002
e902ee0a
e7f906e0
d50813dd
d6ec0505
eeed161f
1a1bf9ec
28e0e3e8
0c0cf5d0
fd030211
ecfc07ec
fa18eef9
dc2015ff
df1fdc14
e5f3e623
edfff1e3
33071803
03fff4e3
1713fdd1
1914eb1e
18f325d7
eb0b05d7
07eefed5
1e1827f5
261bdf04
fbfce2dc
0a2204e6
272eefe7
f3d8f13b
1f040617
d30fddeb
4bece80e
082dfc05
fb16fc07
ff11f624
f7ee1e13
01f2def0
2608120e
e11ee80e
0bd802fd
24f920ed
1308fbe1
e4ed080e
e10cc0cf
d0dee106
e9ed0f26
f30ee2fb
12161de5
eae421d7
f51c2e21
2d34150b
21de23e4
fe1102fc
f8f70b2f
15dd101f
f91b1411
0f191824
15f3df18
06d1f41d
0be3ea0e
dd07e6fa
25eefafe
152d19db
c6091f21
c6e3d7d3
fbf31c01
18fbf6f5
eaf10de3
f1e538e2
d1e505de
11d41608
ed0bfce3
e90b1f1f
03f319f7
08220af9
2ef61f02
13e00329
f3f0e300
053afe1d
0d450a21
0c06f3d2
19140af6
12ec1914
131cde2e
2e0fe22b
25fa431e
0701d841
f9101217
0d070f12
110300ec
e21d1340
0d19d6d5
f8190712
25f2e702
fa0ece0f
2636f422
ed0d4df8
f9e6fe29
124712ea
fbf22421
d4fdf0fd
fce8ea16
fcf7e6f8
17273f25
f047fe17
f501f603
15f7d3c5
f50f03e7
f426d9d2
ec081d04
dbd7fb17
01efdbc6
0cd50615
0afd0209
072f1df9
f1f9fc39
f51b20d8
3f10f529
fc1a25ed
e4f3fc07
1c120028
fbe5f802
0c260a10
020f100b
09d808ff
3d1036f4
dee3e724
e9fcd419
f5fd042d
211df7ea
26ddfb23
f319dde0
f2ec21e7
25d7003d
dce520f2
17ef02ed
04170332
f3fffb15
ecf005fb
050608ee
413ce227
f0ea1214
282de11c
1f2ce713
f8ecd6f6
11e9ffe4
d7de201b
12e00b29
26f02409
e607f7da
06dc0b14
14de0209
da1b1512
db0905fe
f51713f4
0232f40e
15df2127
16061dd9
081a11ea
f6f0fe0f
e0f120f7
030ee6ec
20f6e30d
07162a29
0c04e62b
04d21b27
0817f4ea
e11019ef
f12cfa07
fadefcd7
f62519ec
0d23ff03
e6f01ecc
e6d5eef0
21db09f4
e011e3df
f9d91a0e
1efd04eb
e650ea1d
db05ea30
13e92518
29ed1efa
e41c1b03
fdf4fadd
20de0de2
e40509d5
153200e4
f9151311
ff15e314
0cfcf817
2727c919
0be5fd05
1a120bd9
d5def9dc
0a0ad8fc
f7f9e416
070941ff
fae5e608
ede50413
f6190003
18190c13
20d82ce0
ffe8060d
fc11fbf6
fe12f51f
ce17db09
e61af5f3
06f7e00e
4a16d315
11f3e221
1bffebf5
e1f2031b
08efdf1e
fe2007ff
20dddef1
271a23f7
01ffe429
ffdb0311
071e0bf0
2017fe00
fc161ff0
eddbecf6
faf602e3
fde81f0b
fefde1e0
0c0e0dfd
2827e402
1ae1130a
06fe14ee
1c201713
04ea0adf
11fbd21c
20d210fb
2116dade
fa01cf03
21ebf0ff
e00bf0fe
dde7f4dd
f81de5fe
2c19de09
fee60a1d
e90a1916
0e5b1c23
de0e00ec
e9eadef8
14020912
f4f611ef
dbc81612
0edf19e4
20fc0c26
02f5eae5
0fe1dee0
faf2ffe2
dae0f400
211313f6
e0dcfe23
f018f606
fb1e051c
e8e5dff0
d71d1aec
1deb3fd9
f6140ff6
0bf0e7ee
0e220ef6
e712ce1a
2011e225
161b08ed
fcd8eb4f
2aeff66d
0e2dee38
32751ff0
333a202e
1b18dcf2
dc1c0003
05d8fe48
07fd32f8
1a12ecf7
04152df6
2b1afe52
e4f82cfb
da44e5da
f83a070c
02e5f50b
2b090706
0de72d39
16dc05fc
cffe3503
cd4117f0
df2a33e8
fc0e0743
045c1805
0734dd36
e709f8f2
1f110023
1e17f049
e70f2f16
271a1dfa
12df240b
e2ebe8ef
570903e6
19d7e825
f7fe14ec
23d715f8
3402fe0c
03f11bea
2f2e0a31
3735e40e
e5d6fc25
efedf3ec
49e9e624
f8287f0b
e71bde08
26fbddf6
0bf2ea13
2524fff4
e7ed2e09
07de1e0e
1712360f
17efb3dd
d82ade1c
14450615
0705dfdd
f220fbf5
2601eff7
fd1923ee
100ad923
f708fd42
192f0de4
d43a3ce5
114c1301
f0d5280d
3216d8f0
1f30fa21
ff310217
1138f7f8
2f17e441
f5df190f
fa0cd5d7
fc1d11f8
e5f02919
4519f6e6
fffbfd1a
1204ec34
e907dae0
d328edf9
f9f743cc
ee0feb28
ef1aec0f
130d0124
fc11e20c
cd19f114
0420ed1b
0b0312fe
14e913d9
fe2becf7
dc16191e
093e0e0b
20ef0d2b
fc36df09
11fc0508
e65304db
f2ef2516
fbe62ed4
6213f204
15d927f9
1a223b10
f117d5df
fa1de4f2
010bfdee
13fdec01
08f514fc
42092056
0e23f7dc
10180ffa
f2084bf3
f3c9fd04
21ecde1e
f311f2e9
2814fffb
2cfb1809
29dee210
0d261ee5
05eae0e9
001b0b2a
d92c3212
1f12e5fe
f5da16df
0eec1223
ee083319
26fe0511
0313fb12
ef38fb0c
e637480b
09f92817
0d0113da
ed17ed1f
ff0fcb00
091aebff
0d3ee41b
e811ee11
27d61218
ea20d62c
ef05e80d
0cf4e91a
fc11080a
e0f51dfe
22020df7
f2da17d7
0134ed22
14080efd
15191bef
0ae81906
1ff1ee18
ea0c09f0
c4f6f2ed
fff4f0e3
05e4001f
eee025da
43370508
180f1401
fb35e604
f3e1032d
08f1ef1b
e4ec18f2
24470e06
1e1ef917
0f1efa03
0613db12
e8faebff
e7e72907
dd0a14f5
01f8f2f3
cde6f3d9
eaf10ffe
dd18e514
0bd8e13e
09250e18
020edf29
f9e9fb1f
f6240ddb
0c161cdf
eafd17e2
fb121d06
1009140b
e20dfaf2
f0f61814
f21f0e04
f7102b1e
2d11f3f3
1c01fa1f
f10e05de
e50018fb
f4e21915
1e02f30a
20f10824
e835d90c
ef150eeb
d2f5d90d
08efc90a
1e1fc703
f637f3fa
010ae525
1d0a090b
e521da22
c90e223e
ea12fcc7
edeb0b23
1532d218
f23527f7
15fb0de1
e8e8ea22
f50bd5e5
d8340303
0e1af3da
49d9eff1
e70619e7
f911f22b
f2fd0507
d01b1705
eddc1615
1c021f2a
fd18e636
ece413fc
28ecea10
f1ff030d
02031005
f32be742
00f92529
db0ff0f3
ecd90813
25e60c33
431d360e
e9fddae0
0806fae6
29ff460c
f0e2e120
cf10db1b
001f11e8
310be5fc
281a193b
fa00e6e6
d6fd1f01
29d40619
f3e7e4e5
ee131cd8
e9110e13
0d0cf30f
0320dcf9
332ff0f8
fae906e0
d8dbeade
c708c6d1
1b1e2ce7
2812ffe0
da0ef7ea
0a1a1ffa
22f6d8ed
0716f4e7
f304dfec
06250cec
08eb100c
fa37c3fa
dfeb1225
fc01f031
eb1bfef3
22ee06f9
fff6e622
f909fe12
cbf62c15
0e23f6de
e3230a2c
1df80d0e
09f4f6df
18182515
05e2e0ed
ebe81819
e5161cef
11f5dae7
4800e10b
1c1cd300
0704f81f
14f1df20
d8e51edb
c1eb0b0a
e2f5081a
f2f9ea15
fae11b0c
d5040a23
d110f838
f20a1c01
10110f28
1e0a04f5
d2f6ddfd
31fee7f6
46092a12
1bfd2ce5
f0212406
f30de914
500c28ea
d2f7f937
02090031
211fd425
30f7f41d
f3dff11e
ffd60f13
da1ff2e3
ece4240e
f4fdfcdd
dd091700
d41ae80e
ef17dd06
11fc03df
1029f7e3
dbfa2bf4
eee500ef
ffecfdd9
0a1bf4ef
f9e8f9d8
ea361c1b
dd24ebf5
effee6e8
0dd7f11e
1cea0529
f9e11219
09f53023
e42dc90d
dcf80b2e
f0fef82b
2e23f81f
16151722
f71014dd
d31aee37
0dff4126
110ffdf9
2aef07e1
28fb1f1d
fde6fbeb
fb1e28fa
20d90819
f4e00323
00421e26
1318fb1b
2b16ff24
02170d1b
13f1c9fe
11f61c26
090808f7
ede9fc0e
1a2feb0c
dad52527
fade3808
da21ee23
eed82413
f727e01b
06ef0ef3
e8e4e005
0ff20c16
fedee5e6
190310fd
07011210
db1810d7
e426f70e
1bff281e
09ea0c17
0bf5fc06
2aded8fd
2409fa01
15041c1f
141b14e5
daff08f4
210601d4
f2c7010c
1919e423
ea07d912
ee11f12b
1301f4f8
1214e6e2
190b2429
e7e7f5f5
0bf5c522
151df3c4
f0da02e5
1d1ff5f9
f2edfbe1
1be1b311
ee0cea28
10e70cf5
1a17042a
e7fb1b1c
ef291b12
0a16ee0d
f2d2e30d
f9f700fd
0912f639
06e3e116
c33a0deb
e50b0afe
16f6fc01
10eb1ee1
0cfd08f8
f80427da
11fdebe8
281a0ae6
03f10517
fc1f18e1
0228e9f1
fde00bf4
1a200cf3
f0ffe41f
faf31d05
f20335fd
10ecf9eb
e4f41b19
d6dff740
0815f3dc
e1d51d00
020d2a2c
0af7e1f9
da1c170f
1e1e01f2
0cf70de7
08181c0d
01042133
f1edfb01
ddd9e408
15e91308
47ff2214
dc051a2a
06180010
ca25fc07
181a1f23
fcda223b
0308e5f2
fc1df9ed
d6cfffeb
ef122bf0
f302e8e4
df06fa02
e523ecda
2b0e1cd6
e4fdde12
100df2f9
0d0dfbfa
20f1ce05
e12b37e3
34151010
0b24130b
0aead713
10e3db0e
f3e5fd02
f7e51212
1c130c20
ff132b1f
f8e9f41e
d8ee170c
07e00d27
ea03f7f5
e2df1cf2
1f0219f9
e628e8ea
c3e91fff
f7f10928
18e21407
11f70710
f32bfae6
f305e7ff
ee0607d0
0d161a02
eb251d1c
2700e7f5
fbf40028
05050212
03e6de2f
dd090ef5
fff52e19
14f11efe
0d19f0ea
e8f124fa
f5eb1424
d4e0fc0d
23f31913
173e07fa
e62cfffa
20f3d603
e4f61adc
05f71e17
4f0a201a
fddf4010
110a0bdd
1705100d
2f0a3114
ccfe191c
eae9093c
e12cf916
08f02906
ede2edf1
1802f709
02e1f8ec
03e3daf1
f8cd22ed
f7dd1102
f10a0415
e7e6e8df
0bf1ead6
f4ecde20
fefb1319
f3061513
1cfe001b
05ff0302
3421e10c
14fe1921
fbd8fc09
ea19f017
fbe02010
2202e7f2
f619f3d5
e5e1e0e9
121df7fe
19faf8f8
0b1fcc29
031c22ea
1006f603
0906f302
d227f12f
df213111
ed10d727
1eeae80a
182ae6ed
ee0d1cdd
dee215fe
1d120116
141dfdea
0cfe3e20
0a1e0012
350a1d1e
13f6eaec
0012d53b
f9100807
1d0a0d24
f01f1213
241a11ff
ee1c17ef
1f0d46ea
1a1f1c03
f6101d21
f4f90efc
10171e02
22191207
1bcf070a
ee1ee80f
ff042a38
05ee0d11
0d001d10
d9efe205
18d01320
e60de838
f905e51a
f30503dd
0deecef3
0c17db23
f6fa1fec
00ece5db
0ae4d812
f5d7ea0e
0b081aef
eb1311d9
06eafe15
1e1efde7
02101619
dae7021a
0506f7e0
e21eec2b
eff121e7
331dde15
22f61c09
d6dd1e06
eadbc3f9
fcf21ae8
e9ec0b1d
f905ee10
e00e1328
050bfd15
123a16ff
150c0127
092e0411
fa1ce8ff
040200d4
f806defe
221a251f
e40211cf
d4e22339
162cceef
ca091902
f51a09f0
0cdbd401
fde7f409
11111403
0420e3dd
0c00f213
def01310
10e1dd1a
1d10181c
05d519dd
edf0022f
21fafdfb
daf2ed37
13e31af9
e1f7e8f6
13df1703
f702f0ee
0517f2fe
00f6d100
ee0e1efd
0a0f24f7
0cedf11a
12f0ede7
f915f907
f30bfaf8
2a101fee
e908ef3e
d51aed35
042ae834
0e31f5df
2103f60c
24d6e2e0
130300ff
e0fdd716
d60712e2
fa0bf4e1
e5d90619
15ffdb19
e6e6f4e9
eefb0b1b
fae1fd3e
20dfddea
ef1c0f1b
fa2c0c14
2b12e3fa
e32804e9
15daf7ec
0eede706
21ee13e5
f31f1505
0d08fc00
f7042dda
271fec25
1104f10f
faeaf727
02fe1319
12d604ee
f113edde
f906e136
0d1629ff
ec19e800
10e5e434
da15dd09
ea3d07db
fdfd23d9
0fe40cf0
13111917
ed482c13
001cf1f6
01210904
e90aee22
20fc0ff7
18eb10e8
e7f1f4ea
f0252d3d
1d18da00
fd140005
d0f538e8
0d152006
16062845
f540f1f3
1e2e1e3d
e6ebd217
1fd8f40f
010713fb
30f8f606
eaf247f4
ea14eb05
f511f40b
2cd627e0
f6f1eafe
0d081919
0316ee0a
340bf3db
f4f51934
1c22e904
00e9e211
16e305fe
fcfd1cef
f802df20
f8ffed01
fa12de1b
161518f0
e800e120
f8e51d08
0e32f613
05fbd43f
350a0d11
2a1b15ea
0d2c13f4
13f702fa
fc09dff1
1209e4ef
19ebec05
0919dbe0
000e14e3
23ea390f
19f7d9ec
16fa1b20
ed2d372e
1012e5f2
1de200d7
f61007ef
e0f411fc
d90018ed
f714fce5
f92d09df
df3ee7f5
e8d7dddd
0dfddfe8
fe00eee6
f43b0dee
1630f9db
0a1de3f2
d20aeff1
08f4fbf7
1419fd22
11e1f5ea
47e24010
e71f0413
06deeb23
2d183aff
0530fb09
3bfb161a
123a29f7
1a03e31e
df1ee105
0ff2ff0e
2bf21f1d
18d9e846
0d0b5f17
f1111522
fc2f17f6
1bfe2200
beebfb0c
f2090f1a
0e09cb20
fe210de5
d9e5ea0f
121225e5
11181f2e
d802f310
e1ea10e6
12e8efe3
20dad3e1
df14f007
f8162710
ee241b19
ddeb290b
e0ed10d8
0602d30e
00ec3313
1019edfb
1c08ed24
fe00e0e8
181ce9f0
f8e5ee1f
fee81225
0506fbe5
fe2527cc
fe05fde3
0106fbfd
e702f2ee
ff12fb2a
02d729db
d4e405fd
e3e4d9fd
cb04d8f6
17e9e315
f609ecdc
e307e02a
f600dff6
e60af71d
d205f6cd
fbd5e609
10ff0ec9
24d30dd1
f40f22d5
f1f31110
05e91b18
eee6d7f3
e5e5d424
1cfb07eb
e7daf2ea
d80fdf2a
2b0dd305
ee110c0b
e1f2e1e2
c3f0e726
22f9e631
02d72fef
1d060edc
ea0ef2fc
d7ed22d2
01fc04e4
e506efe0
ed10eddd
e2fa1106
f4f916fb
0ad8f8ef
d41d1427
ea1d1612
c0290a0b
fbe2fefc
071deb13
1ae8e2d3
061aedf2
e01bec0d
01f80017
262aff11
eedc1b1a
eae10adb
eb0410d5
e7cb1b12
fee20bcf
f7ef0fd2
fed7e404
ebd7dd23
fe2010f4
f0fa15e9
10e5dbd3
180b0ce1
fdf40f20
ecee20f1
da0e0af2
0129ed0a
14fc13ef
dae720fb
dfe113f0
e41f10f7
f6fbd9f8
f5e8e01b
250a0f10
d6e3f2d4
16f91118
f51d18e8
d7e2291c
1d19e60d
e2dfe71f
11012fd7
3ae21afb
fceefef0
0fe90922
f6231cf0
fe1cf6f7
cfe0f522
c207efd5
ee180ef0
ec160239
db010711
fd03ef0c
ff31e704
05e9e314
1a01eae4
13fb3ad9
e52f0cfe
18e3ec16
da1edd28
1eff0fe5
fe0a0728
fadaeef4
050826e0
e402e124
e2ec1307
f92b2002
2b22e2fd
cc1ff50b
ef16f4f2
0dffe013
f92a14cd
0ce20dec
12fa0ee3
df05f625
d8ebf9f0
22210613
230bff26
35162ee5
fdd71822
c93006f7
e7eafcf8
17111000
e7e61805
0cf5f702
f1140c12
0013f517
ed14071e
05f5e200
fde427f5
1ad10cfc
e7f4fdf6
00dbe016
dafe08f0
11ff081d
1b130701
ee23ea16
de1d180a
121613d3
fc042d1f
f917014c
ec21f6e0
ece82df8
eced270c
1bfddffa
ddec27e7
3125eeee
f3fc1807
1714f30e
0bd806db
ee0b1504
c9eac6f6
cbce1719
df151d07
18fc0d0e
0f3cfd13
21180c21
e224010a
07f51002
ebecdc00
e6e83216
fa270fe6
1a10e814
e613f310
07181cfe
d6e7fe11
de19d7df
f70002f9
02d90c17
101a06fa
04e90711
eef7da0a
d51dec11
11e911e6
f5fe0de0
faf3dde1
103212f4
1005da15
e5daed23
eeec0b0e
2add01f0
0815f211
ff0b04f9
d4bff3f3
22e516cc
da14f7db
13ecec03
0c2fee02
f416d70c
e204fa0b
ff20f6e2
23dd1f17
f8ec291a
fff31b19
f80c1c0f
08f6f216
1fdbd213
09fdea0b
dc0005d7
ff28dae6
dbf6020d
f8d7f7db
f1ffefeb
ed08eed1
e30c0902
fc1cdeea
e5050ef8
e40a22f7
dc051611
12d202e8
eed620dd
15dbeef3
d8e5f8ee
e703fef1
eeebf9ea
f71ffae0
f211f00f
0703fcee
fff51ae8
f22809d5
0809f411
d820f9ff
02e9ec21
f8cfe0e5
08db1012
f82a1fe2
f1201bf9
fbf6fce3
e9eec7ea
f2f7e205
1a02d4ee
d710f319
f4ca0fcd
c80df300
e1eb01f6
05e313e8
fd0ff6f4
f02cfb07
0fd6e921
0de5d8d2
d7e90318
fdef050b
16ddf2f7
f83d16df
100509d3
f9091cd5
1324d8e5
1af5eefb
d113e5f3
0116fbcd
fefa2311
0cdbeaf2
25dce91b
faf213e0
101114fa
0720d310
06f71413
02d5fa13
f4341f2c
e1d0cd1b
e727fb10
0a0ad52d
2df9fb06
18060ffd
04f40ff5
06edd6f3
e819e6c2
efdefa1b
e7091216
1a080d17
fd141c03
09eb0c26
0c0018fe
f6d714c2
f1c9461e
e81c0907
edeced03
f6e6e705
e2d5e4f1
fafc0ad3
e01dd7f8
20f4120f
e0dcf10e
d12ad0d7
eb00d705
dc1c16ed
f3d11e17
e30fe9e8
f5f8f513
ff2efbf1
200201f8
fcf1f921
dd12d816
f7fff3d4
dbf2e7e7
1df227ee
04edf3e8
fcf300f4
04001bf7
0d18e5f8
f2e704f6
050426e1
f9efed12
1b0ceae3
fd051f0b
e1dbe90f
fccfdae9
d62614ee
dafddf0c
0edcf2e4
18de10eb
f6d210f2
e7f8d9ed
e9fb2bf6
0b01deed
f20ce902
17f6ea14
17e11cfd
f6f8e719
15dbfee5
fafae11a
f31407e0
191a0a1a
1401e906
0febe0cc
0be901f9
dd231715
1c1b020f
fafb0a19
0b1aea21
d709f0f7
04f2f6ed
e6ce0f22
1ce5dc1d
ede82507
fdd52220
eeccf104
08231b0a
09d539fe
d2f41fcb
1d06f7fc
f915dfc2
23f4e607
e8ff11e3
0df6dafb
f5f31be9
ecf400f1
f3fcf4f1
21dcda0d
0c21ee2e
f2ff1efd
2717f917
1d090f1c
1427e212
d9e5e320
290c0103
fde3e8e8
ece9030a
f409011b
f7eb10f7
f8d80006
e0020d12
d61bfffe
04e306ff
09eb2914
3f15da01
0cf3f412
1f2c1309
e1daee1e
f70bf7fe
0e0d02f2
f3070d08
06d9e5e1
fefde501
eadd082f
1d1f0adc
ef01d30a
17f3fa0b
08180905
f11d0e17
18f52409
23010b18
0021f114
2ef3fdfc
df0503e1
f644eaed
e801e614
e6e1e7dd
21f20c09
0feefaff
12f10ff5
d828270e
1affe12d
fee703f8
d61618db
d9ef0c22
f710e440
ef1700fb
0ede24e0
fa171017
efd71d11
181311f9
f0f55d0c
f9f012f1
12e0c50a
ee01e6ed
ff170ad6
e71d16e8
c90117d9
f4ebf42a
14e6002b
1cf8d6eb
eb02e3eb
f4ed0808
ccecff37
f51a0fef
f818da12
19ede00f
faebec1f
25ecf5e0
06e8dc08
e4ec1bf9
e8f2f30d
ed14d6dd
f2d80935
da010906
e0241f16
2610280f
dfe91704
02030004
fce409e0
12f9e916
0bf5e002
26ed23db
f203fef6
193fd71a
1b0f1608
faeaf70f
ed00dc04
17cce613
da09d320
fc1201d8
d8fc1ff2
f5d8f009
110ff00d
25fc0418
020125fe
1205e7d5
f418fd0c
1a1119fb
022e13f2
19e1e915
fd1af50c
2af5d01a
2ce512f4
e5371526
f6f6f840
d2dcf0f2
fa191cca
24ed0023
fef656f2
ecd9e102
020603ef
2315e02c
13080dfd
020fedf8
db072a0d
c916dbcf
340e081b
15d8f121
07ead6fe
f919280d
d8f3dac0
dbf331f1
fef224ee
fceb04e3
1df6fd04
04140903
fedb1132
1915f322
e4031125
1d0a0df1
3c0e2feb
1be1df01
0419dd12
15ebf319
eafc1cd7
fe07d81c
0ed10ef9
fe0e12e1
133cf5fc
f8ee07dd
07260fd2
c6f9e5dd
fa0e1ce4
f819f2eb
0214f4ee
1e01d921
ed141c1c
1426e9dd
d3eb0105
35e9eaeb
f0f91721
17100cf6
1622e138
3b1820f0
f2ed13e7
f9e6e6e1
dee2fa17
fc190eda
25080b24
10f0d91e
e20816fa
ea15e6cd
152621f7
f9f0e10b
f30722dd
091afe09
f9e4fa0a
ec1cfc05
f805f63f
ec13ddd2
f90925f8
d40e141f
fa050fe2
e6dcfc0a
0b0744d7
2e25133a
2d06f8e9
1ffe0d22
cd0d342a
0003e9fd
15ef1817
08ece4e2
1c14fad4
000240e7
011413e4
14e7081e
20fbfff7
41fcffea
dd2e1dd8
15e9151c
cbf9e21e
050f17f5
e316f115
e90c23fd
0cdb0504
0702e112
5314e4e0
e2e50711
0efe2ed9
e1141aeb
1d0e113b
0711e3e0
1135242a
38fa06e5
15e51924
40e1e70f
280c1c02
e2de30e3
1cec1ffa
e6f90a1f
dcded3e7
f0df0be5
130429d7
06e2d6e9
f6e51c13
e621e2fd
f613e550
e13d1beb
1e01fa00
05fef6f5
20e70204
241915dd
140a1d19
04f7eb18
e93bf9e2
e7341a08
e20c24e6
f3e9cde9
141d2305
fcbef302
f727fc14
d6011e08
2ff1e3f6
05f5cf03
11e9e2e4
e6dddaf2
eef6ce21
32c3ee0c
d91dcd16
db2307e1
16fb09f5
1cf3f616
fae324fd
d5f6f5fb
e6ccee07
eef1e0bf
dc1e1fdc
27ff0022
0d0ae8eb
13ff29fb
ff1b1e02
ef25ef06
1905dfc0
141cd1e7
2f09e000
f7d10ac8
f9e3daf7
cd3ae3fb
fde01014
06f8ce0a
ccdbdc07
240bde38
dce80005
d007cdfc
0bf2edb7
01e0dce9
1b0318d6
ebff33d2
290ae1dd
0b170ffc
0eeef118
eb06d3ee
fe16d2fe
13f8020d
e0e41018
fdf8daf2
da1fd3f7
d0ea2cf7
0c0c07da
010b120e
23e837ee
22c92405
d5f4f7e4
05faf10b
12f7f200
efe0040d
fd1bd7fd
f8e3f5b6
e6d9020b
07ceb726
f9eae901
08f1d3d0
070001fc
e3e2f1c5
f6f2e604
d717df15
f6090f05
f804fbef
e6dd2510
03010402
11fb121c
21d31c19
e2f7f10f
e2f0e806
db0ddff2
ff10df14
f2edf7ee
dddb13c2
06ee0e1b
0dfe08c0
faf0d8eb
24fae41b
1bef1be4
f9c6e21a
141c1606
32ffbb0d
ddc8ecb7
0d16c2cb
18e1e9c6
d4e0f1dd
18e4edd4
1216eaff
0cfdeeed
03f9c4ff
1503f710
df05e02f
d8dd041d
cde9d616
f400fad6
1f1405ea
dbe430ea
f3eeeae8
e7161ae2
f3160c0d
00e81ddb
102cbfd8
e4e3d811
243a11f7
e52004d8
f7f3e4ec
090beff1
c2ffed12
dbd9c405
182d0b0b
1ee01ecd
edb4e527
dffdda13
f109f9ed
ecdd02d7
fd003af7
c6f5f2d3
f70006d1
fdd3f6e9
dc05c524
1b101104
ebb4eae2
dbd62bc0
cde1d7dd
ece5f5b6
f104ffdc
25d1ec05
051a1bb8
1101de31
de12cfc7
00aef31c
0fdff9ee
00dce007
b70e27f1
08daea05
f0d8f60e
f4ef110b
b5f2ead9
dcc11426
00e2ffc6
fdfeeadd
371cef01
3ce1f4b8
f5dff3fd
350923ea
2b26d60a
0ae612cd
3fddc3e2
00f7eabb
facbe3ca
00ebdbaf
f6ecd1e7
fce3ec0e
f513def1
1103c9fa
1b1bd722
10e4fcd8
b0ddf0fd
e8d004ce
1fdef4b9
fcddeef0
aff9320d
e42403d6
0ff40b05
defdd1de
e9f1c016
dbf7e4df
16ff1df7
e005ee12
f9b4d01a
1df2f91a
e622f8d7
cb01cffe
050cf41f
f60522e6
efb8002c
04e8dee5
1fe511d9
fee1190d
f51b06dc
eefbfde6
2816f4c8
e9e8d9e3
11f3b3e3
fe0fece7
f0caf702
2fe8ee05
c51e2810
0bf4fb07
ecf81eff
f7070f16
cde6d819
ebf1fd09
04e8dbf2
061b0c2b
13c91fde
1c1a0f12
f2fa1afb
000cdbf6
0de5f122
db0815f0
e7f2f5f3
2012c9e9
031b2eff
ce02f215
24e7f51f
e8e0da10
dceae000
261910e5
f729ecdb
1ce8ecda
102f26c7
02002217
e8f1eded
e6e3f2e6
e3f103d9
e2e0f2e4
13fbdd2d
130806f0
01fee618
1de4cde0
ef0ef311
10d2d9c4
1500e80d
02e717ed
13e8ddf1
160917e4
c10e0c07
0a06e0eb
f20ae4e1
e205e0f7
ef0001ec
dce409e4
00ef1a0c
08dad6fb
19e81bfa
0b03f4da
1bc9010e
0a232209
daced9fe
d6ec1815
0dcf0605
12faedd5
01e5371e
e4f507e7
e71b09e2
fdfef51a
12d3dbe6
06f7ebcd
18e1cc1c
ee0d2aed
e9f9dc13
1014f512
f1de0beb
45f20401
0fe61d1e
0cf702f0
0d021811
15dc0e04
0ed6e8fe
f522c9fe
f2e81729
edf3011a
dc0af630
0cdcf122
01e2ecf9
1701cff2
f0d612da
dedcdbf1
1aebec12
34cd21f9
f60cf018
ede0f008
fa2800d5
f4ec07e4
1626e3de
f2de02e2
de1d12d2
0d22ecef
040d210a
d4050004
e3e7dfe4
fff614f1
f4dad322
06d5dff8
1ee7fa08
e60505f0
32d2fb00
1ccbffd8
03fd0602
0bf30c0a
d9f4ded6
d2fb0cf5
fb26011b
e5f909d8
032efe06
ec23f417
e2fbddeb
dee8d3fe
20f2e7f8
0c07ea17
0ef1e1f8
e4f620de
f8dfd808
c3f50be3
e113f9f4
f9ddfce9
ea1a2e17
c9e7ef0a
e014f4f9
15f609dc
0424ed0e
e805e8cc
16eeca09
e1e32b0c
d3db12e4
f7fff8ec
f7f0d5e5
e7f10cd0
e9160bd3
fcf80efe
0517100e
1e01fbef
e9c8df0e
fa0ff71b
e41e21fa
fddef8f2
0a11cd15
cccfdb1d
0e0ce9da
0f14d404
d620fee2
01d5ec1c
1a14f7e6
fbd7fcf2
f413d6eb
12ee1bdf
fa2800d6
ddeff1d4
01ee02f8
29f5dfcf
0e0e090e
170cd7d6
0313111d
0118b104
f8ed0aea
0e11f10a
ded9d9ea
e305cdf0
0010d30c
e30925f5
f70c07e5
fcd320dc
f82bebfd
f21503ee
f3f418fe
e1def6e7
da04c2ff
d5161f0f
f820020b
f9d515ef
efe8e9d6
fbf705eb
f3fbe9f7
08dce429
d5400b08
24d1f5dc
e60aec1d
c3f200dc
e616001f
faf00c03
eae507dd
f418d5f3
04fbd712
07c2030d
f6c6e306
efe402d5
16fe14cd
08fd12ec
cfea012a
271912f9
240ffd18
0aceebf2
1217f829
040321fa
0304211b
f52f0017
22f71de1
1f170b11
18fdf726
fdfbe6ed
1de2fcca
f1d61a23
ee1affe5
fed9b0eb
e129f0ed
dde6dff8
f3d9f612
d20c15db
f509f0e2
1ee2fc23
fbfbfcf5
d822e2fa
d6240dd8
f1e313e7
03201d2d
ecf90a21
d7152718
e8e41e0d
ebd42113
dc03dfdb
32fada23
1ddbc711
27072ad7
10dee3ec
da1018fc
06fb2c19
22f5fdea
1be1e516
f7d9d2e9
dde00e23
ef3619f5
d913e3e3
f2fedae1
f4f9e10b
d3f9fb1d
0101f8f2
2ee4e8d5
1807fae6
d8ea0af0
ee0bdb08
f6efeaeb
f8060719
dffa0a0d
200bf8ef
0adc09e5
fed515f7
c9160835
eef3e5e4
df041429
051107df
dbec04f5
310a0a04
0b10fc0f
220d0924
0b1417d4
f606dafc
fc0c15ef
1722120b
daf7f0de
f6e60114
0be0e7e9
07faf7f3
1519110c
d50adfe1
1be6e4db
fa1303e8
110add18
3201e403
f3efeb17
d60a1818
2af8fb16
ef111df7
10e71f0f
1212efde
06040d13
eef3f5e3
d806e10f
160504fa
e91bd60b
e81f0d15
142cdddb
d2040208
d715070e
02f1040a
1de21637
d9e711e6
08d9fefa
1c0816ea
310b1eea
f113370d
f6d21215
0d20e7f9
e0dde207
ebf5f51a
20010aea
1c18ecde
f412ebfd
ebdc180b
eef1f712
ececfbfd
fd03faeb
360425e0
e402e2e4
ddf11205
df0a15f9
c415f7d9
dee81000
16fbef10
17d919f8
0806f412
0ef80bed
f3e61e0b
dadd0131
1d14eafe
f9f90efa
1cf0f6fd
151b0d05
0309e4e8
f4e1e6f9
fce21dd9
e416280e
e70d0c06
efe7000c
d2e1f9f7
190aeb0b
faebf7e5
14051826
ddece4f2
01eb1ef5
d714ecfc
2fd2cb00
30080edb
f3fff526
02f312e6
f3eee41e
2d05ec01
17f0eed9
39e7fe1e
d0fd1ff2
050fd7dd
180915e3
0007f904
e0ec0715
e21ffb07
d70910ea
de0a18e6
d3e819f7
d8e0ef09
fe1ce138
1d12f1f8
090220e6
21e80703
15131928
3015190f
d405f1f4
e6efef0f
ff0fdd15
fc1211e7
ee0c0ae0
1007fffc
ea10fbd6
05eede0b
0cdcd8dc
30f127fb
eefcfb08
0e031809
fd100be8
fcfc2200
d4f5f2f8
e2ec12e3
020201db
2f0417df
06f627ec
2711fed7
e5e6f0fc
ddd509d8
14181e17
f2ed0709
e12e23e3
1120f205
1f0db312
fe160d15
fd26fee2
da1efdfb
111bfcd4
20050e18
f10afbfa
e8042b08
f5fd172b
2215fb1c
2be0efe1
11d8e4eb
ead9081d
fcd81607
f0f81a18
131e37f8
0bf80624
12e51701
fbe3e4cb
080400c7
ed20fb17
1afeff0e
32d5f1f6
fe04271b
08e8141b
e21d05fa
06eb1818
2101d921
24ebedf3
35f70608
21d6ea0c
08dffaeb
01e80ff0
130d27d7
d9fbd81b
e8d1e81e
1213e6db
091cf1e5
eb2ae803
17d9f5e9
fd0223f6
26fd28df
e31819fd
e4e808e9
f41c1bda
e500d605
ff19efda
0e21feff
1bfa04f9
f9fbfa26
e2f2e921
ee111026
05fbee36
fd0516e9
feeeedef
fef7d622
18080f11
e200f026
1f18f809
f73126fb
f702f316
fe1534eb
f6edf802
fafa1800
25ddf2d6
00efdfeb
fcf002f0
e20efd16
fbec0d18
0619012a
d81ee6ec
0c0cf412
e0f00009
e11ce0e1
1300dfe2
1af60e2d
e72b0ef6
1c05f4ff
c1f20d05
f61703dd
06fa0ee0
0ff6e600
261df9f8
ff0303fc
16e8f2d4
fcf21e0b
1d05e921
05ed0021
0fef0b35
ce35d8e7
fafcf21f
21ebd31d
0e1420e3
f11213fa
46f2ce1e
1000f1fa
12ddf0ff
1ae91bfc
ef0cfa16
c8ead21d
061bfbff
291510f6
250a0303
27e21c15
53f4e3e5
f10c21f9
e2f4d80d
1b14f516
e623e8eb
dce4c61f
f5cde7ed
070e22e0
d81bdb1d
fb1e0a26
f4e70ee6
12140d1b
09fc1b00
0ce3f9fb
1244140b
040fddfe
16e4dddc
e21edfd4
da19fbde
fafe1d1e
12dbff30
f1edf620
032e20fb
d317222d
f2dce1dc
e3e3f905
e610f502
dc321dec
0cf008d2
2d000bff
05ddfd00
0ef6e61f
2b1e0ffb
0ee4fffd
0dfde5eb
dc091cf6
e50d1809
230be9ee
f10c0922
c42b11fa
ebd01f05
11011917
f4fa00fb
e0feffdf
ee090a03
1308e0ff
ebe436e2
d739f5e7
0ffa1918
fd3ee4ff
e6e1e40f
f614e115
f7f70810
fadec821
f426d5ea
170104d9
0c071f19
e6ebd311
f80cdb18
f522ee35
fcf8f922
03e822f0
fdff05e7
f5ffe8f4
311928ec
18e31afc
e201e909
df151421
fada0b26
d9faf6f7
de141adf
d10df223
fb1af9f5
ecff1717
221f15e9
0d0c0d4e
effdf50b
3f240de2
1b27dde1
e61ee71c
1901ed25
f9e9160e
04f9dce7
05f10eef
ffe1ebf8
e6ee17fd
f81c26eb
01e1fd08
f608dae9
f4ee0627
0fe41d0e
d524f007
26e823e1
ee0d28fb
24f50d2f
02d90411
d410e319
dee606d8
f001fbe7
20e1ddee
1125e42e
36071402
f211e821
1009152c
fcfe1a10
21120404
f2f419cb
ccf614e1
0afc21e9
0dfd1ae0
f913ee1a
f1d51e10
2de70a14
2b0fd613
2028fa03
17eddcf1
221ce410
0e18e01e
3110f32c
f0faeef0
cc0603ee
10211514
e4d9f6de
fee51115
eb11daed
0b2b0beb
f0df0619
19f81808
e4e817e1
10241bd4
f3f8011a
f012ea1b
fadef520
2203d7d9
fa0521f6
0ef6fbd9
1907efdc
16fddcfe
dd04f610
f4dbef18
ef2b1217
0ee825db
dc02f806
001425e9
f4e7e41e
1b011e0e
f7fe09f8
eb3711e2
1c201829
1e0df80d
200e2de0
dee4de24
33f418fa
d1e5de0c
eaf7e02f
c318efe3
ff1918d5
1e191c07
ef040d27
e1edf9e8
111de517
0e10fee7
34f0e1d2
f4f8f9fe
191fea03
fc11fb13
f4e801e8
e6041401
011204fa
ed21e218
1e0a10e2
dde21a08
db11d21b
f4ed10ec
0feb05f9
e0e2f513
04ef1201
cf3923ed
de06141c
1c0613d4
22d1ebdf
1f1a14e8
4f15f616
0417fb1b
d7032315
180ee21c
09020420
f8f6d72f
e4eeddf4
e617c608
39eee11b
eaf419ef
2e15effa
d1ed0506
ffd7150e
e9eaf40c
e1f1fcf4
ec15f2e2
e6d30f10
18f51ef6
14eaebec
c4e7e624
e105d40f
defefadd
d124e8fe
4622ecf8
003f0e1b
e8ecfdfa
02facb07
253112de
daf81f01
091f0900
fc221207
f61c2b16
11eb0b0c
06f7161f
3af408f5
ec0010f9
eb26ea2c
c2edf814
dcff15d8
002826db
20e301f6
04de1af8
0a08e0e6
1af2e207
22121101
0307f604
23330715
3ede09e5
2ddbf5c9
083c0cde
0cf912f6
d5f4e3e9
19fad814
eff601fc
0c0415e2
0626dae8
230a1512
fc3118dc
2000111f
f605f4e2
fa0401d1
1feaebfd
f721f0e6
2129ddd6
06f8ec15
fafbe10e
eb0ee0e9
17d72009
0ef81e0b
26ebeb06
e611f9f8
0c051cfc
0afce806
d7e30c07
4c1a0f14
ddd4e1ef
f10fd0cf
0cdeeb0b
0ffe16ea
1722cce8
efe41ddb
e0e9fadd
cad81c2a
10e5d93a
f90dfb1a
f0e41908
160de833
29fc1902
233adf20
ece926e7
0ddee8f6
160208ea
20f924dd
f0fcf51e
fcfcc529
07120515
f20b2f23
030e181b
f52610f6
17ece403
fa2d340a
df181a18
22f75301
1c0ef322
e113fae4
fb14dad8
fd1c13fe
15feff01
38e604cf
0e00ea00
f6de1df7
fbd612df
f604c60d
e9dd001a
e80ef914
27e311ff
020637da
0aeef4f7
e1fdf0f1
ce09ffed
2e1a16f9
dfd82125
1cc21921
0804e9de
21fb051f
f724101f
1a0208e1
f7121e13
0de9f33a
3012fcee
0114f3f4
e9e5df07
11e6fa29
e4f7ee2d
f40c1a2d
161ecded
0de6f32c
3601fce7
fdf2de15
0e0824c8
f6dbf5ea
05eb19ea
22e602e2
e1dcfeea
080ceb15
08f70b0d
10d6121a
e8f2fe2c
f2e51916
121beff8
00fa31fc
24ef0e0d
f3e3e1fe
ebe61e1e
e2efe0f3
21eb0129
0de2fe10
f310e311
f11324f9
eafb2b15
e71e1e1a
e9e9d51f
000d1706
f1e9fdfd
eb0b251c
e316feeb
f1150ce6
ee30e0e1
fb15f6f6
0a291ce7
020923e7
dcfedb0c
2b12df04
1e1a15dd
f2150ae0
dc1830de
ec22d3e9
b4070718
d6d900df
f801defc
0cfd28ea
eb0cf50c
fede040f
de02e50c
fd0018f5
ea0320e9
f8be2cf7
c11010ee
0c0d10e4
e708c81e
f0de1de4
f8e0d820
3ef81ff4
241d090c
edf2f507
db29d814
270606f5
df131d25
1ef6d505
15f8ee07
f1e5250e
ed100cf6
27f80d0e
c91aedec
0fd80ef5
17fee617
f9f8e1f5
220bf8f0
c9e0feec
06f7dbfe
efebdf1f
c7f3fa07
e4e60913
d4f2dc01
d2030b2d
19e4e1e4
23fa20e3
1eed26f9
fe25c615
eb15031f
ff000ce1
ff1d1210
15f2e3e0
10fced1e
2126f40b
d104011d
30e402f3
f4cff1e7
0c19dbf9
c816eafb
e20116da
1c141f10
0cfb0ff2
eee6210a
1638defb
ed1ddbfa
291c23fd
11e1f01f
d82fe306
15ef1703
02f906d9
f13ced09
1de309dc
eb00f3de
1823f40a
dce728e0
0ef9f20e
fb060e12
10ee12e3
1b31f610
050827f2
ef3519c8
1707dae7
e508c7e9
e5fcf515
03e7f4ed
0ffcf2fe
ea08f1ed
03090ee2
03f5ecd7
f6e0fe11
f0f4dc1b
fbf7e215
f2d21104
fd07020e
eb01ea10
fe0414e8
f0f5fe16
1fe806cf
010814e4
df0df50a
0f0bd0fe
15fbe9ea
f91310dc
f5110b01
d828e50d
0f0311f1
d8ef0c00
0fe20235
10dff9e7
1f3b1b08
ebe0fded
051dd824
f5df1df6
dcedfce0
fc1401f2
2518f5e4
1c0e0528
1a250c03
0b080ce4
fc151ada
0d0fea19
13edfbdc
062f1beb
d5fc21ef
e6eaf118
db0d2bfb
fb1b0ce5
d1fdfc04
e8f00d0e
dc032be5
e0d207f1
02243805
19081d03
f100f4f0
1af0fa09
00f3ee03
e8f40af0
0301e3ef
c9d1190d
1ed303d4
da14f0f8
191bda08
f7ffe428
09f50423
f5d0261f
13f10405
13f4f01f
ea0200fd
0af21b22
00e70b18
1e1a1d15
0005de34
1727eafc
fe0c22df
e006f00b
e00119f2
2608f8e7
f00bf41e
3edce409
f7e20cf2
e0f3e3fa
eee711f9
e2f01fdb
e0e1ead7
f3d40fe2
0920eeea
faf3e710
0015fdf9
f22309d3
ef030c01
1a22ed0b
ff2cfb0d
11e9f7d8
1023f0e8
0de3e5e4
15f70e13
021e07f0
0f09e202
da07e3fc
fe0ee02d
1401ffed
f8091502
0cf00ce9
0d04040d
1d03eb33
03db0fdd
e4020cf6
c7101e19
150c1ee0
03072c22
0feffe04
1ee90fdb
1925e7fa
1affe4e7
e6d32014
17210b12
21e2d7fd
011204e4
2c13d704
06d5daf7
e6dbf0d6
07ef0b11
1cfc0024
fd13e7de
e9e50624
1d1c17f9
12161127
ef0f31f5
26031d2a
edfbe3eb
f61dd729
05ebd907
1bf400e4
130d2f08
260d2fe8
df16db06
d805d610
3514f402
be24fc14
14d51cfe
301a00d9
edf9e80d
eeee1524
eb1c140b
db10e2f0
e5e41b1c
d219070a
ee04ff06
1cd801ec
e2f01bd9
27fb14f4
0d12e902
f311f0fb
e7defbe7
28f3e52a
f22e00f5
e8f7f404
1c3614ef
f4e8131d
1d10e31c
01e6e3f6
250ce1ee
1022f210
e52b2a23
27f2e217
d9e1e5f2
ea0a1203
fa38f2eb
f1fafb06
17d4f2e3
1928f1ee
ecdd3306
e802f510
00f611e7
d92fe012
080602f7
0c12051b
0f180b19
0de4f115
0d332223
21ebfa18
0aee1af8
f1fcf224
ddfe0012
ed1a09d6
ecf801e1
150fee0a
04070203
11171813
320deb11
ed05121b
16f6f9fe
0916f121
f31523de
e9e203eb
0df72220
e20becfe
03122a31
ee1a2306
faf31109
d3f3ffd6
29cdeadc
e5f6fc00
e7e2f51e
0c25d3ff
18faff19
09fed826
fa06ea0e
011de1eb
1ce30ae8
24e52303
0b01d60c
f6f2ddd0
0d140cfd
121006db
f5fef116
1cf612eb
e219efd9
12ed09e1
e80818fe
f607deda
04f5f9de
0101f117
f9f617d5
1612de06
191b2113
1b03e60f
f616ea06
ff1014f5
f4f20de3
1ed70ef9
e3e5e70e
ef220e1d
05eadbec
f9ee1703
e103260a
1ee7140b
14eb1615
fa1b13d3
04f1e300
05f3e806
272114d6
fddb26e6
161037e8
1c220ef9
10e5cce1
0de61402
de05eefd
0ed7db18
f7f92e00
28e51529
0808e8e0
faf9fb0f
03de0014
d9faf617
fa04ee00
0313d815
16040729
1adf0a17
dde8fb0c
1004fbf4
1bda0213
fd0e47e7
2205ec2a
e314e015
1ef01213
da15121c
f0f81111
e7f6d4e3
ff12f30d
dcf91918
e1f6f7ed
f1e30f11
d7b8df02
f211f31f
190c092a
f2e2ebdd
24f2f3ed
01e6f0fc
08ffeeff
2616ec12
04eafff7
0a0ff20d
19f214db
011afc07
ee111312
10dd1905
1020f6ec
04d72204
fcdff308
e0e3ec17
e0e6f6f6
18f40812
ee0afbfc
0ffcfef0
df1d08cf
26260e06
0fdd22db
e0f21e11
02ec3a1c
ff050f07
090613ec
f32af8ea
15051feb
e61d1111
0902f3f1
1f11e509
05194dfd
0c0f2022
21e2ed25
12e7e3ef
e1cc2201
e8f2e7d8
f3de3823
2917f00c
23fa12d4
09e2e21e
d12e2203
e5d21f19
ef071809
0ff62015
08e60227
f4d7ed1a
e1d5edf4
29f801e9
1e20f531
20090511
d3fefbfb
111724ef
1015f9d5
0a1107eb
e1d70601
122cda08
f61a21df
eff5fe30
06e026f8
eddee115
07dbdf10
17060ff4
e8e01cf3
0002eff5
0b08fed5
f519f8ec
ee10f417
0a22e722
dff605ec
1c18ebff
10052c1c
0bd60df8
0c26f8f7
daf2100d
d526ea1d
e005e9fb
05faf4e5
e1ecf01f
04dbff12
15eb0d22
dbe116f4
2f18d712
200bfee3
1e230af8
1b062d23
dbe713f6
e01a162c
e8ff032a
f2e92d17
dbf4d1ec
e1fbd7e5
0c151607
0ad7f8f2
0506f0f3
f039381e
3aec22ee
2efdd815
f41fcaf9
fadd0812
1ae6e20f
0ce20312
06e4f832
1b03fe08
04fad3df
08ee2604
d7090c27
1df019fa
2624fc13
da290f06
0fedf62a
00e80d00
06e0ee1e
19d92c4e
0cfe34fe
dd03e211
190bdcfc
e7e917fd
01161d1f
1620110f
fef10cee
f513edf8
2a1fdc3f
1bf7e0d8
0a0ef3eb
f2f9dedb
e8eaf4d9
f414e1e8
d4ff1407
f016ef02
2ce725e1
2ee2e1db
08f8000d
260b07f1
fffadb19
e827f21d
06fe1115
2011e50b
11d9111a
11f9ea01
1f1d1606
23f5e714
0e09d8fa
1adfede4
f0ecf0f5
0233e9fa
d91ee428
10ea0b17
2405f9fa
edd1f6e5
df1cda37
0ae60fec
f8e40d0c
1915dd2a
2916dbcc
e83603df
01d436ec
10d81aea
04f708e6
edea47d1
3427cbfb
2e02cf0c
e2f2e6dc
fa04e7fc
e0fc05ee
dcf703f7
cce5d901
21040319
e3ecf324
f42121df
ee0424f3
f7fe1801
f7270aef
251af836
f3fec81a
f4e30b0d
131a2bef
e8f7080d
de11010f
f1001706
1cf5edfd
e7f0f70b
f418ff36
20ebfc23
1923d507
10fe1ee9
1f160ff3
330e1403
07dd0816
08eedff2
d5f1f319
19dbd9f3
0d180f14
0e121c01
f3251600
0ee304e8
cd0aeae7
2303f2ed
e3f4f002
de0ae407
28ebe51c
21260419
13092ef7
28de0c0b
01dde8d7
f30b11ec
e41af600
1418190d
22d6fa1e
f728fcd8
071d0000
143601e5
22e9e2e1
16fdf606
edf507ff
c3e905fd
f308f603
fd230bff
2531d3cf
fd30e5e5
e7d92e18
15f709d5
f9190a02
00070ff3
391adcf6
1f21081b
0824ec1c
1dffd423
e40416e5
eff700de
f3ed1917
24fd2413
f40fe71b
db271009
29f11f19
e1df242e
1a1be71e
1113f102
e80cc4f5
150d0101
06de12e6
e60c29ec
2bee3cf8
09f3e0f5
11f8de04
fe16ef02
d5f8132a
23f8e910
20f6daef
f421171f
e9f9fa28
0bff0110
ec100c14
02e723fe
220101e1
1cf6f01f
20e61507
061e1bf4
fc221618
f2f7f3eb
00211cd9
f117fd0f
f4fd1108
f7fae3e2
f0feedfe
e911dce3
fae5f80f
ede714fa
fe16ddff
1efb060a
dc060e19
f8dbdefc
15170714
d60ade08
13f4e5fc
1a2b17d8
0c0be2f7
0efedd23
da12ec0b
ef220229
ead7f122
dafef60d
150dbcca
00151205
070a2b03
1c1ccedb
f81ae90e
072612d1
180bd9fd
f21e0c17
e4e1fef1
e6ffecff
1608dfee
c8d5fcd4
16191630
072bfa07
fc0301eb
1d2235dd
e32f011d
040d102c
021b14e8
1a38d817
d621e701
d8cd1308
07e214d3
1a192b0e
28dd3afc
eadf09d9
f902ed08
181630e4
b910dd31
d614e032
fc05f405
d716f2fc
e0f6030d
3ff101e8
26fb25ef
d914e3ea
03f2eb0f
1cdde914
1ef8e4e5
fdf81cff
f6e927e8
341311e7
ea1731d6
161d1801
f9e61356
0b23ff1d
21140af8
2a3bedf1
0bedfce2
031dfd05
2bdf0a0e
31d5f5e9
0cede7e1
fdd304d3
1e190cf2
e32414c2
14170dd9
dfd91611
26f607eb
12f8da0c
23f3dc1c
f3161a00
0613dadf
e8d71bd8
f5dacae6
0ef21214
1320dcd5
0c22fbf2
f31702f7
1ffce3f2
e008eaf0
df1cefdb
2208f912
08db22e7
e0150c10
e310d408
fd0ede1d
f4d8fce6
00f9d915
f914de09
15d2d7db
f0fbe4f9
2803f00e
041b19da
f60325d9
f31503e9
d820060f
11e203f5
051d13e2
fd1d050a
1de01208
d9e81a11
ece20006
08e60c01
dbfdf00c
fc06f7da
ebe1f702
19d800e8
f6fc0814
f218d7f4
0bef11e6
10100b20
18131407
02f81905
2af3f108
131cdafe
faefe3ee
11ced9f6
04092e08
09fc2ef1
0313fb1d
db16db16
0308f202
0edb10ee
130c18f2
0ad6fce1
dec71efe
0110e61f
eb1ee711
ebf50cf2
04101317
0cdfe2e6
03e7f023
d8e60e0d
fe05edf1
e70617ec
ddd90bd3
ffeb11f2
e6dc10f7
ef1b0f0a
1b13e3fe
dcea1416
0117d9f0
060edfdb
0fdb0208
ead51c09
1eded90b
d9d8e7fa
d6fb02ff
25e3f7ef
0316191a
14e7e6e7
f6d50b06
f4f0f90f
10fe16e9
ffe1fa10
031a1517
e30afe0d
09fa08ee
17fcfb1b
14f209e1
fde228f4
e5fb01d6
1c1e021f
19e8c908
fa15d7e7
1fe21205
e112fbe7
e008f003
fbf3191a
27e6ec05
0ffa12e3
d90c0105
eed3e8de
19eee118
e2020ae0
0bea18fa
fe0808d4
04dffbf4
0907171a
edf000e9
e8e30fdb
05e4fc0d
e0fc2dec
0001e706
04fdfd10
ed0ad9f3
1df204ff
0deaef17
1fff0e10
21e0dffa
f91409f6
d716cf02
080a10e1
261cece4
df051c18
e301f801
1a12d41d
fe0305e6
f5fae800
14eed4fc
f3e5fb18
0c050916
fbff14e7
2b021c0a
ec030bdc
10fff0d7
dbfae1ee
fc091313
eb02f009
e50de80c
19e9f50f
f812e603
f6e31aed
05ff1107
19e91917
e4dce00e
0cfc1fec
0f16e01f
ecf101f1
ebf6dcd8
e5ff07d4
f6fde0e6
ea15f6e2
db0f1d06
161d1af7
20fe06e9
e3d8f910
e1faeb1e
fae6e2ef
dc05f0e5
f1081dfb
0115effc
1418f214
e7200eeb
05e4ffe5
1ad5190d
f5ef2dfb
0100f200
09de07ee
dbdcfbe4
090ef603
e10fdff3
fd0efe0e
2a0ee1f7
f135f70a
f1d704d9
e021291a
e5fb0bf0
15e4fd13
18dbfce7
23e812dd
e1d7ea0e
090f0912
e208181a
1d200be9
fd18cad4
19020807
0810001c
e0f309e8
23121bf1
f31ae4f1
dde1f7ee
06e104db
fd0cfadb
d8f2f3eb
d4e40fef
f81e1ee5
daed19ea
08e01d08
01eb21fa
0715ea07
1516f0ff
1bfed90a
13f7f504
eb00e8f6
02db00e7
15daf5f9
0706ff22
1d11f71f
251ff6fe
ebec0df3
e50ff220
16e4f0f8
f11a10fe
06df13dd
0305dbe3
dd0607f1
1713f402
ed031516
f40df8f8
de0ee525
0ed6160d
f912061c
03f3020d
04dc0fe5
ea1dec0f
1b1af8e7
18d5fbff
02ff0bfc
fae61902
19f4d2dc
d60011f1
0af0ddfa
f4f9f6e6
fe070ce8
27172af8
1cdde5e1
1a18e11e
e9d606db
1109e016
f1e82a11
1617121e
25e719fd
f0ec01e4
eef2e7e7
191ceafb
edfe15dd
e1c9f315
f4d230fe
da23c0ed
e0f7edf3
eeec1301
ff19df12
f20ceff3
ffe1fc08
201d1e18
f204040f
12011807
1afafcf3
de1bd402
fa020a01
23010aee
e00af0e4
08f0d713
1e091c0d
0e00f52a
fe1b061a
f701e1e1
f3dfe3ec
f80502ed
0eda0e0f
14cc0b11
f613fdf2
1cf4e10e
150bd70d
ff0de101
18f4f612
ffeef023
e2f91df4
16f6dde8
1dd1f4eb
0ffb02dd
1cf61f0e
15e009e3
ebdbd7e3
18190ffa
200befeb
0c0ff211
2de5ec1e
120ed8e4
d5f9f104
e4e80315
ebee0813
20f2e312
e7e01605
fffde9fa
08f4e6d7
e90511e0
01d3fb0c
e8e111df
09f4ee1c
e00314e7
1c13e61e
0cd7e3fd
fcf0ebfe
eaebffee
f6e8f3ef
0cdd02f3
1b192001
f21bfbea
e417f7f3
16edf31f
fd0bea00
f5f6d2dd
e21e190b
e3ff1fe8
170a15f0
0e100c0b
ebeb1216
e9dcf20b
f11dfbe5
fb03e3ff
f4e7f5f4
d21f0711
0cffd603
daf7e714
e8e0fe09
0019fb1c
09151a07
e619dd1a
1514ece2
220cfe13
f0eff7f0
e9fbe0db
2f03e6f9
eef6ed09
16e00fd2
1fd91aff
d91ffbdf
daea1ceb
1fe114ef
e90604e8
f62017fe
e1e5f5e0
03dc0ee3
dfd5d7fb
1af4f608
061906d8
22f4d50f
0b1d0901
f20ef1e9
05180716
eaf41cf4
11e5f4e8
df150e14
08e5eff4
1bde1210
df08d3d6
ef1afed9
fb0b1312
e2e70ef5
011fe020
23db0520
0906ec05
12f6e8ee
ea1ff8dd
1c0d35f7
1d0ceafd
e81e0511
eee7f40f
d909d9ec
0d0ee7d9
2413fbf9
23e40d1a
0becd4d9
fb14efd8
eee50810
1e04f5f1
1c07f1f0
e4dde3f9
f4f31dde
0809dc0f
fbf6e6f2
0d0e1113
1714ff12
f3dd19fa
1013ec05
100ad1e6
0df201ec
18e7e6fa
07131ddd
d913e9e2
03dd1bcd
0b2002ec
0ef5eb01
1c00d7d4
20e0ebd7
0df2f8db
e6dbee13
d9ca09e9
050ae0fa
18e621eb
03e9141d
d7f30a18
12f205fc
f40705ea
02e42216
d7dddef3
d7d1eadf
210a2005
13ec1d1e
e10116f5
e2dfe30e
e000f8e0
e9dd06e5
f913ddfb
180714da
0ddfd007
0bdb07f3
0f0101eb
03dadb0d
db1ed3f5
eae60ce6
dbea1e17
0eebdff3
f9fa1410
1ee21b0d
e9180c0c
ef0aee1a
eeebe9dc
2002c113
e20a0e17
d809ffff
eaeef40c
040703d2
0501f7e0
1eefe6ec
feec11d3
e6ef201c
05061aee
d3f327de
ebe0d8d4
e31b0edf
ec150e1c
fa1b1ad5
fa21f423
e8f51efc
dd1ceb19
1de91303
de13f909
d91614d8
09f2e3d3
ee11dee3
f6d91ee3
e9f912f5
1e0bd8d2
082019e8
06e6e023
f3f8f614
e4f8ce15
f2e0f1f0
fcecedea
1a1ef9e1
fafae6fb
0be72219
1afada17
f0de1fe0
f7e8deef
dff50e17
f2ff1df4
e415d8f2
08d6210d
d8f11f0c
fbf01710
db14ff16
e8e5e3d4
f30e0b0c
fcede701
1ffbfbff
c7dae603
f1e41806
0df2fce1
03e6051c
171806fa
d5dce6ef
02ed04e2
f6fa23f6
f7ece70d
19e1f91d
d517fdf9
e2e60719
ea07eaf2
10fe14f5
dde8f215
20dcd507
181aefdd
dd03f5e1
de120505
f6ecd6d2
11171ae4
03070116
18fdee16
fb00ffe2
fef6d420
ff04f9fe
19d9e4e0
0e22eced
14e4f3e7
0ef5ec09
da0c0bdf
16ecdff8
f3ea060b
ecfe1303
0ceee0e2
dad7dfdf
1b201af9
e3f6f1fb
ebf7e9f2
f904dfeb
0ae30bd7
e4de2036
25fedef6
0df1fd12
06d40bfb
e21d0cef
f7f3eae1
fb1216f2
362ade09
f7f00bd6
f51405dd
fe26fd0c
e7140420
f3d9f0ee
fcea0e19
fce4dc18
ed1a08d9
f8e21118
141e10f2
f2f2fdf8
06e20211
01ead311
d4090c0c
19e0ef1c
05d5fae5
30ded8d8
2bfb14ec
1ed4feee
fcf6e0f3
1e1d0a10
e1d20cf4
f1293617
05f0ee01
15fc17f3
da101cd7
fff50c20
fdfc1f0e
26faea02
1805e5e3
1906fd13
e816dc04
121a0ad4
dee8e0f5
0806f406
2017fc00
10e5e01e
0be21712
24eae2fa
0f0e05fc
f7fb18dc
0c360a24
152604f1
1bed2824
24460205
f129e711
1c1cd6e9
eb29152c
f3051e48
15f41014
01e517f9
ec22e611
cd16dff7
ed030112
12fd0518
ea22f3e6
0527260d
0d1d201a
20e5e52b
1838f20d
f2181301
e3f405dc
e2162efc
17f4f012
e62137f3
09220f09
d41b4526
e6f3e23a
00183457
1316082e
1b331947
23d61e24
0900eaff
3ae2121e
35154200
56f931f4
cde5e036
0213fa1d
0e115101
d0140b35
cf08dd34
262f2105
25f7030a
22021f44
e112e4eb
02d41cfd
fc0c1421
0c0215f4
d7f7fdf0
10e117f6
e548e2f9
4dfd2f25
2eeb1e10
221a0af6
f0e4cde8
e922da01
11133110
4e0af81c
1a03e2df
fb25ef06
fdf4e40e
2e1f1b01
1ffaf42d
e92a1aff
04112ae8
1c0aef15
f0fc1d25
240cdef9
02491817
06120d1f
f214e21d
0c41e33f
e9f92f57
1a0de8e6
f7e81a19
df180127
0233e8db
03da31e5
19f0e207
0e221f18
fa233ce6
0ff02d06
fa171304
fe2c1e1f
0d170807
25e907fa
f8e834e9
ef030c3d
d7050c02
100be71b
1a0140ec
d9191d1d
1cfa0332
20201bf5
102b242c
05ee1a3c
f3351006
f823ee07
130543fb
470b43ef
ec01f8ef
f71909f5
481c37da
cc101d1d
1617e92f
fefae80d
231a0ceb
43ebe539
08ddecff
0fe211d9
0506f719
1be9edeb
e9fedae0
db050be8
e31ff6dd
4d192112
13ea04f6
071a0b09
1fead720
fa27d3f5
1c1a12e4
39080ee2
154817e0
1916171e
e108e2f7
3b0c2135
f5fb1125
081205e2
f60827f6
010e0e20
de37effb
18fbe3fa
300afc04
f314f73c
27f61612
da011236
e80a3521
eb4611ed
eaf843fe
0626e1df
e50700df
06012b09
481afefe
d80910dd
16153bf8
f424fcd8
2a1af31b
0a1811e0
e8e5df3b
0a01db10
cfe24ed7
110f0105
031c00e8
f8dc15f4
f21b4c1e
f327023b
2c1b2f0b
f4ff0d2c
ee0bde10
2df9281d
132ffbf2
08e414e6
0921311a
3ae248f2
d4db0cf1
11f8241a
42ee0d0d
0b2a1b0f
c6130d16
01fbf2f6
200a2c26
fe01121c
2df1dae2
19e9f708
0a1c01e3
f11a1202
1bea14de
0121ffff
1c141913
2f050de1
1220fb04
ef140f22
eeff07f9
cefeb4f9
1419ffe6
370efae5
f9ebfa1d
1dfae319
14e2c814
43ebf105
12df1ef0
e5070a17
f0243529
f619193b
08f71a31
0a03f738
0c1d110e
000d01fa
faf7dd0d
f30f181e
f1ef0013
d81b0dd8
ee0aecfe
1f3a3506
fe2904fc
f2fc0505
25fff803
041d18e3
27421810
f41312fb
38eafee7
141425e2
23fd06f5
f505dce3
0cf303eb
08f2f8fd
d32119fd
0be4dd19
ff112cf7
f10cfc1d
19193d33
1802f018
f510f7f9
18ddd136
2ae3eee4
17dc2a0b
2bf53211
45e847ff
081b15ed
0aef2ce1
fef119ef
eaf0ec2e
0807e23f
1df80aee
0cf0111b
3f10f5eb
fdfb07f9
28da17fe
04d51114
e6d71314
03ede41c
042219f7
eb1eede7
f6d8f9fd
10fe0606
ee05fd38
fb20ddfd
ddf3f5e7
06231417
2d16e2fc
12fc18e2
1cfe0a26
20f4f50f
11fdfb13
42e4e430
e4fae0ef
f328ede6
e9242612
d40b10e8
d909f923
2dff0e1c
29f9f514
f6f60c13
bb0ff325
d5dd1902
d5fa0ae9
f3e22c25
fb30e7e7
ec1b1413
061f2305
12160ef0
eef104f0
d72b43ff
0a2f160e
3712020e
d2312d07
04eb0803
ddfb0a1b
e1e0f907
1404f12e
ea04ebff
00f01ef6
e8ff4fe4
12f4ff47
27fdfd38
ee0fe925
0718000b
fe1ae9f9
f6ff09e3
2edf1910
f1103912
40dd1cef
dede06fc
202329e8
fcf2180b
d5dd04fc
0318dff7
ec06e01c
1cf5ea1b
2516ddf5
e420e3da
0b1ee510
f9cc1e0a
25d6e9f7
f8eff823
faecdb19
180adddf
47fbebf7
20f1e10b
ee0f2507
0620ff19
0710e114
feedfae0
3ff8e2ea
1326e0dc
eef7200f
15dde5fb
f6f4d7f2
1b09191a
e90a18e8
25f40df7
e2fd071e
f8f617fb
f3ffdd2f
32102b04
27d7060e
2fe516f3
c206d8fa
d8d93142
e7250e09
010ce9f9
ee291507
e8441df9
0d101ffd
10e9feef
10130ff8
e8082a0f
0809fe12
1f08e130
ed1500f6
231ffb3c
201deeeb
03e8ff0d
eb24fa03
f4223610
eaf128ff
0af827e1
02ef1530
12f53309
e1fffa3d
01f1da0a
120e1e07
f822dcf2
f8e7e0e9
1af42d4c
32e82cd9
dee0edf8
042c190b
20fe1b1f
0ee8f812
d0fb1434
e9f0cbfd
fb0dec17
0e1d1d27
2bd510e6
210204e8
f1eb0a12
f7f5efdf
f70805f2
16f9fce8
fd2adef3
090c3ded
3d24f2f1
e7120833
ff0715de
da2ed6f4
f7f32417
0c1e0717
17f91af5
e5ef11eb
12e7d5df
f7f00c12
22f20b2f
0aff02d9
152601f0
fa222d21
ef0ff6fb
e211d631
21440f11
171aed09
3b2dfe1b
0c020a0e
f2dd0819
1003d7ec
e8210438
df39e909
ebff0be7
03f00fec
ebdcf900
d71b030c
0c4c1110
213b2a12
02edf60e
11f60cf0
e203cb09
0c18ef1d
0e142ce8
e9f8150f
162606eb
24060239
12da12ee
da22f022
1bc718ff
0246ea2f
f731e635
e6ede805
24cb2106
0f2031ea
1fe4f92b
37da1f0e
1014fd20
1df30ce2
2413141e
d0f9051c
e926f53f
e229e127
093618ec
34271422
342016f4
f9fff905
edc2e40a
1ef2e2d8
0bf1f0dc
f80c07d6
192a041b
f0191909
2515dde0
c7e5113f
1c041008
e214f624
2d38fe19
4fe8090e
faf811f1
08db01fb
23f7e518
1c07f502
0ad9e635
1c07001b
f70111ea
0fdaef3b
1523e624
e6f6f9fe
1e3af61f
19d9e604
fd2a0c01
d314e60b
f917090e
12fff2e4
2afa1f33
0b3ecbe4
e836db20
1cdc2cf9
f20816ea
ea1523f9
ea17241d
2f0f12df
35d82621
e2fe2511
17e6131c
db0bdb1e
03fd21fc
142eef10
d6221bfc
f5f6e343
19e11d1b
e4f7da3b
fbc52c24
0331092c
34061c1f
0fefd316
dbd5dbda
39d930f9
2105042b
2d072a16
cf2304d5
cd29070e
00f53d06
fdedd51c
c120ef05
1734062a
daeb08fd
e7e1e703
28e718ef
34fef5e3
e60afa16
12f30de5
13e515e4
fe1e22ce
f00c06e9
e5052c0c
090903e4
c8db2bfb
08ef2200
f318de2a
2c040602
2402e817
f8fbda0e
ce141014
f424e304
2bee2009
49f5f81d
1615f800
09082413
e0ddf93a
f309e919
fc220f05
27373222
15fc0ae4
0ce0fcdf
fa02f63d
d1f94844
ef281d26
eb0bfef4
091700bc
cd4de9fd
e2e10015
12e3d1d8
1546fef1
16352c0e
2640f7df
23dfe727
fbe7fe1d
e0250027
f1fa1be9
e20909f7
0c09e317
0a031204
f5e0d2fb
fee746fc
f5f81023
18e90131
f741ef3e
ff19dc05
ee00132a
f1d016f2
0e1b1014
1d11ed2f
32ef421c
df27120c
0c1bf323
16033b0c
ea0a291c
e6e1242d
121b052b
e124f3ff
25e8e322
2a25dc11
3d1b1d1a
22c1db0e
dfe900e6
f01e0c0f
1ef2fa0e
2efb15dd
fde4fce3
05e9e606
f5e32046
e2ff0cfc
df1dd113
2efdfb0d
1dfbe4fe
ddf8e7eb
f8dffd03
f7f9e3e3
030ae91a
18dbea19
fd3c12e3
dc080cd6
1d02f612
f6f2fcf3
060cda0e
fa270e22
19e6222a
171eefff
06f42210
ef070606
f815ebd5
070c3428
dc11ef1e
021edde8
09ee1f13
35f70b04
f4f7f0eb
00f054e4
083607da
07fdf721
1438fc23
11f9ef11
19e2e7f4
d8fb03f8
eff8e41f
2925fe05
e0fc250f
fef8f6eb
fb1ae2f6
11062c05
eae9f814
281513f0
160df7f4
de04e904
042519ea
26e82135
2e1e0e16
0de4e9df
012d1009
3421f91c
0bf6da36
cce1eb03
1c231bf9
100be7e4
0b18fb11
0b160d23
e61aedfa
061616e3
efe5e0f1
e725f505
d9fe09fa
2d031df5
fcdb25fb
0e281ae2
111bf135
07ea0900
0200e41f
172409f0
07061119
fee80402
f1df1d13
28062022
f71024e7
f2df0205
e5381adf
190e01eb
eae9100e
00f1ea24
1621fd33
08f32ef4
2815f102
ebfa0c0d
2912e4f7
d7f9471e
e50ef710
21f32432
e417e911
111d22fd
e0111611
eaf8fa07
e724eefd
e92417f8
0c200132
34da10f7
dd1a0606
0b03f623
ea2302e6
e511f20d
0b1e0a14
fc21f616
e221f249
01172d17
0923042c
d7fa151d
2b33e2ea
2fed141f
e8ebf4ec
041cfa18
05e00adc
2715233b
262443df
0523e9f7
ee00f9db
21fd0917
da30123a
dd060b10
fe370401
2f2ee5ed
4014f242
1adbdef9
17fa13e0
f40cf317
05190710
de0c0a03
09da02d8
06fa2024
212526e2
1ee4ed15
e9e6f0f4
fedfd118
0704ed05
070d3d14
3f0f180d
301f03fe
fceadffb
1ef906dc
2919eb0e
0cdcf52f
0407fee5
0327ecfb
e4150724
17140a0a
16000401
0f323829
e908260e
10fd0ae6
f540da16
ede2ff31
dd0423d9
dc0ffb0e
1af106f3
e82add0b
f421f6f9
24fb091c
df021ada
ff0e0404
392c17e6
29090afc
000ff5dc
0501e0f2
180e0f24
e31a08e2
e9f3e505
e93b03f1
e9000f40
08190ffe
fb15e910
22e2373a
0df000eb
0628faf6
002b1af3
22ede71a
17021af0
20142500
0cdd14ec
f508fdf4
e808eb25
07f40adc
f2210131
c806e019
e312f1e9
f5fde3f9
36e61447
050b0804
281e11f2
001aedfd
ffdeeae6
1bf522f3
f0011405
ff26e30b
f7deeafc
01081c05
17e40d0a
25f0f71d
db22db08
021c0af3
24e6deed
1debf817
1225140f
fdfad326
2926fae3
0bdfeb20
d91d06ee
1fff21fb
221b101e
02120d08
33142e06
1bf2fbf4
ea0aeee7
0403ff20
d80d0912
e4fd192a
14f40aec
f02121f3
ed24ff10
16230d21
f5defbf4
1e171012
2506e810
040f2e2b
1800f40f
0322ffee
2aeaf71e
23141e37
e2150d01
fe0e17f8
ea1ee523
f93224f2
05e10e0a
15061d12
ea04f02c
04220145
0af8e8e8
feffea2d
1ffee50b
ef1f0af0
112205f1
1e08075f
07f30f22
01e01e15
ebf6f125
f70f0d0e
06f21244
e126f3fe
f9080636
19e6dede
11ffdffe
e2ea13ef
ebe4f4f0
16df0c10
1b23fbde
fa03efe8
fc05f514
12f9fbe3
0205141f
23142a0d
0ef3161e
00e80ffb
fcec0e23
393c24f5
18dde406
09e9e7e9
f5fc2005
2bfae202
1a0f2011
16dd10fa
1714f3eb
e739010b
f835201c
09ee05fd
0b1b2b18
0ce4f90b
1a291007
ec0e14ea
f411e12b
d2f32212
e405f5df
fbf01810
f3fd100f
130fe6dd
ddec13ff
1f2104f2
e5f7fbfd
1f023326
4c134001
2c131a1d
1b12fe1e
0ce4dd05
08edea0a
1a0bfe13
3ae71a23
f7ee2af6
08dcdb26
221d1c10
daf8f8f1
1a1e2313
3129fe21
13f3fff9
0aff152c
1f0df7e7
1520fbe4
17ea073e
322107ff
0df31909
08012adf
f0f3101b
e1f70f10
d30110e1
2cf5e905
391800fc
31e51cf1
210627e8
180cf508
fbec01e6
1721e70c
10e50be7
df0005f7
2b2b1be4
fd210b0f
e6250ef7
07fbdd2b
f6eddd19
0e28e903
f125f108
28ec1713
0cf4e801
0c13f41b
0ed600f7
080b1d08
0605020e
1c35df0c
0bf8fe12
e327250e
0d00f100
e022f521
013313f4
e22111ea
f5f6f8fc
f322dd08
cbe72cff
ee1e1612
dcfb21f6
0231072b
1610ede1
09ee12ef
29e30a3b
d822dd1d
140c18e4
22112915
22ec17fe
161908f1
e3e3f2fe
f8e60cf6
e906ec16
0e1bee2d
d6fb2214
e51bf829
0709fa00
ecfbf01b
4a0b0841
f72be512
1af4fd24
08ffeb31
08240ce5
f3f02714
21152616
22ed11e0
d2e9f0ec
f0f6070e
f6132506
f903e510
0e08e50b
f904100e
03eaf5d7
12210119
22e82124
25e2160a
15f1daf7
1fd7102a
edfff705
e6f7e1f9
f4e6f516
1ee0ff10
f0e01205
04dc0f07
01081f19
fc15cff3
07170804
26151912
273ef50f
080eeaef
08d7f8ee
20f5dc15
060e182d
f529fdf6
fb2c16fa
0826092f
02f32a44
ee1a27fb
1ceb2d1d
02132119
25fa270d
e3211f42
f011fae7
03001b09
05f2f30e
02010cc5
d23bfcf3
111d3f0d
f4ed0000
f4f623f6
1f3e2bdd
360c3cf9
37db0f20
122a20fb
0cdae618
f7e2e4f1
0eda46d1
dddef1fe
10322326
ed121f18
21f9201b
e700202a
38fe011a
294a1422
f20c2135
291b092b
25e6e2f7
300321e0
fef5ed04
27ee1705
04111f22
edfa1412
f6060922
0cf2e133
1903042b
0009df0c
1a13e21b
1ff60d1b
d8f9e715
350a06ff
ddd1dbdb
0715e108
f4fb0521
0414ede5
37262317
20e91c00
27f5241d
ee04fcf9
df0e1ef8
1811fe0a
1900f6df
45fd06fc
293924ec
19031023
f7edd908
2e1303f9
08faf2ea
18021411
eeef3702
17113223
fc060c3f
e1dc3a07
160c11e4
041621fe
2641fceb
022c1c0b
1de336dd
e110202a
14160426
e0232af7
052f120e
19e41910
32f02b19
de1ddee8
da02282f
33f730ed
38f602fc
eb38261d
f3d4da09
dcfc1c03
2ef0fee0
23e9f0e5
0603f6e1
e622e822
08f6ff25
0f3df415
43342736
173a1d1d
ea102437
f7f2fc0c
f810f824
30021801
ffcfef30
3b1221d7
1718110c
09f43e1c
050b130f
ffde2028
f4fcf719
022b0523
f61de6ff
3af0f30a
f6f3e6f8
0512102b
e8f7f110
d81bf200
f905ded9
12181203
071eef05
31012720
08001f0b
ede3eb0f
1c160519
ff02e030
072a3318
2611fd16
1cfee10c
0ce4020b
f0100312
3be7162d
1c24e820
270d0412
f52202e5
17053b3e
f42f171e
dd24ea1d
3d071300
f506e90f
0ff21526
1238091c
fbede7f2
1a410ef2
f6faf025
f2ef0ac5
dcf90a1a
fbf930f9
0704df10
0efeeff1
f3fe360a
3b1616dc
df04f51c
f0f00ce3
1209f7d6
1ce301e9
d1211de6
f3e12d01
fd3b1b0a
f806f716
3a0aeef8
f6fd0e2b
28d5292d
f8471842
fffb28fe
29f6e628
e1e814f8
3b0d1610
350bfd27
190a30eb
f1e6dee7
daff2ae8
2d01fcea
0d0f0017
f2f01b19
daf8d10b
edf3ec0e
dbeae421
2de31eda
fa19e115
ddf32aef
01ef21f5
daf2dc10
fc172c0b
29f11ee1
2004db1c
0de00d1c
dddbf822
0d14fcf6
fcfa1e2a
202ce9fe
4e20e915
001bfa04
1f0eeb01
180b1eee
ea0de438
180d152d
202be80a
1810f0e2
e70fde0e
ea280f0e
0006fe14
e1e6dddb
ef0302e9
0f1e07d7
1719e60f
f51ae51f
f40ddbd5
eb0209de
1613f60e
e208f6e8
ffeb12dc
05d8e214
1411071e
06e1f6c7
061be101
0715e217
ec260219
dfe2eaed
171b1e1b
14f6fd0b
dddc151e
e0edfbfb
e7f304e4
1805d8ea
f6eddf23
e12304da
16130420
111f0ad7
0cdb0212
0b21de0b
d51509d3
def4d410
1bebebe9
f4dfe8df
16e2fdf6
12dd01f8
eff1f71d
0a12d912
18fa2012
ece0d51e
0cedf527
18d70edd
03d3eb14
dad9f2d8
13f7d708
e020121f
1211ef1a
e9f30a0c
2f16f9ec
0a0f0f11
3015f5ec
e1e51e12
0618d3e9
f7f7eee1
e7e7fa18
ea01e706
03f611fe
ecf8ddfe
170519f3
2bf212d7
f908ed29
f4e91dd6
e1df181f
1c1202eb
1209d60f
121df10b
0ee603eb
1e1ffe0e
f728e5e2
f8051615
11e0d914
f5f725e5
1de116f4
060122f1
04dc06e3
f4dfdc25
e40b16ec
f306f11c
f41525f0
e9ecd6e7
eb0b06fb
09f0d7ee
05e4df1b
e7f00b21
f1db1124
ee24e9ed
05f10be5
f004e4ea
ea1323ef
f20de4fa
1717ed12
e424e4d9
08ef1fef
0a23121c
251feadd
020a1f00
1ed900da
1c1bf117
e6daf1db
210006f2
080f07dd
10eb23f4
0b0a0fe3
1800ea16
3100e3f3
e2ffdcf4
1a0411f7
f91221ee
2001d5f4
e50108ec
fbf51400
dddf02f0
efddd910
0de4091d
1ff1d5eb
eee1e8e5
eb20fedb
db02fd24
0fe4eeda
ee1d1ed4
0eee120c
03e1d8e3
fd14f40f
26ead8f3
f119fcfb
1e1f1103
f2f0f2d8
1e261de0
1d0df7d9
ee150603
0a0a000d
e021ebdb
f5f20c1d
f3fb1ff8
db1210dc
e9e1251a
05dc0621
d820ef13
09d424fe
0714fdee
e8fe16d6
2028fff3
20dc10ec
0411d503
1cf91315
d8fb08d4
faf6ffec
dd1efef2
0007f7f5
ef06fef1
f31a0807
120af0e6
0f1fdb02
eaee07df
fd07fa0d
1e24e0e1
f9052df9
e9ddeefd
0521f602
f907eeff
28e2f11a
05d80ff8
17fb01dd
24d9fffc
d715041a
d9e4f402
0f27fc0f
230f13f6
e0e6ec35
16040cd5
02e2eef7
f6d601e5
ef060c0c
dff71809
14faf1fd
220d03ff
ebeedf01
f10cfadf
1ee804fd
07072306
2413f1fe
dc062503
f3f6fbf7
04e2dcd4
fbe4e8db
0ae3d9ea
25fa04ed
eddcdbec
17101a05
18f8f9f0
e2ec0601
f9f0e6cf
061dddea
19fa1d0a
ecfc02f3
1918e4ff
0b26de0c
1306f601
ddf51cf1
d71adbfb
0df8edff
c627d51e
00f20eda
22f1fae2
de0e18d3
e1fadef6
121f1c0f
d80909f7
e5e0d81e
d91cd9f2
fdf51015
eaefe11c
0f091df5
0c0121df
05efe50d
01190bf9
d5ff2024
feff1517
f9171df9
0ef3e909
1c0518f4
f3fbf016
0e1a0c1c
0be20801
f502f1ed
e4e3fd04
0ffa1e09
d5fd13eb
1b091e16
caf51515
f924ff13
06d708ea
f20f0bdf
1fe51214
fb1debf1
f6f3d309
11e7ecfc
20dde00f
18f5e608
0bf00b0d
34211d01
eef4d71c
e5ffdd02
2212d8e5
0f14ebdd
e3e911f8
dd0401ff
0a1d0505
e7fae80f
dbf02516
e6f00dee
1dd9d7e2
f9ed1828
111725ff
f21ef025
f300f0e4
1bd6f100
0c17dc1e
e5e707fd
d8e6f31a
0a2ff8df
f71ce118
f704020f
fa191220
1905eb0b
1aff1506
25d9f617
e61df418
f1d8f71a
d9f70cf1
1320eb2f
0800fb22
250cda0e
1916f6e0
21050f05
141d0416
ff0402f1
0111eee6
f2e2e5e9
241609fd
211d0501
f5f9feeb
060be3ed
d408e120
f618f010
fc1816eb
f6ff11ff
f2f10bde
0a10ecfc
0f08dfde
f7dae1fb
fb0624f3
def51ce6
0ada121d
f5f32427
1de01a22
e2f7062a
03fddc14
02fc0806
dcdd0ffa
07ef0e1f
e5d51414
0ef70aff
e01ff4ee
eb05d607
ee06181b
dc031901
f80620f8
f918de04
1cf1f21e
e0f219ea
2104e006
1addeae8
f2daf605
121bf9ed
0412ddfa
f1ecf208
0c172013
1eed2422
e52c220f
f41ffdda
f0fd0de7
e3edd406
18fdfce1
f336e513
e4261b08
0e12d70a
f40c0f1b
d5e600d8
d41fe3f0
0ce51a11
fdeaf2fa
f9e3ece1
f019de0e
e502e9fe
2d23fd10
0725e7e1
df16d6ed
0e042419
f2e4ecfc
f804111e
f50929ee
fed9da03
090aebf4
ece61e17
e9f6051e
e0160201
0efe21f3
fdfc1e21
11031316
fd20f418
ff0e1214
1ceae8e1
d1ec10e7
1619df0c
f0ff0018
1b110fe9
e803de06
1631e4ea
17dd15de
e60815f8
faee130f
15daf900
db17f5f9
1bec0305
ee08f8e9
e00ae3da
1f1801d6
1827f5ea
ec01f2ff
f4dcfb02
ecf02302
e8ebda08
060c24ee
effe1701
1bfb0eec
dcdf1819
e8e0ef19
220bd7de
edeef6e5
1ff0fae6
e2fa24fb
181910f6
d8fa15de
171ff1f4
fc25fbf7
f8f0e225
1debf2f2
090ad5e9
0f02dcde
0a0bddd7
1cedcd03
d313ebd2
ecea061a
10080503
0bf1e6f1
f004010c
1af1f3e0
2113ff1e
f72bf5e0
e6101b08
ef1709de
e81f22ea
14d50705
0af6f90a
fb1118dc
fa000bf2
1cedde13
e102e7ee
e1ebeeef
0208f311
d224e9f8
1b220021
ff010517
0800ece2
19df05d9
ebf8140d
070b021a
f9061d0e
0deee7ef
e5d81cea
e2f6ffe6
fe20f91e
fc12e6e1
f1e2f8db
db0804f7
01d3e400
1fdcfcf2
08dfdeeb
f61aef0f
e0e0ff1c
0c2216f4
fc2217eb
e8ef11fc
e4e60719
231224dd
f6dadddb
fc20fdda
f2e8ed15
1ddf05f4
dcebdc1c
eade14e1
e7e7eee2
02e6fffd
0a15d6e8
18f00d18
f121e806
1e04e10f
0be921e4
f61dfd07
f8f900f3
1becf5fe
dcff121a
0f0a0f1d
00ec0bde
d70eeb1f
061de8fa
d80ef7fe
e220161c
220adb16
f0f1f7d6
032e0d0c
0f2213fa
27e714fa
fdfa2104
07142111
18eb05f6
0921181d
e8e0f0f2
d8051319
14e6f8dc
fdd8f303
142322f7
1405e620
ff1c14e4
19320600
e1f918dd
f1d71e18
0506e8d5
f10efa11
f502e207
f9f8e8de
1917e614
f80f2517
03f8f703
06e4fe21
1c0ceef0
ffee1af1
2eeb0422
f71af419
120d16e3
06dd0818
fdf30f11
071ee10b
fcd519ec
10e20220
07e9f2fb
fcf2ddfa
e51ef3fa
e6e0f5d8
dedbe0fb
f313f209
19e00204
1e290dfb
13e7eff1
f5e7e2e6
15e7d911
1ef1ed06
0713db0b
1c280613
18dee110
f007e6fd
f6ecdb00
1fee191f
dada1d29
1807e214
12070727
1de90d11
09fb0d18
f9fbdcf8
f7e30ee3
d22122d7
06ecd8ec
02f9efed
f4d411dd
10f5edfd
2b1b0901
2a13ee0f
f3ecda00
18ede4e6
d7e1fa15
fc0bebf8
28d8e3f1
d70514e0
f9f3f1ef
2b1be506
19f6e2f9
e601ed26
ecf218fb
0315ee0b
d3151af3
e607e8e5
ec0304ee
e704f609
03e9f0dc
e1fee103
1af001f9
ff12271f
d0d7effd
f4121e17
0f1fcb0f
dd05da18
13ddfaf5
130925f7
221502e4
dacafc12
f711fd1f
0209070e
130e15e3
f7e81b17
1f12de1d
04e5d902
fbef0cf4
e9e933f3
16ebc8fe
e8e513e6
f001dbf6
0e06e31a
fb11faf4
16e1d9d4
1de61100
2d0419f6
12010fd8
f7f5fbfe
f1e71c18
f701d601
f308fffb
fcd60fef
f9011ada
e2e2e0d5
21f8f205
ffefde13
01f7e21c
0ee2dcfb
080af2ff
fbfdf3fd
dcddf711
d6eaddf2
e0fb12e3
0d190af3
f61be704
f60eefff
1de3ea1e
fdfe25fa
1a1dfbeb
e8f0e202
0e181bf1
dd1c1dfa
fbe0f6fb
dc15e01b
dcf51ed8
d6da0ffa
15131712
09140908
e0e6fce4
0cdbe318
0ce722e8
d9f3021b
e2070910
e7050215
ece11516
fbd6eff7
18f8e6fe
ebfe1c12
ef1c0d23
10de0708
101be70b
0dff2005
fd0d0d16
fce8ea19
f6231ef6
1001e9fd
d91cdce2
09f1e2e9
2113e2dd
17e4dd06
de09190b
02e51400
e4100af9
0af20c1d
00d70017
1610e30b
091b0717
e5df30fc
201102d6
f1dd11ea
1b12f1e2
1c0ae7e7
1301f516
fe1f060e
12fc1bd3
0dfe0200
20f80b07
20edeefb
e7da0cdd
d40a0602
fa08df09
f6e6f81e
0bee0cf4
e21ff3e7
1ce2dffc
e8fb1ae4
0607f20e
1bfb0bd6
f61bd4f8
d911e2e8
f010dad4
f0e1021e
180af3e2
fe1f00da
ee1c17f1
f3dceed5
fbeb1d07
f926ea1a
e11fe0f7
1cea13de
fb0f0d0d
d8d81916
e5edddfd
f5e108f8
08fafff8
01f7f7f0
16f0e0dc
e8f013ff
d4e6dede
1ed602e0
06fbe7f0
e4fef6f3
dd0af8e0
d8fee8d6
25d6f1ef
f6ef21e9
1b1c1dfb
05151ee2
e0e8defd
db1ee3ea
e9d91c15
14faedf2
e40503f7
0de90302
f10711fe
17d8fc01
e1f928fe
05fdfdf0
1a14fdf4
06f2f715
fd0011f8
17f518d7
dcdbfdde
0911e8ef
11f3dcfc
1aebf910
dc08f902
0cfbf8e4
04e7001e
fe20d91f
daf71103
eeecd8eb
0aed1be4
0013f41c
e1fe14fc
da1414ea
eefdf511
20e30420
eaf7e60b
2022f92e
0cf2121a
f2161afd
0dfadf09
f0f3f31c
e8fbd713
03061520
dcfce9da
2d1ee6f5
03eeeed6
f919fc1c
1fe8f3f2
dbfdee18
fa06f909
110bed0a
0af0ece6
dff2f1d7
e20319fb
e7fedafe
ea2813f8
daf5e21e
04e8f918
0413e821
ff04db11
1cf712e0
241ad501
dbfc021b
e6dd0ee9
1ce4fdeb
faf81424
1717f3d8
0e080bf6
e71f2f20
ebe5ffee
d8ebd7ef
f51beedf
041c1e07
f910e3e7
180822ff
d91dd813
0cf503f4
01dff5d6
ebf318db
ebde0b01
f3eb08f2
dd19e3e9
02e429ef
08db19ed
fef417f1
fff81fd9
e3f2e4fc
05e6d6e8
0ae2ebf4
2110e90f
f01ae400
f7e21ce5
0d1ff2ef
0204dafe
0c1ee61f
d3e91b14
1e04f412
0709d9f7
1bdf1d00
0ef10e13
dde51908
f1e9e807
16e0f81d
f4e10e32
ebf10f00
f0de060c
1df9ec0f
e8d9e2d5
0600e616
f521e0f2
faedd8fe
eff7dcdd
0bea11dc
0bf4f3e0
01fe010b
f80edee6
fe171cd4
f4fa05ea
160f071d
e1e40cdd
080b1a10
19f4e1f8
dfe21108
05e415dd
061b2200
f9ffec08
eb170eec
08e808f5
e6141305
1f1c1c1a
dee5eff9
e4f510de
0102faf2
f1f2080e
e4f720f5
fd13f7e3
05e4dc0a
161e121a
e318120f
ef18faf5
1efc1eef
23ffe8f0
1aee060f
e7e80e0b
e118e7ff
f1ecf71c
da1b31f5
04d803df
fae01c10
d7dc0c23
e40c1be6
f7190618
e71208e8
0311f704
da0c0e0c
e9040e15
f30df9e7
16fceedf
f2fdeb0c
e5fa1d19
fae2e60f
1adedcdb
13e8e2e8
ef021612
fc0d1adf
f7f2fcd5
11e1ecd6
ecf8e808
ea07d9ff
0613fdd5
040a0bdc
0e02e50f
e1e1e91b
1d22050f
e5fbf707
19130b0f
1b020604
05deeef7
df060901
e5d6edfb
d4f1e6dd
d8e2e411
09dc17de
e5f1eaf3
0a1a08d4
eded17d8
f1f6fbf1
00ee05fd
f6fff20f
eb1be4ef
19fedbff
00dfeef3
f4f01dd5
e5e71d0e
f201fbe3
e110ebe2
0ef2ede3
e0f3d717
ebfbef0c
e91af4e7
07e3e9e2
f5d5f4d6
02eb0500
0700df05
07f70619
19fa30f1
01e3e2f6
f4f6de16
03ecf8f7
f3fb0dd8
fbfb19e3
fdfce5eb
e9d5e9fc
f018e70c
d1eeec1f
131aedd7
ed131f00
1d14e703
07e0fefe
1025d3fd
1a15efe6
f9e20ffc
19030b21
0f1bd5e0
ed08270a
e5e20bde
1fd9e5fa
ee0af8e2
0ed9d915
eaf9f018
13e9f3e6
1505f9ea
f30ce7e5
16f5e6ef
eae4e6da
e41afb1a
e911db0c
1700e1f6
0717f91b
0215f5ea
1a022009
e6e9f505
f9f1fc1a
f60f1ef4
e4f918da
eefd0ce4
fdfde3f5
210de909
0beaed02
df18eef6
0fd61bf0
17f8fd02
20e7e1eb
1aff0a02
110afa1f
13d7dbfe
f30320da
17fa1a19
1ce408f8
20fa100e
1ff329ed
17eeec04
e2110611
f7e4ecf6
f714df16
e1fdf6d9
f50ae9fa
1b1bdb18
ea2226eb
e2f812e4
e1150314
02ded7f3
fa090eff
12d807de
f6fc05ea
e0dce4f7
21fff616
19f71511
0c0f09d7
1e090cf6
f521ef16
22fff9f6
eae3f902
f9f710f7
0b1116e8
db201911
ed23e00e
f6170a09
d812250c
1b181cf3
1becdb0e
10dc0ff4
1ced05ff
0fee15ef
f30ad7dc
1b0cdb03
e7f91e03
09e00707
e9fb171c
d91c20ec
ddeafd19
ea14e5e4
e016f401
220ef6d3
dd10f0f2
de14fdfc
faf2f3e3
f2f905fb
1ffe01d4
f01d0e15
d7eb06d5
fdeeeb0d
da13f41a
e7131600
0e060321
1bf0fde7
22091fec
dae8fee8
ea020614
1bf21df0
f708e107
df0419fe
0ae20716
dcdefa20
e608ee14
070fd6f9
22ea0e0b
efe1d9fc
1deefd05
14d5ebdd
2519eefd
1706f900
de12f2f4
d9e62409
13011be0
edf7131c
e3e6f6d3
0dfef616
e21024db
13ff0efc
f5d6eefd
1ef0dcde
031926de
0fd809dc
09040a0f
22dce8df
f2f01d17
0308e8fd
1bdaf6d7
faefe710
e50b0517
0c02e007
f708f70a
05e1e0fa
0703fe1e
10e8fcfa
07f1eb23
e606dbf2
f51604d9
f5dd0f0d
f1ecdf06
f3f21ee0
16e3fcf5
10d90618
25eee0e7
1c20f622
140421fa
05ef05f8
f31b1001
0f18ebe7
fcda1a1b
08081216
f4eb191c
e8fd1c20
05e31207
d8f60de5
0c1f17dc
0df0170a
0809ef29
16e31011
e9e418d8
da0f0305
fb0b0014
efec170f
fbfcff20
eb1803fa
efd8f5d6
feddf4d9
120328d8
19dd0fde
2310fffc
f7d90fea
1ef8d9eb
f118071e
10e4fb0f
da031d22
fde602fe
ee1cece8
f6f9021e
21fff6ec
120d1ef5
f0f804df
efddeeec
24180ce4
e81208d4
fd23e316
dc06ee17
17e8de03
06db1e03
2f0fe717
20ef130d
ea2b1b0e
db151afd
0df80de3
e2081e17
040ee4f7
da13f800
1b20fc03
f3f61408
f51cde16
ed0ddee9
f01adb1a
fcfedfda
fb1b1433
0f01d512
f7f7fd20
dcfe02e0
edee09e7
e5eb03e3
f7dee6fd
05d42102
0603edfe
fd01faf6
f9de0cf0
191b201a
f2e1ec21
1d18d7df
e2f3071a
190be208
d7e4e003
131bfcda
d9110c10
e5031b02
f303e1fb
e90eda1a
e61fd7e1
2fe3ffe4
f1f7fcea
09f7defa
17e80f13
19e8e5da
1ee614f6
04df020a
dc060cd5
dd20f1f4
e210fffd
fc031af8
defcea13
dd06ff09
f7e4ead8
e9ee19e7
e6f416e2
fc121219
de04f71d
daf61cfd
0522f8dc
23fd2d1c
0ff2f71c
1bde0ffa
0727d8f2
051af801
23150e1b
fb10eb01
25d61009
df21dded
f637de0f
d2db0005
070de820
dc0419ef
0e21faf3
fc0cf811
fd051304
2d06f6de
ed1cf0e0
fad717c4
efcff3df
fde3efbc
d5fe2f19
090509fe
3af9d417
ed0af9f3
e3f61115
0ee4f5ee
fde8f9f4
e8f120f0
1b0c02f2
eaf20cf3
e7c8e1e8
192a1a22
26edfdf6
d2200d21
e4f33b21
fd2af0f0
2313db01
1802f1fa
1e0df3f2
07070822
f004d7da
15f912fe
10e705ec
1715e30a
1908fddc
3414f00e
f4f1e008
e3e11920
ec26030d
1b1cf321
e4f3230a
e703fbfd
18050209
22100107
f7e1160f
1ce7de0e
43db16eb
e00313e4
1dea290e
030635ee
efdddfe9
02190df0
151801e9
16f50bdf
f512e5e7
f0f1dbeb
141807ef
f01e22e8
0c030716
daed170b
130a491c
e9eff8ed
0342040a
0acbfd07
fd111d14
caf5dff4
f722e709
0a083626
0ee0cd10
2ae60f09
fc08e8fa
24fbf7ff
ea00f320
fafa19bc
ef14ecf9
da2518f4
32231a0e
0f164102
faea08fe
f91cf7dc
f3001ce3
f505e61c
2601f00c
ef35e2de
13f013ed
da131629
e8fff70f
f316f5ff
14e619f0
f42fe70c
fa0a00f0
310b04d6
e7110b09
1cf81d31
f80503db
fff6eff5
e8ede8fe
fce8d8f6
0de0eb04
010307fd
19f9daec
14e9071c
0ff0ebd3
d713e8ee
1307e4dd
11001c21
ea13f625
0df4f3d6
f3ecda19
1ce6e512
32e5d1f0
26f0dcef
f2fbebe9
131126f1
fddb00df
f91316e5
fbdce1e8
111e2beb
1dfadaf1
14f425ca
020e1d08
f8e4ed21
0c0dddf3
06ddf9f4
1bf9f810
1626f610
dffa28e3
cef3dd15
0923ddeb
09f3f409
11131eee
f20b0bd7
e501d5fc
1d19e1fc
0813d1ed
f5f0e6e4
06d911fa
2410fe19
1b0b0519
e829cef5
300cf502
0dd70e1f
e1f8f810
f406d31c
1f0300f9
24ea0e17
dff71e0d
2b3e3416
0eee29db
061810fa
e90cdb0c
e4f6e2d2
df0af207
033012f3
011706fd
eeef14df
dfdff8f0
111c0d1a
f8fffaf9
24d92108
e2f0e8df
02e413ee
2bf91305
0f09fd06
f510f2fd
f2060e00
df0ef017
d92d02f2
ebe0f8e4
2df200f2
f21bd1de
19f60dd9
df25f320
de03efd5
1018ec15
09dc02f6
e30305e2
dcdc0cf3
eaf5d70d
feea21f3
1deaf41c
01e819e2
2613e3fd
4c0b1d11
040a0103
fbf7fa17
0003cefc
1a011b06
0712190d
cc23120e
e8e5dfef
fddc131d
ddefdaf3
d8dedf01
19331102
13031102
0cd9e42c
27defb1a
fb10fc17
0309e41a
0edd26d2
e113dfd3
1e1033f7
29f30d1c
1bfce1ef
1be7e5ff
1fdbf518
edfb04e9
fa15f6ef
25f13b03
ea0014e3
de35dff8
02ca2811
f223e9f9
d4d1001b
f8040b0f
17ef0302
df1002db
f5e5f90f
0d11f4ef
120a0cf6
02f8021f
f21ff600
10fff2fe
d1ed08e1
f616ef24
07fc19d2
2ad4e1f8
2f04e9ff
e6eee0fa
fb15daeb
1cee0e25
0efe04ed
f0d41afa
e508d9e6
da25dee5
e52308f8
061e0fd9
00e1fceb
01da010d
3133dceb
031040fb
f109f9ea
16f4e8f2
eae409e4
f61cf60d
09dbf0dd
e6e81af9
f6f4f405
e5f2191b
e335d215
f80d0312
1ee0eae1
d719de02
0439e5dd
ef02e1df
3117f70d
fcd928da
dff1dcd6
12edfad8
e307f716
f0020ef4
160df411
0b1005fc
eb0afd05
01fff6e6
fbe9201d
1af603f3
3622dbd6
ff15e525
fcff03fe
17ff0b1d
d0f5ef09
e30324e1
d7de2117
083ae5e5
f80615f7
ff0f1bfa
e5caf3da
fe1fdbeb
fbf80201
fa22e20c
f0e3e8dc
38f016fa
efda170e
30e5e823
dbe3f9f3
1ee4f2f5
efd413ff
e5dcda0c
40171edc
1e141520
df070912
06050d17
061c1cfd
f0fe1bf2
d72ae802
13111920
05fd02f3
e6da1fd5
26fc050f
f5ea22fe
2b25ed21
23e4dd0b
d5e7f7c0
e0fc0124
14dae9f2
eef611d7
ef08000c
e6df08f5
f3d6fc05
10dbf0da
1a0cee15
dc2d0ada
2022ef18
0702160f
34dd2b27
f60cee1b
0e21061a
eb1d1ffc
0c24d8ef
ff141122
d815e503
11f12721
0600f628
34fcd9f4
09d31b02
27dafc2f
09fd27e0
01f317c7
f70508f5
f7f10000
353718ec
14f82bde
2dfa11dd
0b080d19
f92303ee
f001d3f6
f2ff15db
e5330adc
fe11f1dd
f8ede5f7
f7e4ff0b
fa1f1e1f
061e2c0c
d3170404
f3020ed2
0aedec0f
12ee1c09
0d1a1c0a
e017d6e2
090105e7
0ddbe015
e5ec23f8
31d90df3
ca1d03f6
1bdcdf13
080f1d00
e3e111dc
f433fef4
f3ee0607
0beb1d08
12fcef0c
24f71103
fe2402de
19020ed8
e30aea0f
0306f904
21e4d8ed
122d1024
001115da
010810d9
2d1c08fa
08e9eefe
2ada1711
0603ef16
1b061ee7
dd042af6
db2feb27
f8190018
f0d70926
21fb13f6
2422f0e1
1eef04d7
fc130e0d
fae11417
f1140501
15de020f
e81a230f
d634e6ef
eb141cd9
1b0efcfe
f4d7dff1
fc212cb6
fce622e5
0f0efa1c
24121eee
01ea0015
e70bde11
01dbfa0f
f629e435
0df72dd7
1cde001e
ba4cf71c
13012427
d80df120
eff5e4f4
ed1e060e
190af223
d9261fe8
fbf63002
dc20ebf8
eeee031c
05e4fa0e
e6f0ead7
32f1f5f6
02e8f511
e6e7f30e
f101e116
f7e623dd
edef29fe
faeffd0d
1ee20feb
f30c0b05
ef2510da
e41321e3
e004f109
ec140eee
00fe1ff5
f6081913
db071116
dadeec18
f3100716
f7124100
e817e300
ef0c0917
dfdcdf16
eff2ddd5
0c0cdf09
f8090a22
1204da16
ed0737fe
1f07fa01
de262104
0bd7e116
05e02107
f1e1f9dd
e5ed11ea
1b14da0a
d42202ef
130ee0f5
eefb1610
281026af
eaf314da
ec1bddea
1dde0a24
fa13eb19
fc2017af
fd22e51a
35e30ce2
2001e61c
19f1f002
ecdb09dd
ebee24eb
bd1eeff8
f20c231c
1912db1d
e72b08ef
d8291bea
cc1b0a09
100bfaf7
dd1b0e02
0020f4fa
f333e41f
e9e7e9d7
210e001b
31df081e
e1f910f3
172afcf1
ee09f9d6
efe90a01
e0f4241c
1aeee622
29e1de26
e6efeeed
01f602fa
fdd1fd1e
1eccf21d
12061fe8
15fa0e22
1ae5e005
e210ebe9
1213f505
ee0308d9
e9fbefe3
05ccf5fb
ece1d40c
1217281e
ebd5f7d9
0af0090b
14db1ad9
180cec0c
f41d1419
f7d7dcf7
f4300dd0
0df706f5
f04d1822
00251603
36f922e0
352007ed
e312f311
e50be1eb
2a20f41b
12da102d
1c230507
fc1b3322
0402e7f9
e501040d
27de29de
2c02eaf8
162e101a
f736e0b8
06fbda1e
22151503
271500f1
1b1305d0
effafb0d
f4e932e7
cc100503
f2faf61c
c7d90bd6
07ff18e2
eb07e9e5
03fdee30
e81e00e3
011bf3e8
f1de3522
f43410e0
20fa24eb
f5e1fcf6
0d03f8d6
15e4ec2d
1bee1514
14dbf0fc
deff0c1a
14f9142d
0705121f
190befee
dc122409
33e415da
20f1f6ff
e2d10128
ffddd511
e0e7daf1
fcdce9f1
eff9f3f3
2bf6dfe4
fae7e8fb
dc172530
e1d50102
2115fe22
1912111f
ff05e2ff
211514d8
f416e31b
db11dd0e
210100e8
27df2401
0f2fd416
0805f418
e319ca00
10030b19
31ee12e7
ea16f0fb
d7e7f915
e9ecf6dd
183004f3
e4e1030a
0607f7cc
f71a12ea
dd15ebfc
26e81204
0a18141c
e0181bf0
18e1f30c
141fdde6
f7dfee08
2611efe0
1d1addf5
1cf8f2e9
dd1ef505
0117e1de
e80ae80b
ecce2019
e40dfbfa
fef4f012
06e30f02
0c1e1fdf
05e8db0e
fef0fefb
d21d0509
ebd91002
f5010bf2
16e5f209
2b1807e9
ece4fded
15e4fffa
12eced1b
e9e7df0b
e2eef519
13dd04f3
ff08fa17
fff3e523
d7eefcea
dbf0fcff
e4052205
f0cce4ef
17eae9f2
f2160d0e
ef091519
ebe41b02
f60be622
29ed18d0
e9bd05fe
e5e4e2f8
161b08fe
e9e9f503
f3e801f2
e2f113d8
1d08e8d3
0209e8ff
df061ef5
d824d904
d40b051c
dd13fde5
f9e2f220
0005f2f8
0a051504
0b1b1a2c
19dfead0
ed10faef
d1e910e9
d3f6f6e0
00df2417
07f51fe6
e615ed0f
eb08f7d3
f6f52afd
11d5f909
db19fb10
ff17f411
0d0f00ed
f8eb090d
1afff8cd
dfd8170f
d812e4e3
e8f211e3
0bdae6fb
1bfae41e
dcf6ed09
05f6f3fa
0d04e420
e80b0414
ca03fbe8
131f22e4
0fe5df12
d7e9ecfd
dae31e17
e7dd21ed
f3d9d505
f9faf4f1
f2000e0e
0e121d16
f308e4e6
1d01fdf8
1dffdcfb
141d060c
d5fce60f
fcecf5f1
d63409f0
fd1bf0fa
efdf030d
f1e0e7f8
fef4e9f5
1919ef02
1af8e5d4
281fe216
19cc0adc
e00411d2
0e0af909
d30dd7dc
051c1208
1ee6d4f5
0f1225f9
ffe0d5f5
021fde10
feec02f3
d5251711
1e07bae0
d51009f5
1b1cfffa
f1e8f3e2
dbf3e91f
f5dae512
ee1601fe
19e9291a
062f16fc
05ea19df
171d081b
f10920ec
f3d6f616
f8fb1bf3
0221f8fc
2037f539
f2f3f8e2
1929d0fe
00dbe1f4
09f7250e
07ffeafd
dce11e04
1afb0704
fbff1ad9
f215e1d9
fa101903
06f3f717
18f5081c
eb0b1106
d007e3ea
ffd81ff1
ea210b10
e0e7f0e6
26f0f8f7
1923e8dd
da05fe05
f812f6d4
1cf3ebf4
10de05e1
f1e5dce8
fbecdc0c
242a00ea
e5ddec14
04f4f010
ea02d61a
de2d120e
fa1c09e6
020ef1e9
1f0612dd
e8f7feee
fcf21c13
e812fc14
251fec09
edea1509
ede0fc02
fdf704d3
ebf0dd04
dfe3e90b
0116e2fe
0ee923d6
f40e00d7
300d1613
f1fafced
da07151e
0006bf16
f40af3fa
0ff8f5dd
f3edd2f4
df0a0206
ed130108
d11fea06
c1280b22
f9d70ed0
0a07e5ef
0b1edbe9
e6dfdbf5
eae903ea
0cfb23c4
fbe51d17
f8020ab5
f7d5f523
1df7eafa
fdf2bf06
1a15fad7
e0f9f5ed
f91d2ef0
d30dfff8
00f616fb
0c19e222
e021e112
fdd9f9f1
e0120e16
ee0df9ec
0c1bd911
df17f002
1721f611
16de26fb
0522e4fd
e50ff50f
1decddf0
f6f9e5fc
3019f4fc
f3dcf0e6
d212190c
dbf0fae1
0fd40521
f8ddedd9
e1daf2d3
10f30af8
e3ec1b02
e9f4de10
dbf0ff0f
0101cb22
e02302fe
2717f3df
e7f001f9
e81514da
0ff7d617
e7d6cc0e
ff262cf1
ffd6ecf4
eaeaf2df
0af20afa
2021cdf2
050ce7fc
e0da08f8
e904090b
14fd1b21
e6f2f804
0c180ed4
07ed0ed9
e61906f7
13f00b0d
14fbf4dc
1df1def2
f1f6f31d
e2e5edde
f5f802f6
d6f51ef3
e5080ee3
f8f10e0e
0eedfbed
ffe1d817
1be2100a
f0e212f4
08fded11
060cd3d6
d903ddfc
111a1408
f101e701
f718dbf9
fed02018
04f6fde0
bb201aef
12e1f0e3
fd30fbcb
2cfdf9de
ef05fd02
efdce5ee
d2051106
d0dfee0c
f0dff105
0802e6f2
1200e904
f5d8e21c
150601fc
ea0ff7ee
1a0fe2fc
270e0ce7
21fae605
260015fe
cef5d914
f610e7e3
fb03f2e4
f115e309
ebe1f50b
ebfaf9f0
1cf4e91f
03fe110c
070ef704
01f01a15
fd05f318
e1ef05ea
df0cdbec
c0d5d7eb
d8fc06ef
ea0ee316
e7fa08fe
f91cead1
dffc1ff7
d7e0f9f3
d2183210
0ce2e4dc
0108def6
19d4f415
0c1bdcfe
e8ece1fe
dfd5e4ff
e326eadc
d0f923f0
fed5f8ea
06d71bcf
e5fc05de
0e03d911
fbfb0fdf
1914fae8
d904160c
f7eddff2
dff1e3ea
260308e7
19f20e04
fceb06eb
e1d4e21e
1c06fd0f
ed10fe22
df0ee219
ed24fcf7
182625ff
0913eadb
e02613f7
15f9f91e
11f8d6e6
160cd71c
0bfafc01
eeebf8fd
13fc13f0
0c0703f1
e3e9ef0a
dae2ecf2
32e719f4
dd04e2ec
fbe02226
25160a13
e1eef60f
29dbf6e7
081cd01a
fe1fd600
1f13deff
f113defc
f7d1f015
16e6e6f0
1dfdf7f9
01f7e1dd
edd2f0e0
03f40f09
1106010b
e0cef103
d70df5e8
d00cf7e6
0926e7ec
09ff0adf
0beae8f4
121806e5
2312de14
deecdde5
19e2f302
fbe3c120
ec2feddc
14defc1c
15f60020
10fcda0e
1024f5d0
13121020
ea23f7ed
18e9efde
faec0829
e62ce4f5
e536f7fa
e5d70c00
0616dce2
ef0bfc13
13f116a7
f82df1e1
1316e334
18f7e1fd
d6f7250a
f9fd21f5
dd00f112
e5fce024
ed36f1eb
1de8ff35
eb110afb
18ff1c18
e7122209
fbfde824
071bd52d
08d6ff26
0113dffe
fcfb12e7
f3ea2de3
e301fd1c
fc030007
f818080c
40151916
eb14110d
fad51d21
211b152b
f1f0f80c
061a15ed
12ddd6fe
eff1ebdf
de071dfe
f8efe4f1
0d14fc0a
0df8f5f9
0ef0e1f5
c91c17e0
2f0b11f4
d909fe21
f1bbcb00
dc25fd11
db2b25d9
051ff1f8
e01e261b
14fb0e1b
0608dff2
06ed18e4
fafa1e1f
001e1df7
09fbfbe7
fbe8f20d
d81de6f4
ddf1e426
f419f73b
1d161af7
13ee11db
e9f7f427
f015e52e
19f50be0
18faf5de
fd301008
d40fd30a
dc1f2406
100f08ff
e30b19ff
0e1813b9
e1f7f3ea
1810dd05
0903c8fe
0510f418
d4081111
f4fc180e
ea17e00b
032de5fc
d113ed2b
c618fd15
0bf51eed
a51ef61b
d5fce70e
1212e429
0fe3e310
0df8e6fe
040d17f1
ca2006d4
1b0f00ed
f6f1d709
d522d1ef
2916f0f4
f528e833
00d61407
07240c15
1d090209
1802dc21
2915e91a
eae71e0e
04f1fd15
e8fa0010
d4cc13eb
fff403f8
011e0afc
f2d726e3
0b1a21dc
0deb21f9
d9bebee6
d7eb16dc
d11f02d2
00e5ece9
19ff15fe
190300ee
0013d2f9
35ebd912
0ff5d9fb
15001119
03291ee6
0004c830
fc011411
11ff10f9
061123f2
03f4e513
ed030fd6
dc200800
cfe22726
04e6ebd2
0eedf7fb
20fcfcd8
1139f0e7
d70cfaf7
19110aeb
04e2e805
dd3fead6
0421e202
29f8fd1c
0ae8bbe7
fb12e5ff
eeff201e
07e7f4e9
ed2fe231
1f38e8ec
f5d4dbfa
e32bf8e7
1d0ff3f8
fc0d112e
faf2062d
06ff0914
e5f81701
02e613ed
ffe9e513
e3ee0ce1
ef12f50c
ec131311
100d0118
fb0d1cee
f7eb13ef
f0fc1940
eb03eb0c
151cdfef
e01cf7eb
37daf5f0
ce0ee602
ef121ce5
ea0adde1
f3200210
f6d8e7fd
2105fc02
e808e9d6
2b1eece8
05211ecc
1cdcd4e6
e8e70326
c7f919d7
e917f711
fbf5e904
fa131004
1bdde6df
11f0eae3
17d7d821
fd001afc
0ae127e3
fdf9ff02
fbed0e21
25161af8
ead7f516
19effb02
01000520
07f819e2
09f40011
f400e6da
23e6150b
130505f1
f6e30c1e
f222faf8
2318d9e1
ff10e4f3
0adf021f
e5f51ffe
1619190f
0ddbe10f
fae00a0f
11f6e11a
0d15dfe5
160007f7
1c251712
eef2eb08
ff0af9e8
16e920f4
060fe223
03f4180b
210d02f7
e1f116f0
18f70415
01eaf819
e8f2f9da
edf11001
1f1c0fe3
f6fbd91c
d619000f
1be2e610
1fff1711
2322e71e
f5041109
d8fef6ee
e9eae9ea
dff7e70c
f4eb25ef
f123f0f4
e7e3e106
f4f513e4
09e1f3f6
08f417dd
00e90023
1ce9eae9
defb03df
fe09e71b
01101017
1efc14f1
24e107f5
efe510dc
27081821
eafdf9e7
1dd8200d
01f406fd
e118fbf1
050a0c0b
dbe1f505
1ad90411
feffefd6
ea040ef5
170afaf9
262019e0
f0e9e626
1214f3d5
edf6f402
f60a06e1
defaf30d
ef0c261b
e9eb2414
021f24f4
ddf5e3f2
17242109
26ec11d7
fbede1fc
f2f8ed28
f3d7dfe0
130e1fe6
26e3f60c
21101817
0addf31d
1efcfb1c
041d2924
e8e9e0e2
e41ef707
1610e40a
feea03e4
edfb14d5
e91c0f29
1ad8220d
16f2fc15
f3e00b1a
1fff07e0
e1f0dae6
1414faf9
e51df3f3
07f1f1dd
e9d91bdc
2508e9fc
1c05dff7
0c080f2a
ea181a08
02f9ee04
13d9dced
fc0e09f7
070813e4
0beff30c
09e6210c
22e5fdf9
0be01b15
280117ee
0b29efea
19dafe18
e9ed1a1c
fc100ee0
292007d9
e1e0fd22
24ff0e1f
ebdc0def
0ef40ff8
f41afce2
05fe1e25
0ce40d11
1ee407f6
dcfaebf9
f121f4ee
e3050201
0d24ee1c
f5100617
eb19e6f1
fae6ea06
dee504fc
24150022
220fdf12
f3e922fe
1e04dee1
1006f1e1
2102ea0b
fb020706
01ede80a
11e92207
1020ef00
2100ff04
00171f1d
d5eede24
23fc02ed
0df90ee3
fae61ce0
f0eb0d24
19e9fb19
e1e60d13
010d00e8
effe0016
e402e4d7
00ebd7e2
fde118e9
0fe40ef7
192225f9
040110ed
2425f402
e4f11f12
22d9e5e1
dfe6fefb
fbe1020d
e3dbda22
f108fbfe
06f9e3fd
0611f7d5
0113e60c
dfe0fa25
0de4230e
e7f1d814
0d132613
e4e827e7
04e517f5
0a06e2e0
f122e6f9
1fe4f20f
defb0ef5
ef200408
eef5e6e5
f1eaf7e0
04211bfc
fadc02ee
1c17e302
f90e1403
f625faf3
e61d170a
e6e5ed19
eee91b05
110203ee
01e009ee
1ce5db28
19f60d08
ec0e14e1
e6eae00e
de020ae8
f8220be0
f311f914
e7e0e8e9
221702e4
1d191906
fb2421eb
16daeef9
2126062a
2b1a04fa
f6e0e121
f9030b22
f420dfe0
e1e3edef
e1d8df0e
01f30b1d
fce61108
f2f526e8
16f8fdec
07e20107
1cd9fc18
f8fdfc09
ee10260d
1aee0fe4
f0f816e1
1305ede6
101c0204
0d02fffc
1a1fdd1b
e3e90ff3
13faeb1f
e5f7f9ec
19fff117
dd13e3db
04db040b
faea15ea
ebe5fedc
07eae3e4
fe140402
00dd0612
0de4f820
f82b090d
fa100315
1912f50b
f2dfe615
e5f5f6fd
1ff52715
2429eb1b
e623f929
e20d0d17
dd16f1da
07f3f8ed
001c0f03
0a210f22
13031ef2
de172221
ecdcdc14
f9e717e1
051ce1f4
1007e31c
f70512f5
2106e905
0adf04f8
10e2fbe1
e1e8f9fe
e9f9f2ec
10f722de
fde401f6
15fd120b
041d0219
f9dbf516
fae40028
1df9e6f2
e2f7eb1c
fbf52604
13e2ea20
ea0efe08
f60ffa0c
06202201
ebf90cf7
dee207fe
0e1912fa
0701230d
fdd42505
11d9f2ed
eef5ddec
e9e3f1fd
f61de603
fbe620f5
ff05e3d9
17200ff2
f7090e0a
142819ef
06e40500
0f18f5f6
f9f6dbf2
d91be2f7
0d12ee06
0edb06df
21ebf024
f306ef19
f316f81b
fffbf614
ea24f9ff
28e52b00
f3dfe814
240610fc
17f41f11
13e60102
121b20de
e013f4eb
f4dc181e
dae5e6fd
f4161a15
1e040eea
06e2f90c
200ef801
140ded1c
eaf800e1
20f4f1e8
fc01f917
050ee71c
1de3fd09
f4f40aed
f3dd13f0
e321eef6
28ff131d
0012e4ed
1f1403ec
f807fbe3
f3141cf9
0a04e5f1
ea0deb03
ede90af7
d8de27d9
0afff7f7
15ee22fb
f9def3f5
13f6fe0b
24001c19
02e60321
e5eee31c
130ff4fa
0bf2fc01
0fe10306
1c08db1f
16eef60e
ea2311e3
18ffe816
e303e416
04f001e1
e718e017
1c12dfe0
f81e0216
f30800f9
0a26fa13
f40821fe
fce01328
1f01e6da
1cfafd01
ff04251a
010921f5
fce5090f
efebf30e
070e190a
f5f52408
08f9e3e5
eb0525ff
2229e611
e5e11a07
db00140c
1beeed20
f30b02e2
1911faf1
25e921ef
1527140b
1cfcf7f5
ff03eefb
28e8ebf6
20ec10d9
dceeece7
15231a0a
08dafa03
1df611f7
ede8050b
ef071dfa
eefe0903
13fcf41e
fc19f61b
0a251be7
0904fd16
f91819de
f10d0dfa
10f6f022
12e1e3d5
f4fcecde
f51b26fe
e4ff1715
1605dfe9
01060919
fc1be6f2
dd28e2ff
0efa1f21
1422e9ff
220a1c09
020bfaeb
ebf71ae7
fb202018
121a0edf
dde32200
dcdb1b08
f2f2f0dc
e01ee804
02f422f3
0a0802d9
e8e8e6ec
fedef215
08fe1106
f101f9f6
1e2602e2
e5080607
00fb0eed
0bf9f0fe
e2f312e1
e9e71528
e0e309f9
1f180dda
eefd0515
031802e4
e4ea2303
2008dbe2
10d8f706
09ffeb03
e9e51025
fb0d1b15
dc01211e
ef12e615
eef3fc01
f9e2171a
f8e725e0
1f010dfd
1009e9e3
011ddf24
01da110a
22dcf8e1
f5e4f605
fe040e1d
19edeb15
0bfae620
e8240105
05e5110a
1b131e18
12e1171a
0eedde02
f606161d
0516f91d
fbeceaff
0214e90c
f0f9edd6
edd5f51b
220cfc0b
e5e8e71f
201623e2
0b141603
21021af1
0afcf025
fa24fb03
13ff16f3
0615dde0
ea20e713
0ded021a
e9fe0e17
1effe127
ecf8e5e9
02df2306
06212001
e804e00c
ebf815ef
f80f2221
1113e513
27fe041c
dffae708
1c13e003
10dc1ce4
f1ed0af9
09f3f012
1bffed17
f3ef1906
25f51913
f60104ee
0dfd151a
05eb1414
f90714e8
ee0e0814
dceeeff4
fb0deddc
0a28d801
fe08e205
fbe2ec1e
de12f101
22f7fe0e
1909f4e3
28ed0edf
11f7f7e4
0b05f214
fa0c1ae9
090eebee
e60b2822
df130426
e5fc1d15
d714e2ec
de1d1d21
0a081426
e20516db
14041feb
0feb18ec
1f20e205
f11725fc
f7eafcd4
0bedf5e1
0efae60a
04e3de04
0823e4f0
16f3dede
1ff9e0f6
24140012
e80ff0f2
eee310de
250dd920
14fbede1
16fc06f2
e2232600
24f9fd05
09feda18
0fef1cf0
211a0c03
daf2faee
1820f8f2
e1edeee5
01d9f3f1
de09ebe1
011b1f0b
0eeb0df1
0c06f7e6
e814ded6
e5130af6
03e2111d
e011dafa
1af713ff
ee2704eb
dd07e529
df181210
09e41905
14ff1ef0
02e606fb
170214df
1205db22
23e60329
e4e50c15
fe28ef27
1b0012ed
1701f31b
e2e0dc04
0e20ec0f
ed01f1f0
18fded0f
defc071d
19f4eb08
f9fa0714
d8e0ea0f
0af0f4f6
220df600
1418f01a
0e02f51d
e201f1e7
25f11810
1206e006
0008ebe3
ff0af20e
d917071e
011709fd
13e2e711
d9f9ca07
0d0d0ff9
e104e819
e80d222d
1ee6f219
060ed912
e5f2f8e6
2b19f807
e9eb13e6
f602ff16
f012e000
03f80b16
07fcf0e6
d6def9e6
02ee0829
ec0cf0f9
fff2f218
f30518f5
e9e8e4e3
e422f819
1d09ec15
0d0c14e5
09f5ed1f
06e82814
1edee91b
26d1e8f9
0df6e1d2
d8db1811
fcda0315
07ef0c0f
e4ec12e7
0314e014
ee0d06ec
c7060817
f70c1f14
15f3def1
f2e51802
06e204ee
fee60a00
0b10f5fb
1dec21e3
1a150701
ffff28f8
04ea0b11
ec0bffde
3ad523dd
e60bf612
dcc7ec01
11fbfee3
fefc3000
f4fb273b
001f1007
fcf9e7ec
08312108
05ea0eea
13f41105
fbf732d5
1518fb1e
dbfb04df
e12003db
ee101602
c5f50e03
ef14f5e3
e0f927e2
fbdbe236
24d5df13
dd0b0c18
fee1e70b
0eee0b26
eafaec2e
0bd5fc07
14120d12
f3d30812
0908df1b
0efb01e5
f10f1be9
ebdedaf1
07fe351c
0e02d8eb
ea1bdb14
ecfdd221
f015f513
11d50717
e214eaee
efec19ce
d21ae5ef
11f6e2f1
f3eceedb
03e1ddf3
fa1a18fa
0808f2fe
f7d6e7d5
e5190316
11e6f8dd
dc1517d8
19020bea
14f7dd05
d712f916
00efec21
1f290015
1b24ec01
220a0bf5
d5f700f1
17e3e20d
0119e401
031013e5
110cf718
1e2009ea
251a0ce1
1d11eb02
e7f2e6d8
01eb0bdc
0008fd0b
d2f6f6d7
f1ebda1d
13e4e0f1
f6e4ebfb
0a1fe3e3
d6e3dae5
16d5fc07
f315f418
ef0fe819
102b000d
d0fe1621
e6d905e2
d7e6e4eb
0b0be31c
d905f6f6
f1f1f00f
e4f61a17
f62002f7
03191efb
03fbd4ed
e02ade18
e6f61824
02f6defe
1bfa110e
13f4e907
0c00d7ed
18111411
10e926fe
dc12f505
27e8db06
0c00ee20
ec021efb
35f31dea
f5e3dbe4
eed3ef0b
1ff7e7e0
eb30ec0c
eaff1915
00d417fc
05dddee3
ea1a0ef8
0efffcea
ee0014fc
0f181016
01fbe7ff
011510e3
e2faef0b
dc00fa00
cbdef601
e4e7f6f2
da1e04dc
ef23e20c
fcdc0e06
f0ed1ce4
0ad11cd9
f9f6f4e0
24f2f122
edeae915
1ef5020e
20cee6dc
0ad7e721
e7eff0e7
e5130103
0e0af7fc
eafb0b1f
0a0fe604
040d0ef2
0f02f001
f8e51cff
1d09da1b
0df11828
1eed0be2
0e01d614
fcef150a
1a0605f7
18041003
bee7fdf8
e732e8d8
f5f9fdf0
0f0c1421
2e0e06ed
dd0cecec
201a12f6
03ffe6f3
f5fa01d6
cd1bf2e5
0bebe4e5
02f4e316
17e81023
05e9fe00
e312220a
db03ee1e
f1053505
fc0be823
e1ece8dc
13e80907
e1f5e7eb
d8e10106
fa17f8f8
220df40a
120b03ea
fce8f718
f7ecf20f
e40cfff7
250aea02
0e04ccda
00e30e10
12ea1116
0715e2fb
1a22440e
f0f71fd7
04ecf1fa
fce2f7d9
1ee4fd27
0d17e912
17ed1de7
28fce8ff
0c1ecff2
db221ee5
f6170e1b
f2e6e10d
deef18ef
09e7ff04
e9ec060d
e7f1e1e1
e9d6d90c
18e81f11
f504da20
e020f2e0
fce01907
dbe318f1
e1e12018
1c1eedfa
fef11de0
dbddf113
0c150bff
0b151101
05f22115
ed16e2ec
fe0ef811
d7f60edf
131c141a
f8ff0b15
e4dffff8
dee8fddd
ecefeff9
e40f182f
1b1105ff
e5d823fa
c9d6fb21
17e9f911
1a211beb
eae9eee3
d5dfe9ff
2ce71512
1c1111ff
03fa1fd9
15f1f1dd
d80f1bff
1ee0ebfa
2af41111
00d3f9f2
dee6fbe0
09fc0c02
e217e21d
ddfbf90c
1ff1e025
0bede7ee
0dfbe2ee
ea203113
080f03ee
3311f50f
0de4e407
04e204d2
0fdc2d0b
f9e6f9ee
dc1bdc05
ddf1e5df
dc15d821
081f2215
0e21ec1a
eaf0000b
d80d1ade
38f0ead3
e407e110
07e6f8f5
d627d527
0f131ad1
d301e902
e4f3fdfc
fa1e0b10
00e51eea
fce906f0
e405020d
e2ed2001
fafae10a
ddfa1b24
d30f12ee
10eeecf6
f5dc22e3
2afdf7f2
e2161aed
fd020003
fc04e1e6
e8f91c11
222b05e9
0300ea11
dcd0da05
dce7eaf5
fd10efe0
f408e2ef
18f2db1c
da001030
f7d9e0fe
e4060ef0
2d0df6de
15d50efb
d7dce702
de211fe5
26f316fa
e4ffec0f
23e70a16
f9f425fc
fcef1ffc
08ddeb1a
1df217d2
d5d50b20
da0cdde9
eee9f6f8
f1ddfa22
1bdb1106
3605f7e5
faffe8f1
e60002e3
e1ec2c18
e7f908e1
0d0df61a
f2102312
db13111b
0601e20e
ee0608d8
160220e2
101ae3e7
d90f1216
ea23ed1c
01dae6f4
f6d10a12
eee2e9f5
f31608ef
010e090a
1223fde6
d8f6dbfa
f31d06ff
e413df1f
0200e905
fe1ae713
eae80fdd
05e50dd9
1fd72320
e6d9deed
0f0fd80d
f301f72c
f60ae9e8
f121f931
0618fb38
021420ea
1b14ec0e
f0e0ec13
cd0add36
e94b1801
01e82026
2200ef08
010414ef
e2d81f02
08f51f11
d7221916
ebe9fce8
e402f923
f10df818
2326fee2
11180d23
e203fafd
dd0af41a
f3f5e207
073109fc
27e0f61e
f52a36d8
dc00efe8
cd09f631
0706fbfc
f1250531
ecfa011c
1222e022
10ee32de
17171200
2ffbf2d8
12ee072e
fe1517f9
0e28eae9
1df8ec1f
f1e50b25
fffb4214
e9f42a12
f1fcfd14
f3edee10
fdedf610
080aee0a
021d1e1a
0d0308f0
04dae01b
dfeae51b
c1fef10a
13de00ff
03f63015
0bf3e4f2
1049e7dc
0ffb13f9
e6d8e4fe
061a01e5
f70d0eee
dae7e9e7
47e6f522
2011041a
e72cf510
05f0f7fc
e212cae6
d9d708f2
02e20807
df201834
260106e3
191d050d
0adb2117
f5d31218
e517e4f3
f2ed10e7
eb0b051f
1de3f401
efd511d7
241aeb25
02e509df
f225fa08
e912f0db
21e8da17
13e90c0d
ef272c18
04f1031e
f6f131ee
dde10d35
05f9071b
001dd807
d60cfa02
232515e7
f81ef1f0
eadffa22
eae02209
fd19f420
e508f21b
fbf52c0f
e1020bd6
01db1d1c
e1e90208
dcfb27de
0216fce5
1cfe1000
ef0f0e2b
0d015624
001020eb
d0130102
04f0f011
f41ae516
27f51be3
20eaf72a
160ef2f9
1224ea01
0015f7ed
25dafd15
e7d8ed24
24e5ff1b
e518da1f
f010141a
f0f3fcd1
f3e1f2eb
0d1c19f0
2eecf8fc
15f3f9f2
3011d937
de1f0eef
edfbdef9
15ef120c
eff0d92e
04f1f30a
01f40ee3
190ae600
d7edde1a
1817f8fa
0b12200d
d71922f7
f1ea0b0e
d9181e14
e1180d20
edfbea12
03101c1d
f618d6df
0c01e605
031125ec
e01ff319
21f6f101
e4f4f6f4
0d051e14
0906f01c
06fdf1ea
2df41df7
1a1c0116
24f610f5
f40de423
181ff1fc
0f191317
1c18fb0d
0b08dc2a
0506efd5
0e331a1e
eff2fcfc
f4f31ede
15e922de
fdf00a18
d5081213
1ed129df
f2e507e3
ee01e605
15d6350a
d900e914
0d0dd4d8
08100b0b
e8ff14fb
f4fbfc09
0ef2eaeb
1df82001
e51f180f
1d13fbf0
1d1cfbee
341e1415
ffebe647
1cf8f81e
f10ce403
09e015cd
dff9f1ea
11ec0304
eaed0f22
01f81411
fa1312e5
05ded9df
f009ddef
23ede116
f941ab0e
de20eae9
eeeb0210
fc2f03ef
f122ed16
0e190cdb
1f231a28
e6261640
15e7fccd
f922f00d
de0800ef
e736e2e3
f5df2a1a
2bfbd7fe
e9f5d908
0b18401c
1315220d
11e2e810
f10cdfef
ebdfd816
e6d71a08
e2031407
e5fbef13
0d273a1b
201a0e1f
fdf20517
fbd909ff
10213324
260704fd
2624f009
f9011309
d6de1d0b
22e927db
052900f5
001b04e0
ddfff037
0403130c
f0f83c19
f7eafc04
02fa1c29
0305e1f3
f61be1e6
42190736
d61710ee
f420ea05
f2e1f312
0124e312
140afddf
f3f6fef3
f1f61f13
28090fff
2ee4ef27
f21515de
f3f3e50c
f41ee6f7
06242dda
dae10afb
fb3af4f9
271f0efa
f0dbe7e4
07ffda25
0210e42d
fe010a13
eff70e18
0006dd0e
17ec0b23
36f90de5
e7311cde
e3fdf719
1b0ee00b
2f3ffb23
dfd7f627
1f17ebe8
d90c2d06
ee1a03f2
fd311aef
f41b1b18
10030314
dd00f3f2
0c17011a
cd0c091c
31000a10
20eed70b
11031c22
022109e9
ffe908cd
fb171c0a
f611fef2
ddebdff9
f21c27d6
dc011e26
da331c13
1ee1eb12
05f803fa
05e02609
1909e9ec
d9e714fa
110ffae7
17264cde
f00c0524
f913ea1d
050e0600
ee16e1f9
0e1cf81c
10ef0af8
041d01eb
2c091bfc
13f91914
d21e2cdc
1af62618
14240808
0719f711
0f0cfede
f3e7e1e0
36d72dfb
1521e6ee
1cdafa21
0b0109e6
1614e0f4
e018ffd6
1df2d7f0
e31711e0
def1fae5
1a151b0a
12f41b09
fa07e725
d9e5020c
240c2609
f222baee
f91dfeee
0b0922e8
0632f4f4
e21ce511
151c0d14
f0efdee3
e6e63507
f1311119
d91008de
11efe61e
25170aff
f80fea19
2f0de6ea
250308ee
0133ec2b
dbeefc19
2cedeb15
f5e1dee9
ebe31110
22f912dc
daf8281b
36fcfc25
1b0f1f2b
e7dd02f6
1a2b0517
ee17e632
28160134
20e4e80b
f415f1f0
180ef70b
1328ed25
f3f30aec
2fce1906
031727ee
d6e20b2b
ece30cd8
330d190b
f2fa1d23
1f28df27
f00804ec
ef1c1afa
241f20fd
29110f14
060fe018
02100afc
1c1d19e0
e222e7ca
f6eaedfb
19ff0fd7
0e0f0b0d
fe1b03fd
effdda44
e528f6ee
f5150911
d92d2e05
cb1717fa
da2ede22
e41c17e4
10f001ed
05151616
e7e5f9e6
170ff4df
f202f906
2a1e131b
d40109e5
14ed2920
fc2dfeea
27180f3e
e0f3f6f5
d9fdfe30
f9dde601
e8f013c6
d6f72e16
0e051f0c
14301304
110117e2
211de702
1bfe1a08
26111ed0
0c2de4e0
19f9e2f9
f306eb04
1901d529
0cf20bf1
1019f70f
e6011b1c
f6113208
1def211b
fa31e0fa
1f1102fc
fd33eeee
0d1b1229
170215e5
fdf31725
2ddae41b
10e617ef
0dd6032a
23f50dd7
02ebe8f8
05291b14
17f62ff5
fd12e122
faf7e205
211b1609
131c10df
2b06202b
f3f6fc16
132314fe
daea0deb
fb1229d9
e90922f2
fadd1d00
1b14ddf7
f6f1f3e7
150de5d5
2fe42b02
e6c9cde7
31e8f105
f3f100eb
f20ce4f7
faddd515
0ce3d703
edfb160d
1af9dbf3
0adbe525
ef122622
eb180aea
e1f4e5fd
1beeea03
0aff0115
0b1aeef0
242dde35
1fe91ce6
ec33d7f3
0f01f924
1fed00dd
e6da2412
ebf800fa
100213fe
de15e90b
1722ef01
f6db0c23
e4e92fbf
0cf3f311
0b22fd1f
101ce416
ed1bddf4
dbe804e5
fee5130c
f0f114f0
0ff51dd5
240ce3f4
c822f10b
e1dc2035
dc020a00
2bf3fd1f
06fee526
fae1e1f6
dce41615
def7e2e4
e4171efd
0af336e9
ff01091d
eedff314
28d611f5
e804daea
f9d621ff
2f01091f
e1fae00b
2024d9fc
0aeb05f4
2c16f11a
d7fa1620
1deb1ae3
02f11e23
20dfe2fa
d6f5e8e5
1ad70d21
2de312f2
110a1820
19d510de
09f50f16
df15e904
1f11e4f2
151ed7db
061af906
e61307e5
051fe824
04d41bf8
e8e4fd0c
e5f41924
0527d021
19f32608
f4f6d2fe
f318e5f8
26e40913
e3eb1f03
e706fbe4
00014417
0425e5e1
e1f1fcde
eae20ad2
d632f820
1c050209
06f8f0e1
efe7ee1d
f21309e4
f600fe00
1dde0d3a
22fe0706
14e101f3
f3e31b15
f208fee9
e40cedf4
04f00018
35dbe6e7
f212f2ea
ebfc0021
101a0c27
f0132203
00edd91f
eefcd4e6
fbf1e518
df000a0a
20180aef
2df0fdda
ed1517f0
111feafa
20fd2f26
d70bf3ef
f822dd2b
2ded2901
0b1923fd
1306f318
3ce6081d
0702e4e4
f6f108e8
dee40ddc
06e524e1
e910f105
f0e624f1
37e609e0
2fe9f6f4
1e0a23f8
ebf2fa09
0001da10
100604f4
ea1b2615
e53610d5
e6d40518
e5fffbee
15efd501
22df00fc
dc20fce9
1e00fbed
0bf60820
e6111c04
25f1f500
fafe1131
20feec14
042fef22
08110044
e8eb0313
f5090afd
e3f01008
2404021f
e428101c
09dc35ee
32fff72e
1e0a06ee
262231df
4522061a
25d5cb1a
f203ed04
00ebf521
f005f5f3
d100f806
e30a1912
e1050dfa
19e1ee33
d03b2bf2
f6270b0c
c8fd2e15
0a29fc36
30330632
f6043701
2ee206e7
28fc27df
f4e02ee9
fb2010d7
0df521fa
20232012
17fa1ff1
d229f13f
d70ed73b
1622d227
1a36f01a
f920131b
181dd8ed
d9ec220c
1cda031a
e3f1d20d
ff0116ee
f103fcda
0910f1d7
13f0f617
0ce8ddf7
e2ff2d06
e3d90827
e740e428
0f0c0405
38f0110a
0e170117
f703e1e4
f519e8f7
3213110e
23f8e53e
fc14f0fe
d6311414
eb111221
f119ea04
150ff13f
2009341b
4a030c32
16faece7
1621070e
c6f8e41b
e8fe04c4
dcfbf329
f90215cb
0a320913
fa052808
fd150332
fa01e11f
232926c3
1e10d1e7
182ae61f
46f8d5e3
010ae823
e11c17ed
eb1115f7
f3190500
ea4923fd
e71a2118
e44431df
0f170a17
bfec3513
f70a2036
330ae2f3
eeeefe21
05e9fa21
f7d70c07
df0d1ceb
33da13e1
1c1d28f9
fce3dbd5
271e07f6
fa36e334
1cf40e1d
1a02d441
030ef816
e80e052c
30090de8
1bf1de21
fc1f361f
0300ede7
1ef6f017
12fe1c0a
dd32fe0d
06050f1e
3a0e02f8
fe1b4405
04c1001d
e404d107
f3461fe2
e921f80e
0a30e4f9
1a1121ef
152d1f14
41080c29
42090a45
d2ee0a26
1f37001d
e1feee35
f004e503
261a0005
24083334
2e0eeb09
01e6280e
f7ed1ff8
f3ec0e39
1825defb
e2d7fef7
fffae620
1f35f6dd
ef0012fc
2023dd04
1e1ee1f6
101508cc
1d42d01b
49f2da4d
1fef071e
e9fdfb39
e81ae520
f7ec042f
0004dc06
02432428
01f3fbf0
e8181b16
212c0924
ef022600
f612ef06
28f2011d
fd1c2923
e90f09e7
e91725df
f2dc0a0d
eef2031c
ef09ea23
0216efde
34322f1f
d6171e20
10031b15
1a0cf024
dc0e2003
ff1cf915
1304ff0d
fce71829
071d0bf3
ef0cd8e1
def50f16
fb13f8d6
fd2ff40f
fc02ff06
17fcd318
281e2c18
d6f4cde1
ed340414
f7fd05f5
eb201a0c
fb35e606
2515190a
1e0b1dfc
2319160c
43f6ee01
e8e9eded
0a262800
d4ee00ee
f6d4ddc9
34f916d8
0dbf12f4
02e9e105
09e1f6f7
07ddebca
c427d5f5
1d0e02f1
0bdb1e26
dfef1710
ffd6dc12
e9e2e9dc
20ed0bc0
08d7dff1
df1de1ab
ecddf9f5
e11b13fb
190111e9
ec00f903
f4d6deeb
b115fe27
bc0fede7
e504e30f
0f11eedb
c2eafcd9
f7021c04
d6050ace
e3d92004
f7ce18ee
1c0a1d0b
23f0dc01
25e2fbd4
0000e5cf
e6e40416
0b02d61e
031dfcd3
f5cdd81a
02e512e0
db1a15e6
06f213e7
0d0213da
cbf4e8db
d312e610
1dda0b14
eb1a0fd7
0eed0b15
0c0cf5d3
05e51002
f2f51611
e711c1f7
cc0ceedf
f2e5eed5
099ffd02
ffd500e0
f60717f1
fa181517
d9041c0f
140600f8
270af607
17f4eaf6
00f0e6f8
f012fb1c
f9eced0f
f2c71eee
ede0e3f8
0813f003
01e90cfb
caf3e60a
c8ebe2fb
3715e312
08e2d1dc
f603d5bd
d6f1252f
f1d4edff
2a1edcfa
1af11eec
10de03f0
f1e9e50a
ebe3cca4
e9f72b0a
fb14e1d4
0a23ddf2
22da2ae4
05f5ffde
c4f5ebfc
bf1005df
03dcef17
fc1efff8
db1bdaeb
f71203eb
ab19190c
f429fafd
e2dada17
d20f48eb
1b30d6d8
230cf901
e1f4e9be
03180d06
e814ecf1
e50f1cf5
0cf107ec
dfd5db1b
c4161be5
e6f82717
0dfcfaf1
bee2e5d7
0c0af5ec
0a00efe3
1e4be90a
fdff1ddf
d9cc110a
fe021ce3
f201def3
bbfaf1ea
f1e01111
1410ddcb
eab0d109
04df22e9
fa21f508
1a08d819
11f71b01
f601ecdb
04ddf1e6
e20b1c02
e01be603
130be8e9
1128f501
ee0913e3
17e6e7c8
e71dfff8
0adfe51a
cbf8faf6
e0171a03
01f5f8e2
01f7b4d5
e30415bd
f2ed2024
1911df0c
15fbd9f3
f70a23e8
0b051401
e310f2fe
171cf0a9
2fda0600
d513cdf2
e600f2f7
20eb06c8
111fd91e
02f9ab15
cae411d6
0203e405
e7d70bed
f20df409
faf0e2fc
a5d4e41d
f6180b16
ed070314
ec150ff9
f3000608
eddad8df
ecedecca
16e5dae4
f61807f0
eef902db
e507e9e7
e9e618e9
f5fddaea
d415e602
bd1d01de
e6f6060f
24d60a19
17e8fb16
f5261913
18d3d704
19d211fa
0216e6e8
10eaf5e1
b0efbbee
efd00fdd
e9f100fb
02b3d6fc
de10f809
f204150f
10ed0d1b
ed1423f2
fee105d9
1c09fcdc
dff7e3f8
f81de6f3
1715d4f6
d3f8f7e8
f21e0b0d
0ef9fb11
17d519d4
dfdde800
e6f307c9
e72ddc05
eef8d8f0
d1e6c9e5
d911f5d1
dcd60309
e4e62e32
1f14e4df
f1ddf9ed
e416f8e5
0fd1dde1
18fbdded
04ecfa0b
000bd6e2
f00c0bdb
e604f903
10d51bfe
fef60c16
9cf4d5f4
00ca2df1
cae4da1e
d70cdfe0
07d00b09
08030dc8
07ddf902
d7e61d0d
e3132e15
f73a041d
09e21bd4
021a10f4
fbfce3f4
f4f800ed
f5200ed3
eceffb18
0e040c18
d303ffed
fb0d16ee
feffddf8
18eadad6
e407d91b
22091bf0
fdfaeae7
e925e8f6
1fd7e61b
2310f0e6
e7ed00f3
fbd4cc0e
dbe72702
fb02caec
d9df1a1d
040eee0d
fd1cf8eb
06ec0be4
e50bdbe6
09f01df4
1ffce51e
2517dcf6
d4ddead7
1d19d508
f0f007fa
0e2b01f7
13c508f8
02ebdb1f
07e5e316
e8f613f0
d734def7
0bfcfe08
ce1502e8
eaee17d6
18e70b00
1af1de1b
070dfcfa
e9eb0101
2b1a0b06
e6f1de18
dcea05a3
e4ed3015
fdded9d4
f4120117
ededf501
e5df04ef
d417f7f2
e322f9eb
fbededfe
d6de0f08
e80707f7
05f7f711
04f904d4
e0130c09
ddd522f9
150916e4
e752fbe5
e6f41eee
d91fc6df
f2def9d4
12f4121c
05fd0a02
05d5d7f4
efd716e9
d11a07e1
d71f1310
07d802dd
d20d05f5
fdda1f06
f1f81212
1c2d0604
f7fed917
0c0501f9
e60606f1
e207f1de
bc21dbe4
fa040f1d
e21cc7cd
1ceeed11
dc1cf81a
1a19fa14
18f414e8
ece4120b
04ec051e
05ef111b
30dcf921
fce813f8
f11ce9f3
f7321909
e9ece5e3
e202fa06
f90e04de
26daf41f
0624f6c0
e5f3fee7
3d05dc05
c9edd9db
030601e2
dcea1f1e
f7dcfa3f
1aefe720
f4141605
2ce60e4f
e7070d18
201911d4
1e172a13
080d07df
2914d9df
00d311ec
151ada07
01e7f0e7
e8f327cd
1b0814fd
eafa08e4
ee1a191b
291b1efe
b2f4f10a
e2fc04d6
e9f802f3
faea0506
d940e300
26ed0310
00e0e6fd
29f1ec15
ec050e12
f315ed0a
fdefebdb
2d021de2
11f8e6d0
140dfc2e
dceaecf8
dbdef510
1bdd0814
faefe026
f60df0e1
172810e5
dcd21623
0b0f1b1f
de0c07f1
d3f7f017
dce5f8fe
17050d1c
04c8d003
e3e8101c
101ff4d8
1bfe1510
f0e4e8f5
27e2deef
0cf224f7
0dd91b06
f0de03f7
ec2bf8e5
f0440307
ecf23314
dd0aef24
f8e716fa
1b0d12f8
00ffe7ff
eb3be010
1e1cd4e7
000ae516
d7fff9ea
171f2cd2
ec133e24
fbe104fd
e000f4ec
fa0a0f19
161b0a10
0cf4f28b
df0f19d2
0e02f213
f21bd5eb
ddd11a0a
f702de09
d01344e3
ef1cf311
d51a2ddc
1901ff15
0a1be2d7
ea11fcf5
feeed3e0
df1b00df
0c1bf212
f406e717
09fce700
32090df5
d8f5f1f0
f0e9d5dd
e2dadb0f
fb0901fd
dc04081a
080ee51c
c2e31fd4
263125ef
040df4ed
05e816c7
051319f0
edd80304
151019db
fb2907fe
13c4041c
fff4e111
0925e4e6
f4e41809
07d01908
e5e512fa
e1bf25e0
cff900e3
0b163100
f1d7ec1d
d9daf616
21040c16
e3fb0cea
1ade02e5
e4f003f8
d72ce422
fee1f108
01322115
18fac815
08f818fb
1cdcf800
ef00eadd
d21e1f14
ef03d9f1
f910ffde
d6021ce0
dfd90efd
f8d93908
edde15fb
fffa22fa
0d291fee
03dde0da
12180fa4
250c05ee
ee06f00d
0cf61fe2
1af2e917
e7121a1e
cbe21bf7
eef6fbeb
0b08fd1c
f707e8e9
f604020e
ec1923d7
df1e24fe
eef8f910
fdf9e719
ff04e9fc
1e4a061e
f915e323
e90eebcd
1c02f3dd
1f11f225
131d44e9
0807f4e4
25d2dc12
efd4f40a
e9ec3529
0bfe0ff7
1f0e1f02
ed13f3df
0202dcef
f6141a1b
e81206db
14fc0012
e7e01b14
0ae016fc
03f01ddf
16cb0df3
1a18d103
eafce7fe
0a0de3f6
fd01f8e9
fc0fe7da
f725e009
2edde919
14e50fe4
1ddb10fe
ecf21c10
d706050b
fb261df5
e309442b
070ac91b
0ef6f511
1df5ee06
dc14d9ff
ff05cc11
eb03100f
e0d907ce
043fedcf
e7e728f8
05cc3aef
0af3ee1b
e11b190a
2f030e18
e00212df
e72ceeab
fbe3e8dd
d312e2f5
e830d9f3
10fa2ac8
f8edd20c
130b27f7
0cf402f3
00f9e40e
dcdc20ee
c03c1bfa
103ee1da
dc1cdf0b
d3020eee
09e3220f
e8eaf6fa
dd33f008
fa1f0df0
eff6c8c8
00e415eb
f3d81812
f0e03cea
d2d8f802
2802eb27
ecdb1c14
1008353b
14f909eb
0ceaf0ee
151afdd7
f4fa020d
dcebf200
de1cf80c
f5181df8
1f0cff0f
dcddf8fb
171a07dd
15e1eeed
f3d7ec11
d8edf0f2
250e0723
001d2ef1
16ece2ec
f1ede524
00fe050f
07eb2e11
0302040a
0fdefdf2
04221c1c
f729e1f2
f01218f1
d5e0e3e7
e80919e6
f9010e1a
da1df5ed
f0df06ec
dbe0e0ed
082b10ec
15e81ae6
ed11eafe
1adc0ad6
de08e205
dee2f0f0
03effff8
df0feb1b
ef07e9ef
fbfbe8ff
1906dfff
eb12fbe7
f914fa14
d5fbe81b
00ddfbff
1eff12f3
1ae7f6f2
ffdff4f6
1316f910
18d7effb
27d806e3
02170ff5
ee10f4fc
db01f3e9
e918fcf4
28041bde
feebdf20
efdedf04
ede5e8ff
f7ed04fa
fedaf114
ff01dcfe
ee12f41c
23120d1e
fc090404
1e1bfa10
e3e521fe
11dbe1fb
fbd722e9
ebedf7d5
edf8ff0f
19f31b0c
e1fb01fb
1f191512
e7091709
ea120816
f01ee6e9
0e0cf50f
df1608e1
f8f7f40a
f0defde2
d8eed7e4
1bdfed02
ede7ea0c
1ae610ef
fc0bf913
00231ff3
d6e8f908
0d0d05d5
f502e4e8
de0eeafd
160d0e13
1cfaf60c
e916d804
deee1020
1602da21
09f40125
fae31901
f223f712
00fdeffe
14e7eaf1
040221f9
fdf5faf6
090cf8ea
1ffee7d7
14fa1aec
0deef80f
20dbf1e5
011108f7
1c0e0ffe
081b2306
f70d020a
f629ffda
e303021a
160fe7e4
f517140c
f00503e0
061a0de2
e50ff2f5
16f821f1
e2ddd8e0
d90a02df
05e8d115
1301fce8
d5ddf0f3
ec0104d8
fd0ffdf2
ece1e7e8
fd1c0011
ffd70703
f3ebe420
e3fbe305
eed1ecea
1e1bd605
f00af2f9
efe516df
e5f71203
12e1fce7
180afdf8
1dd801dd
1818f6db
02ee140a
fb09220a
26dbfa1e
0a2306d7
02ef0dda
08fb0612
e61cec0c
fbe2d4eb
04e4d907
1e2ceff8
18041fd7
fceefd02
23e90f1a
0dfde029
e932181d
d6ded813
f7220315
fffdece9
fefd010f
11ffdb1f
110deb00
1a25d7dd
1809f91e
f3e81305
20f6fb0c
100bf01f
161ee6e9
031f05e7
dbf4edf0
ddf506e1
18081bef
fa141ae5
101ae6fb
ee0c0ae9
fb1bd602
0e23db11
dcdc07e5
131021e7
ed04f80e
eae91b13
17ed0c17
2607fb10
1d09f2d2
01dffee2
200611de
d6011ce4
1d1b0206
060a1321
1dfb1509
ebfce0fe
e3e9ede6
0e1c0dfe
08d7f0f6
f70e25e9
feed1305
e611e8da
12f8daeb
f7def1dd
f7f517f4
03e9d4f5
f60be505
0af10ede
feedfd12
03da090d
e5e1dfee
232630ec
07dfd420
22140009
05d6e6db
091eed10
f0e3e71a
ffe6fede
19ea160d
d5360ff6
f204000c
f41c1ff7
ed090103
e80bdfe6
24110901
09f40703
ec1ad603
ffe81e20
0de7ee0d
1a061d14
e817dbf0
0b15d91f
d7e6fe07
0beeeff0
e2fb0e14
0208fefe
25f4e822
ebeb1800
d8ea210d
ecefeb04
06000bf5
e0d8e104
1e151701
e7e3d603
d7f6f40e
0ee8d412
140306e8
27d31fe2
1f1106e6
e521d9f3
e10ed8fc
efcc101b
0eed1115
ee0f0519
20e5efe0
d0dfd8d6
fb10e40a
0def02d4
26d71be1
e2e2f509
0cebf0e2
0ce50fe9
fcf4dc18
e6dd16df
1cda0012
f1020220
18e50d05
171cf2ff
08ec05f0
fbefd508
2dfa271a
09ea131b
f90f02e7
190af600
ea1724e8
03ee130c
fce1d80c
042403fd
0b0c17d5
dfe0f219
f1150916
eed5d800
f002e5fe
dbe2ef02
dc1d05db
e90fdfec
ede2fdff
f5e4df25
05eaedfa
d61af2db
e5e6ffef
0ef415e9
15d9def8
131c000a
14ffe60e
f0eef413
e603f8de
f90de9ed
eef00bdb
ff270411
0bf6ed00
ed1c1b17
08eefc02
e5e704f7
e81ef8e1
ec1008f6
27ead6e1
f5e527fc
f21ddbe1
00e2f003
e5f5ebfc
14e22103
1d07e01d
f80621f4
09e50be3
07f7f0de
24280edb
08e106e4
1de7e708
e8dbe7f1
09f61dd7
13e6e607
f3ede111
0a0fdef2
050802df
ff0303e7
fd1b1f0d
d7daefe0
e3d5f6de
fdc91a0c
f10dfa1a
0b1d20f9
07f0ec15
21f3001b
15d51de5
f821ebe0
ee1501f9
1b0c0c1d
e5d9d3f8
eb2bf120
e3e2fb19
061504d6
0d0cfb1c
1a0bf719
dee00601
f7e504dd
fb301dfa
e1192efe
0afb2fdc
f7e81ceb
1eda16f5
1be71e1d
f3101df1
f023deef
0c1ef30b
1817e719
fee020e2
0d02e5f7
1afd071c
161eef20
0bfa12e3
ff1b0512
f8d2ecee
100c050d
140704e4
08e9f106
fc161ce5
e9f5cd13
0ffeedf9
edfef815
ef011de7
1bda1dfa
06e40ae3
dc1613e6
1aede01f
f8db1507
241ff004
e618e2f6
d9e8f020
0a07030f
0d0601f4
22f819df
1302fadf
d70e09e3
e0ecde1b
e1e815e0
0dfe1ff1
d81de711
dd25fbe6
20f1dfe7
f0e1e2e8
d8e1220c
ece1ecfa
e1081414
fee4d9f6
0a0c2001
11f3050a
07dbe10a
131bdfd8
e110dce8
0ffa000a
1509231e
0de2c717
21f2fd1e
02e30d13
eaffebd2
f914dc16
1ee60a0b
d8efdbfc
07fb0cda
fff7fcee
f220120c
0df20d15
1a18f90c
04d7ec0d
18d8f4dd
d8fa1120
eae8e9ff
f42207d6
0a2804da
0cf7edf9
f7f3d1ee
e910e009
0d07f1ef
1f12e7f3
db1cd30c
1d1d1006
101e14df
2100e421
df1f19e5
17f813fe
e4f520d0
f10602e8
e7f70401
0edb1f06
1309f11a
e816170d
e6f803e0
10f11df1
1fe71d13
151adcf2
dadbf4e3
1314eafa
0dcb1bfe
fce81ce5
d7fa1603
0303dcde
1ee4e1fd
deeb0314
1a15ea00
ece8e3e6
f80c00dc
16130b17
0bd7edf6
21060dd7
1b01de17
21fb0ef3
d905f214
200cd6ef
22fe01dd
09e3051f
d9f50d0c
f2f00af6
1a1319f3
0e18e3fa
fed8d9ed
1dd90c11
08e716d9
f9e91f1f
2002fbec
1be9e8e9
040de814
fe0310e7
f7d72207
13f7fbe0
020c1900
22df12e6
dcdf0ffc
f2fe0d10
f7ea0d15
0b031adf
21db1012
0b23d916
f900fffa
e2ddde14
def7f320
fb1314d5
e2e51aef
0bf8d500
100de8d2
d90af414
05f6fa0f
0e1ade09
0120e9fd
04060dec
fffaff1b
df02e2f2
e0e4e705
0328f416
0bd4061c
e21c1bdb
e7190edf
0901e709
ef0903ed
0b06edf6
ed010219
1ae80ae6
e1060ae9
de14dbf6
eee6feea
fb1ff2e9
f00be5d9
d9f605f2
1f0618fc
f11419eb
dfe7ff0f
d9f2f3f9
f1dcf7e7
e7fcda07
1c0b1a03
f8ecde15
e8e410ff
ded419f5
e6dff30d
e9ddf01b
17f80fef
fbfb2715
f8f9e418
cffa11d6
15fb25e5
f513d4db
de21f121
fed7dde1
ef0a1d0b
e317e2d7
e80beef6
dbdd07fc
ef1e19f1
e71902ea
fc1b10f8
fedbf21a
19dff414
d9d9eff9
12fbfbe2
f91212ed
fe1b2802
e6191d15
e0e9f220
02e30a0e
19e6f7ea
17f0e7f1
0ce6e4fc
eaf2ded6
0616fb0b
d9060ff3
ed03df08
ebdfe607
fdf6ebe0
01042b02
e81cfe1e
fa09db1a
0dfdf6e5
01d0da1b
dcf711f6
0901e3df
fb0316e1
d5fd1411
ec0b01ed
ecf5f71a
e1f606ed
17f6e403
f10ae402
22f7f313
dbde2df3
ed1a22fd
e1fb111f
050df20b
1cf40f00
000812f7
1305e00e
eb2c11dc
1c0cd8f9
efe8fee5
da0315fe
ff0de2ed
06e027ff
04ea18f5
eb0edee4
051d101a
1c17d7e6
f715e100
e71403e8
0cead105
ed191ef6
1002e00d
0afff5db
db0e0715
04e0f51d
170a03f7
e920f71c
f9f20bf9
ebebd71a
1cf6da12
f2ecfbf0
08e6fa1e
171ffdfe
d2dff02d
290bf51d
0aed20e2
121b231f
081b1efc
10d60811
de01e9d2
141f180b
21042327
0f05231e
f509141b
0614fffa
0ceb1ef5
0ffc2ff7
f0fbf503
04e1e714
0519f2f5
ead6dd20
e2190a24
0a02f1ef
ed0822f1
1505f3e4
08e5f028
e7e90914
15fce6fb
2efe1004
22eafbe1
e5e612e9
03f121e8
21180ff7
1df5130b
0df0f61a
e70924dc
1717f224
f3faeb01
0c0216f5
dbf1e62b
dddb002c
e7e010e2
0b11ea10
fdf80ae2
dd16f216
e11e100e
06dd06dd
eafb0301
071306e4
1f05f2f8
110212db
e1ed1827
24ef1512
e4ddece4
e809fbf0
04df1de3
eee2fcde
0c040eef
e3fb0910
f6f428f9
1d20df0a
fee5d6e2
d41be5e0
eb2216de
f1d02c17
22e61dff
00f505fd
e5e120ed
e4f5ff02
0c09dfe3
0dec041c
e7021df8
f40d1cfe
fee6ed00
fff010d8
f3df0d22
e615f9f9
f51103da
f0e8f8ce
1520ed1f
1fe9120a
fdd10f0a
160ee9e8
0f0500fe
18221402
f5151ad8
01250ae2
dd0312f5
18f7dafe
dc21da20
140910e1
f0d0e105
230f0af2
1c1601f2
0bdae018
24de0700
ee091217
1c11f20d
eee3ed25
0804f2f3
1ae21e21
d817071d
e4f7f615
e804ec09
1306eaf2
011ad704
25e001f7
0ee3f418
dff02314
eadc1d04
17c6ff14
222cf527
d6061d2a
121f0be5
14e919e4
191b04ef
1005e8ef
d7f9ede9
160d12f6
0f0ae8f8
ef05f5f9
d90110e4
f30004da
19dc2109
1502f015
efeced0e
dde5e9e5
0003e8f5
14f0d3f9
ff150e0d
fae9e901
f8160dd9
f31a06e0
200feafc
0bf3f3e0
21d00a0c
f5e41d17
fadcd7fd
f319e60e
141fe715
0d25f921
1ef614ee
ebddd9f4
eeecfb22
efe7f4f7
eff7e216
e8e80aeb
1403dd28
eafc0e18
e9d6040e
25faf4fd
02e510f4
ea1314f0
ee290115
fa03f115
26e31605
09e7f3e8
cde9f80d
2105f1f8
e8f7f1cd
f81d0f0d
02edecee
1ae6fa12
f5e8f6f4
fe0af204
dad6eb12
e7ea00dd
f8f4fedb
072310ff
cdde01df
e9f31a02
0b1fd82a
09fd0225
00e4fcd8
feecfa0b
16d907ea
230be60e
df1eebf8
ff1ef617
f7f31cf5
e505d819
08f62b29
fe0d1c1f
16eb13df
ecd8e3f9
15181909
1ee3fef9
17e906fe
fcf50def
f916111e
0e17e611
15daf8df
f2fa1a01
f6f42404
e9fa090d
18060d25
deeb25fe
25deefd6
f7df1515
eb1df7f4
010200ed
f7fee3ea
0e1c1113
dadefbf6
16fbfffd
f2f0d1f8
150efe09
11070edf
fc1df1f3
19f71503
1c21fff0
09f1eef5
12f11001
efdb0d0b
fef50df3
1100190b
0700eadf
ee2203f7
f31fdb0a
e10efcf2
210ffc2b
08ee11da
d4f81bd4
e6f5d1e3
1ede25eb
e80e051f
1112f4ee
29e224e7
28efff13
e9dbebf8
13202706
dfdbef1b
111ffbf0
0ae2d0e9
1602f315
f81e2a01
f4fedf0e
0a101605
f1ecea09
ecf40116
ec06db03
e1f11c12
f1ee0020
e6f9f3f3
ed0104fa
f5e9e201
f6f3192b
dc0ce4ea
f5ee1bdd
f61bfdf4
f201e1f9
2beade0e
2425f4f8
f3dbfbe5
e70bdc1c
f602e500
ebdfe7db
fbfb0cdd
1601f9fb
1efee4f0
13d604f1
1b0405df
1b0516f1
04df01fb
f911e6e7
0fe210e7
1cf7dc1e
0212e2f0
efef0d06
24e4eaf3
e6ebe5e2
1f02ed0d
dbf81805
08f7f110
17020205
15fbddfd
f80622e3
07e400e2
f0111e06
fa1b1a05
1be7f8e7
ebfafd02
eaf6fe04
e2db0515
dcdfdffa
05fae012
f30bdbea
09e5e9f8
e4ede320
051c0220
d814eb09
2becfd1e
e7dff6df
df14e81e
06e3e1f0
1119fe1a
16fe02e0
141be909
f4dde4e8
20e702de
e70421f9
e1e214e0
0113d80a
091a2323
f60e08f1
fa260ff9
e6ea0427
141703ec
e71ee021
cbec0a27
fae6f2de
e2e0d809
d50c0116
12dcdce3
1501dc17
eddedf17
07ff0af8
e804040a
f31f160d
18ddffe3
daff18ff
e407f1e2
f409d206
07d7ecfd
f707e816
ebd329f1
2819ed14
0f00f61e
07e9fd06
21e7e70e
dade0d01
ec20f60a
07140bf5
041ff411
100e000d
20dfede2
f509f10e
09ef100d
0f0429ef
ffed0fe1
fe0407ee
f9eb03f2
f4050d0c
f1f718e4
e4eefaec
ef200e0d
fd12e925
221d1404
22dcfdf3
0b19faea
fb0d1adf
0df2e5f3
e005daf0
08e30ffd
fff81404
07e816ed
e2f4e501
14f50ce6
10f214eb
e722dce3
18efff0b
00e10017
1902e11a
ccd7f822
f5e703f4
1e02ed16
2211dde8
0ce0dd15
edf31410
db05e802
19e2141d
ee00da03
ecdcf4fd
0fecd6ee
0ee0e2de
ea1907f8
dded1414
02fef910
1019e8ec
0c10221c
dd1bff17
18edf2f5
2b1afcde
02e8fcec
f00215f7
1e0af404
e01cfe28
ebf7edef
00fa0c13
f617e8fd
13def225
09f60915
e80de6dd
f1eb00e1
0615f704
ff23fff8
e8edfbdf
00e3d2f1
f5f020ee
e2da02de
f2fa01e6
0edde00b
23f2f008
200b0ffc
e6003025
10e6fbe9
ec0008e4
09f4f02d
e01807db
1b151fd7
ddf802da
2ae60e04
f51f1014
ee09f500
0d11de05
11040af6
e019112c
25ee050d
f6fc0613
23231624
07f2ec11
e11ef329
0905e8f5
1506e5f2
fe001dd4
34e00732
190a20fc
15002210
16dbfa09
0c0b12f5
08e7cef1
ef01e125
edfe1011
eaf3f910
e81820ea
e910e410
19e80beb
ca270e17
2300ea23
16fb11e3
09f9f60d
f6e90f15
1f001911
01e90a02
1b2300da
fe20021c
11fadedd
f9ee05e2
160f071f
1af004fe
dedc141a
010ae308
1d1314ee
09251703
f9ecec19
0e0912f9
1a15e4fe
1af0f90b
ee0dedd2
0602fde4
2000ecf4
1d0b1917
f6e7e8f6
1413f500
19fef4f3
f9fcd617
18f6edf5
2cf1d1fa
070beafc
1ee5eb0f
051d2417
05dd0c1e
0bf7fdfc
18ea15e9
f00803ee
defff61a
0708010f
0e1b18e6
fe19eff5
25162716
f9f1e919
e4202621
e520eeeb
ff1c19e6
2a04150a
f0e8ecd6
e920061b
09050ddd
170a24d2
0bde0106
04dfdfde
1cd719ee
20e5ea0d
1104061d
e1202321
01d5f4e0
e61ee8fe
e415fc1d
06e51aea
0f03f10d
e609f010
e700e0ef
dcfbf41d
fc1604e2
040c15ff
d1ed0f13
1f0907e2
d21b0419
0c08f0e0
f2e9201e
1aeffc25
dedd0edb
d80b1ee9
0de9f6ea
f8d6f3df
07eafbef
d9ebecff
f023e1f7
ea21e8e8
cf16da1b
ebe0280b
2310edd7
1701ebf5
0ddc1229
15eb1dfe
05f50c08
1d18fcf3
0ef9f8f8
1a23d3d8
fb0ad003
fbfc2109
ede4feed
feddf30e
0f12110e
0d1d2bfe
16fb04f0
260e0010
1edc28ff
1e0ecf14
171adc0c
19fd0cd8
e5040f14
fcfffb0c
f6f3ebe0
ebeaf90e
fdf9f916
e20f02e7
0a0febe0
e4d40f03
1beeeef4
d4071807
d2f016ee
e2ed1d20
0301d5e4
0d06ed10
f8ff19db
20d417f0
ec24e9d4
11fae8ec
250deb09
e91dd9ee
1ceaeeee
e9e0dfd6
11ecf3f9
e7eafffc
ff040a2c
f5f00905
0df90404
fdec0313
f2f21eea
171309fa
fa1e14e4
e20dede5
05fe1adf
fef118ef
0a1303e4
f9ccf10f
20ff1be0
fd010b1a
1ce303ec
f91b1af6
d7180b20
ed08ea12
050adde4
170ce9ff
212d0906
16e517d7
e4f9e6f5
e5edffef
03d412f5
e71efd17
24eaed10
e6e9e4eb
e423f1f2
e90dfce6
0f0be918
dff61efa
f5e9031c
0adf0d09
daebd9fd
f811fbd8
edd8041f
e1131ae7
0a1bebe1
051ef301
0b081fec
170be8e8
f107e413
192c10f5
20ea2c16
120dd60f
24d200e6
fbdd11ee
e91a0111
21e4ed19
1cff02ff
e6f801e2
00f51dfd
eef30404
f90ff01b
dfffe30f
f10726f6
1d101514
ebf426ea
f90ede18
17e0e2fe
f5f6ebe1
efdfe3ec
01eaf215
d4200cda
e81c10ff
efe7f6f9
f6fd2b0b
191715fc
02e71815
14e30cda
25effb16
d90ff913
09faedec
e6081110
f2fde6ed
ecf806f0
06fdf6d3
0a0bf0e4
e2ece51f
f516de07
fae91314
f81ddde8
ec15e2e2
e3eae6d5
1bd8ec12
202617fc
e4231ef8
191de80f
e80202f1
daf82a13
fe1fdb00
13e2fe0d
f112f101
f6f8f308
1ef2eb10
f4ebf70e
f4fb1d17
1ddf0a1b
f6d7e7ff
02f6e0e6
ff1d051d
f1e8fb09
1823f11d
05f41105
040bf7e2
16de18fb
211cfef5
110bee25
fff118fb
e802011f
eef00b07
17e8fa24
e727deea
e8f9edd3
170c1007
f015eb16
0ffefb0d
1804dff1
d70902ef
2011d9da
eee2040b
0de511f7
23e30503
ebf6200a
1cede3e8
27e116f5
0f0f12e3
fd1c0509
061e2816
f3eadcf0
fc121e21
0a0314fb
051a03f7
e710df0f
e71af0ef
1bdfd7f7
d50f04ff
f4201510
e3feeeef
eaf1e910
04fc04ef
24e4001d
060df9f0
0de01e14
0df7ffd8
1cfe1dff
dcfd2700
0ee0110a
1212061f
17defeec
e9080bef
df07f300
0914eafa
031005e9
0c1a1aee
280fffe1
1d1befef
ec140e23
02fe15ef
f6f3e8fe
dc1309e7
2909d8eb
0b16dfe5
fde8dcd5
e8faf119
11ee1a0a
241709e8
1905d9ea
17180f10
f60407dc
f111df0d
07002d1c
f4e2f90e
2207f716
1cf2fe15
fde922e3
1b1c2117
dd0bfedb
dde2eb0e
17e5db11
e225f612
131410e4
2ce6ebdc
0fff0c15
1e0f15e2
06faf900
170dd6dd
2afb08f8
08e1fa02
0215fe12
f20d0fed
0506161e
db15f505
07e51be0
0a110615
fd17e3eb
1fe90a20
2223051c
ee2507fb
f700f3fc
fa11fce1
de190f0e
220b26f5
0e0be5f4
0204e0eb
0720e6fa
f2e3ebdb
101cd8ed
1fda0b11
1225da16
08ea18e0
0f09e1ee
d9d62413
f6ff1c17
0f2013fa
1d1818e6
eeff0af9
021bef18
020fe806
071ce2fb
1e10f2d4
07e323f3
132609e5
23ec1ad6
13f1dee7
21d6e60f
011a1ff4
25e20dff
d905de03
141d17fd
ea2f11ea
1d0113fd
f0e013f4
20dfebe6
1fe4effc
ecdd100f
1a0bfb14
13e72608
f2edede7
250d1616
21e42802
1f19fa1b
12f3f6ee
fde60a0f
fefdd720
e5170710
05fa1ed9
f4fe2208
0ae3f6f6
091bd9e7
dce7ec14
eae3eaf2
e6e008f2
28e91f0a
e3f415fe
280504de
ecf3f4f7
1d2203d5
fe1cee13
f209deeb
e421f8f2
22de20d4
091f1bf9
06dbfce9
d7e521de
ddf8eb1c
16fafdf7
f623eaf9
eef015db
13f1dcf6
0cf90710
dcf7f229
0bfbe91e
2217d521
16061803
11021dd4
dc14f4f6
08eee019
1dfd06e7
e0ff14f7
d2f2e2d8
ebf7eb22
eff603fb
1ff9e504
f4fe0aed
0a00fd07
e9f21512
e71a0902
0bea0af9
fee414f0
0616edec
dbf9eded
130ff814
e50c252b
10e6f115
fef3eee0
21e2ded9
0dd5dce6
e2f6f815
ef0ce3ff
1917f6e4
f727e217
2008ee10
fadf00ea
1ae5ecf2
02efddd6
13ec00ed
f7f4f9d6
0cf7fa13
dbe3182c
f4f60ae1
1809e2e0
0b17eae6
18f00d18
20f4df18
0e1fe0f3
04e8e8e3
f7280b0b
d9151c19
fc0712f8
1f160cf3
e7211e18
04f9faf9
08eef8ec
e1191b10
e6fefefc
e405eb03
00ece2f6
1af4f4f6
21080e1c
211a02ef
f60511f1
1a06f508
fe0cfe0b
faf0f0de
150400e4
1eeced09
defced1f
d922ea15
e71cfc02
d7fa13ed
db050ef9
1f051919
18e91fe2
f71712e3
16eeddfb
1a1200e6
0d0b0cfe
1a1eece0
11030bf7
08fdebf4
fe0cf801
f30be2f8
f00ded0f
1a01e7f8
f5ed0a19
180ae113
e00de2f3
0ff51a0d
fff1d80f
e3fbf9dd
f518fee6
1efd121c
14d829ef
e80505f3
f6e9db14
0cee1519
1fe9e8eb
09f8fa03
f4fff4f0
15f119ed
fdfd10dc
1f0c1402
e504d5e7
0d1af8e1
0ae7e5ed
0501d8eb
1e0d12f9
13f2e2fe
1af11e1d
ecfc22f4
24f0edd7
240b0d14
dce41128
ede0f9e6
e9e40dda
e6eaf1db
0f051bfc
001a1815
ee1907d8
d2f81ffa
1703f60a
1ad9fce2
0f052510
f0f1e0df
faeaf01c
1118ed10
e0ea0a17
ebe6e31d
dd00fd25
0f15f113
0bfafde9
e606ea03
06f4d3e8
e3f1e1f2
09eaf10a
e616eceb
00edf30c
d9f10ef6
241900e9
2cd5030f
1e15ddf3
1aff1ef2
f0fae920
dc141619
1e080c09
e7221fdc
dbdadfe5
deef2413
e516171f
eb091d00
26e202e7
eff307e4
00dbfafb
12f0fdf6
02fefc19
ef16efda
dd160306
1a1412eb
191917f1
e9eee914
30fa0f11
ed161fe1
f8f812f8
f609d3f6
0915e01a
0de90ee2
151fe1e0
f00c0ee0
18e71fde
ddec0cf8
e9f3111b
e8f4090f
120016df
e411ec0d
ebe0e6e1
ef1711f7
171be9e9
1214ef1a
e904e2da
17f91c02
f7e4db1d
0201f0dc
00d8fb09
1d27f0e0
14d81bfa
fbf20ae5
12d12105
e200e5f7
dd181f26
1ce7ef0e
1ae8f5ea
1b14f01d
d8f1e614
eb0e071f
f9f3e0e0
fce906e2
f8f71416
daeb10dd
1be21f22
f2f1ddf6
fd06dfec
f609e20b
f506da17
e0e8fd02
fe0f1d17
ff170804
10fc0b1b
0bdfec13
f6ddedde
f6021ae6
181ef8f3
1d01fcfc
0f102ad8
d6e3ed18
1d1aff2c
0d09f5e0
f8fc17fe
e515f4eb
0ef80adb
13e2f207
e307e7f7
de0c01d4
e50a23ff
160c13f4
2dfbdde9
00db221a
edf61bf6
12f919f3
04f41df0
d616f510
e41ff3fd
fcf30e1a
e9e801f7
22ecfedd
ecee1112
e70c10fe
11e81e03
fa1e150f
eae1d6f1
f7d7131d
0407e420
ff17100f
07daf6f5
19df1916
0d1c100d
fa282810
04eee2d6
031fddf1
1c07e912
09fc040d
05f40feb
e1f905ef
f92bf4f8
190a16d8
030b22e9
17f711f3
fb1a1704
ebf31713
0bf000df
fff91ff5
10210013
0f120c14
df25ee0c
1afceb04
04f71c0c
1b1c11fa
f4eb0523
1204daf6
1814dc15
0c2ad7e5
ffe2f31c
ed1ce5ef
23edf7ef
faf6de1e
e61b0112
f8d807fa
181d0c00
18eff0f2
002800fa
f2dcf5ec
0bdc1efe
e804da25
ff18f0e9
1c21e8f9
052512f3
e705f3ec
04ffebe2
ebdde9fb
040d0f0f
e0d4251a
131728f0
0202dfda
18e8f5d6
f4f20de2
09e10205
f616f6df
27e6e2f5
16ede9fd
0301ee18
f50c1c17
ec03f20a
040ad609
fadc1702
0f06fafa
0d23e61d
f0f902f2
0d171c08
dc0bf206
e0f21f1e
e605f119
e8050609
112906ee
de121a1c
0f1f12e2
d827f8ea
e826f619
10ff26d3
0f1321c2
f71112e3
e4f4d50a
f60a02f8
1006d315
11d10e1a
162bea11
1ee2d407
1120e9dc
e003f7f2
20fbe6db
1f07e1ff
ce020fcb
16f220fa
f9fff2e9
ddd909fb
e1df0be0
f4f61c0e
ed2011e8
fedbfefb
f7dadff9
dbd5e512
eeeffef3
171b1e0d
d714ff09
02e3ecd3
08f911de
061df410
1ad6f0f3
0514ea15
02f305d4
db2b1ff8
f0dbc7ea
dc0c0eec
f7d3d4e0
d911e0e6
e8e51218
efdbeb0f
e1f20bff
d51bf7d7
23ffe604
f3dbebe8
e9dade16
0e0de4db
10fbf2d8
15100fe3
0608e014
070cced6
0f00fc11
0221ee19
0e011ddc
e5e0d4df
16b8ea11
06c9d8fd
feefeb1b
d7e703ed
d114030f
0a1ce9e3
f307dc03
ccdf11eb
f51d1ef9
0dfc0201
eedce700
edde24f0
e8c0f6f0
1de8f01b
d9d7eadb
03eed7fd
1eea2220
fcdfd709
05e819dd
ed32d6f3
f5ff29e5
0f0ae8dd
1b01fbe2
0cf9ebd2
fb0014e4
d9d5daf6
de0610ca
1605e607
dad8070d
f9d8051e
1c07e80f
e8e4e302
fdf0e91f
fada1d00
0bf1f113
12e90ddc
fbdfe4ec
e70ce40b
1aff03ef
1aecd5e8
13d6dcd3
0912e1d7
0c2400f1
07f603d3
f8f4e6e0
14d7fb03
f4d9db0e
ece717f3
0302d3eb
fb16ffe9
c91b02e8
0311dd03
1fd609e5
1de0d716
1dd21203
0ee2062a
f5e7f6e7
f50ae00a
f4cfee20
f80ce3d3
edff1118
060af6ff
ce131bf2
f70aceff
0bcd250a
f3e5cdfe
02d611fc
fee31ce9
f00df817
e217d917
0af2d8e1
d9fa03e2
03eceae2
d90be9f7
f9f4d013
d7ff1517
07ccd5eb
e2e7f80a
f2e8e3e7
fe15e9e3
1ee0ef0f
e9e6e5f9
ecf903f9
ed16ebf3
f1f030f5
d41affcc
1519161b
0dd5f009
0a1cdadc
e0f6f9f3
ef14d1e5
eb07e900
f4f6fceb
f81e2906
19e71203
def00d1c
d2f10106
e8e4f8f6
06e60ed7
1309fc14
e201fa0f
eacfe1db
fddeee0a
e60efcf9
e4f104f0
12da1dfc
d91615e4
1301e4e4
17fcefd6
22d8f2f1
d0ec03f6
f8000a0f
131f0d0d
e8e4f512
e7e9ed00
f316d80a
ecfa0fd7
ffdedd05
e5dcf7d5
21121718
ff350617
fa01e5da
07f50403
01fee8dd
07fdebee
d81de9ee
14fbd9d6
1ae7d2bf
decdd208
14e9ddf3
e019f90a
050b02e0
0b17dad8
1fe917d5
fd1f10e5
03051413
13eafe12
dedae3db
07e6ced1
fdebc91b
e2eef2d3
28081705
cfcfd7d0
ec2cd9df
effcfc06
15ed1dff
fdf7eaee
fe371dfd
ecf7f4d7
13e5f416
45e21bf1
16e5e8f0
f9f200e4
1007efd5
100fe6c4
e617e0fa
d719fe04
16381505
ff0a290f
ec04f9fb
00ebd7ed
dfdeec19
161a1ee3
ddf602e5
0500081e
12dc1cd8
05f3e0ed
231cdaf2
e9fffdfa
1c1bea16
e435f20d
030ce4fc
1c10f4dd
e5e8eae3
15fcd923
fa160912
06f500f0
18e109f6
b804f3f0
0d152215
26f4dc10
f00813fa
01160ce3
e7e01ddf
0c08ecde
02fe22e5
dfd819f0
16fee213
04feebfb
0fd621fd
e4e00ed9
d7ffcbe0
05e5effb
0725e706
20070417
0be8dc20
0504daeb
1ee50908
f0d9f809
d7d808d8
1b0e080e
07c60ffe
17fb020b
e21be205
16cbee06
0e0f03fc
03e6d00b
1221e0e0
03d50d15
15281df9
1ee0e5dc
d524ebe1
01f01e02
e3e0de1c
32041ada
df1e09fc
0eeae8e3
1010f30c
f9d81ae0
e4eedbfa
cb141bfd
0cf105da
f0d9eb08
0ef4e3fe
f011e319
f8dd15eb
ffe219d7
1edc17dd
1224f7db
11c600e2
d806fe1d
e8e8fa08
0dd7f400
d31af402
0d1122e4
041202fc
1717ebf3
e11cfff8
f0120325
02def0f2
f9e50a20
f2d700fb
f1dee307
e718ede8
ef02e40e
06f4fbf7
0dd7fee4
14d9e004
0600011d
031301f2
ed081fe4
dfedd00c
12e4f109
eafc1dda
150fde00
e10ad5e0
f214d7fc
e107d915
08eb0116
ed07d6f9
0216e100
2bda00f7
271b0ed9
e114e6e4
f712e9f3
e1e7fbfc
1900e3f6
dd0a0516
edf715f5
171602f0
1413cbd5
d90ee316
09cffa1e
0629e712
e80ff1d6
10f7f6e6
fd1dfb0b
e102d1f5
2e03ed0e
e819d30d
15fe2100
f2d20bda
de0c18f5
1004fc05
c6f0f9fa
d51809ef
0b12fcd3
0cd4180d
c4ea14e0
fdc9d5f4
d9fc21e3
e4140ace
1c1220db
15e31007
17de0fdd
f3f4f5ea
f3190e07
e9dadef3
0d040309
ddf4eaf7
fb0003eb
1ee500ed
d3ed0cf5
ffdc1811
f6f6dae2
f40eda05
ddf10e1c
f001f50a
2c10d2ed
eeea01eb
df05f017
e3d7f503
f6fb1309
dc28f70f
f50201dc
dc130612
d6ee18e9
ed0ee0f6
fefeed0d
18f5d0e2
0beb17e3
1820cc12
fbfa2a20
02d816ec
f7f410e1
2917ffe9
1c1af408
d6ece5d2
ecfae1d4
00ec131d
d408dddc
20e8f900
050afdff
f30704e6
d0f6d61b
ed2dd502
e31b0f0f
070b0204
14de00f2
db2bfec9
fdf944dd
efd8e626
0ff5e41f
1eff0505
2206e83f
131c06dc
dff5fbc8
05e1fefc
0012031c
0f05d20b
15050a20
0edff61c
01ed11df
0c18e8d7
d71218dc
290df1e5
db251d0d
e9ece1f6
0509d1db
0ad1df21
e40af0e1
d10913dd
fb2edcde
18f511fb
1adbe803
f10416fc
eceb1328
1312fee1
03e3f8f4
ebfb0cde
d4fa0706
120b21e7
1f04f1d0
1219ff10
0410181c
f1fe1318
fc0d3cf7
20172907
e0fadfec
06f21104
e1311609
ea0f0afd
ddee0703
f9ee081c
02cde61d
1effe8d5
0f1e1bd9
f7e60cf2
1af6d4f4
f2d6eeee
19f6fd0c
fcfc0719
0aefde14
06d70a07
d3e80d01
1a1ae9fb
160821e7
1ff4edd2
1aeac5ef
0ff002f3
e3fbf7e5
07ebe11b
06f5fdd6
002611eb
ea062ad4
d7df101b
fa14f50b
e41722f7
e0ece3e6
161bfe08
1ed8eee1
d6d30d13
e10ff901
0312ece9
15e529ee
1310f503
f20b15da
fdda0bd4
13db3214
f513e20d
fc340c0e
1bfd1ade
1603eb18
2718eee6
e90317fc
1b17efe6
0c2709fb
fe161ce7
00fcee1d
ef0dee1c
09d80624
f5fe0ffe
19faf511
0ef51704
dcd9dbf4
1b1f0312
0400ded2
0eec1aef
f10dfef2
24f2fd18
f7fc13fa
0812db05
13dde8e1
d612cf15
e0dcf1fe
26ff15ff
04d8211c
f5170215
01d1ef08
1a0fcb0f
f92b24e1
e9f90307
fd0dd9ec
28091fdd
19e9261f
fbf019f4
e70de0e2
19131ee6
fdf435e4
011dea0a
13f9dcff
301329fe
dc05ef1e
e8f514d7
11e3ded8
04f6fdf9
02f71c16
0730da05
1ce926ef
e21be3ea
fbef04e7
fffe180b
0e19e51e
fdee2107
10111b11
f1fae2e5
fef3f4ea
12ed19e4
10e13508
f5d51af4
11180018
0a1015d6
dc1422e9
02f7e2e0
fbffdded
fe02fa15
0adbee0e
dbd615ed
ea010ef5
f1f7f5ec
f7512201
0314f300
201ed7f2
1e01fbf1
14010a25
feddda05
ffd4ea0f
1109daf7
00f3f0e6
00f8f700
06070710
000e16f0
02f80903
02fa09fa
da13fbe3
0fee0ad5
f1f1de02
0d15d6ff
1fe8e5d9
ee0ce3e2
2d071adb
e1080b04
1ff80e02
19f6e6fd
050c1007
0209ec01
09f2e902
2405e7ec
16f3fced
180b14e4
e408dcf8
fdecda1d
e9ea1dd7
f303f71c
060fcafa
1ce52803
f3e81afc
020b06ee
0f16f816
1b00e1f3
ecfdfb02
e30204db
1f0606db
feeeff18
2e1c0806
17f12026
17e4e123
dc1afadf
0c2020de
da021420
dc1c0ee8
0fd8fd1c
0f05ecdb
1ef0e8da
ce06eee7
f8f0dc0a
e61cf4ea
ebe8db01
2f02e812
f00c1117
f41dfdfa
d8001e0f
030917e3
fede1bfb
edf4dbfc
3e20eb15
0f12d6e7
f9f904dd
dce514e2
1ee808eb
0df5cedd
07f918ea
dc190aea
e7d503fe
e00ffce0
e4e1e013
da0720e0
f4f118ea
e8270ae6
ddfcf70c
e3d22016
e7dddbfe
130ce415
e6d82409
0b262314
fb1726da
ddee0122
1017e32c
f91729ee
f7f9eb03
13fffe01
0fe204e8
e406021a
f721e73f
d6dd061a
f5290a1d
09fef1fc
d6dbfe00
1c190efa
041111fd
e2ddce1c
0bed0500
faff03f1
3013d800
fd200afa
e6fde8fb
fef5fff3
d6e9eb68
271e0afb
1bf322f1
20f51f22
e31d14de
f923f8e1
d7f41b0e
f30cfef4
25e5fbe9
d5daece2
fbd708f4
14fb1ae9
d806f40a
f9e605dd
16d6e4fa
1f0b12e1
0bf9f6d0
eadd33df
ffe9f2f8
f3f2dcf3
e1e8edf4
0bf5e106
edf615e2
07ee08f9
02eee403
24e8daea
12e92a0e
dc1be218
030df621
2e0b1d16
06ffee01
fdfed8fe
d7dee118
0edff203
01efe8d8
db21030e
09ee2513
d8f10afc
17e2f0ff
1c22f2e0
f01c0fd9
cd16f7e5
f61226ef
e5f001ec
fdf60231
e4edf6f0
25e7f5dc
21f3eb0c
29fff9e2
16fe0aeb
0106012d
12fedef7
05ebe9fa
e3f909d9
13f52408
0f0aca0f
131ceb17
fc020717
03220207
f9130aeb
2813f9f2
0119ea05
fd25da12
1adc1fc6
f8fa1f2b
e80cff0e
f30d080a
e61619ff
06d50fe0
e103f6df
17f0eb28
d7d0dec4
0f1723eb
e91414c6
04f5f7d6
1af8f4da
1cd9fadd
0ae00cff
ef060805
fc20e7e7
e43918f4
f7e6f3fe
dd221002
dfd6e319
d9080124
f52007ff
19e2f103
f6eee0fd
ddf9e505
18fb052b
d5121f00
e7f00df2
f513fc01
f2d6ddec
d41701dd
e7010ee6
e1fff3f7
2110020b
12fd0501
092000e0
1818f31b
04f9f815
dbe7be1b
e905d706
001aebdf
0aefe710
05d5de0c
191cd218
d608d50e
0e080af6
0af51fd5
f2dae20e
06f3f1fd
d80f0df1
eafaec11
e8f4eaff
e41dd4e2
f70f13fb
eaf1dae7
f126ed13
2e1c06fc
15051417
0d12e9cd
032b0b03
fddfdb0c
dff60d28
0b15e5ee
fc0611f6
02f72737
20d2f008
ddf74604
edf1ff33
04dd0801
e5e0ef08
fa051011
ec0cfcf4
0aec1708
eff92002
f809da12
d21afeff
ce29fd0a
fd042c12
0df3260a
f730feea
0bd3d0dc
dc071aef
16e10dfa
ead8ddfe
e0e72600
0e3ce40f
1cf403e9
20111ddd
17f8d00a
f00211f3
ec0208ee
07fe0209
3adfd5e4
d8e80ff0
02060903
2ae80fed
fc08ea03
f0d5fdd7
16f8d4f1
141f2204
e01f2cfa
0706f2f1
f318ffed
de35f4e0
d10c2dea
01e10e0f
1ad80be1
e3d3fb14
e2f90716
dd0604f3
f9e0f0f9
15ffec13
420ff71a
19e4eee8
19ffe334
0de9021f
f7141e0f
ed4a3501
fd07e5f2
0cd90cf5
1ff205fa
1213ee16
dafb13d5
c9e3e603
2cefdcea
d2f8f40a
e00d0ed6
08de18ff
170a0026
f40cfd05
e4f7f2f1
f0e1fa23
fbee18fa
dc27f6f0
1dcb2502
280b0b0e
31230223
fee4331c
f902edd8
e6f72ee4
f513fee4
f9111c18
f705f2f8
133ef0f2
f7e0f912
0fea0005
f00be8e5
ded9fd05
f1f4f2f8
f8f41def
e2110526
05f61d11
e4f9e9f5
fdef1f26
e1da1113
e3f816f8
3507fee4
ffd51613
1d1316f1
03e4e71a
d9ff07ec
dced1add
f006d3ec
1523f3e6
0d2e12f5
f7e512d9
1128fc0d
edfee502
d312d9df
fa1515d6
fa1724e1
1a0722f4
d82cfd09
04ec1eed
e4e0e0e5
f2e4dc03
1edceb04
f4edec1f
1f1ddf49
f9e6ecdd
e907f604
ea29e4df
ef08d5f6
17eef61d
df08fbdf
10dc1518
07131bcd
e0e51c17
11fce919
02eef731
f6ff11e7
0ef816e8
0b19df38
18eae0f8
05e7ff15
1205d41a
1cfc050c
d714f503
fbd7ec1c
07e7fc12
1208ec04
e61cebfb
1ff0f9ed
11222908
21130015
060af0e5
fdf705f3
2e021c16
fd36241b
fa0b04f8
0318edf9
db17e4e9
00ecf6de
da20fde9
1de3e1fc
df27ebe5
0af6d7f5
00e21d00
17d10a0a
fdd4fddf
22ef1cf2
171cf518
100105ee
f81418f5
05fae7fa
301ae5e7
f304dc2c
e4152cf8
01d5e8f5
0a0c010d
0602e9e3
f9fed81b
11101800
ede0fee5
291aeff8
0c07ea1b
15e81bea
1a1cf90e
ea1a0217
ecf8fa06
2412f50a
1c10eb02
260c0bf7
fe1ed8f3
e30d0a03
fb0fe526
fa01d103
15250c1e
29d81b12
03f6290a
2e2d06fd
1d0f0800
2df8f90e
cceeeefc
06210edd
def608e3
f4fcfe2b
f300e91b
13e34102
0f0cd819
161bf205
d1f401da
e1204302
34f7fe0c
291124e4
de0cee07
ee0c1914
dfe10e0f
0c14db0d
e1fa00e3
f0dae000
e2e7ec1e
e629d718
d5dd3beb
0510dc1a
fa0dfe0f
d20af0fa
d820e901
04f615d5
e406f20d
dfe0f701
0a081403
ecedf418
03fb0025
1bfe0a29
120be91d
ebf30935
df2119df
1f05dcd6
d5fb1307
2b0e03f9
17ec16d9
e8220f00
e70d0c11
f7f6e210
182409f2
16f9331a
00ec1311
06fe2b30
e6cde20d
cf210123
0ae6f5fc
eff0dae9
0717f806
1a0e22d4
04e10c10
0923062e
e51d13f7
ed53111c
e12707f3
0af9ed01
1cff07fc
f2f90bff
df1c05e2
22e0ecf7
edffe40d
3f1ce51d
f6f2ff0c
0404f0f4
d806e82f
1017f1eb
d8e9e8ee
18f532f8
32f80d02
0a1bf1f0
d5e805ce
f9081818
08f4100c
16fc191e
ebfb2d12
03f7d7f9
c2e32fde
eb1ae41b
fc24ea07
ee22f3de
15e8260a
fe0c011e
fb1b1ef5
f320eff3
f3eb0303
ebf1da2c
e3e4def1
06e609da
e820e5ed
f8e12a13
1111dc1b
15022713
2308e9d5
1bddf8fa
daec1af2
04160218
0edfebec
22edfce6
fd04e221
ff19e500
fe29f712
eb2817f2
041d0fef
d7100ee9
182902d8
d7e023e5
ff09f1ef
0218280e
01c5e8da
e303f1fc
de15eef9
fc1bdd17
fdefd427
190bd9e0
f7e2e828
03da100c
fcf50148
e73fd4ef
e6f825f1
f1090cfe
e11b0637
f7e1ecf3
e30c05f1
0218e016
1c29d419
1e2918e6
1401cef6
17f6f200
e6f7141e
f90ef53b
2225d828
f4e6180b
171d0320
d9d80a07
f8270bd6
d8f205ec
30062107
0efe0b14
ef0303f5
0816ece1
def006e8
e2deec1a
f60d38dc
ebf0fef7
f7320b23
f44a0909
04e5031d
cdfbd922
e404eee9
f2210d1f
e71af315
f2e70a13
05112de3
ff05ffff
0304e002
03da24e2
17fdf5fa
2212dd07
d8eedef6
17e30d18
19e920f9
d8f51908
fad5fcf5
fa14f413
ddeb1c1e
e6eaddf6
f0f213e1
041cee12
e2ede906
eadb140c
06ffeedf
fe03063c
eed61e0e
111afdef
ff3e04ff
39d70815
090a1ff7
081001fd
dfe0001b
3815fe12
f516e424
0e2ee72b
190deb26
000b0fc4
fee1da03
1ce609c5
d703f7ed
02021136
131d02d3
f818efd4
e5191c04
03d1e815
ec13faf3
10e8fdef
d6d8f114
ed1cf303
0c1518f0
010302ed
e5d3e423
ecf7d81c
1f04e8f0
dde904f7
1efedbdf
e4dff3e8
edef16db
eddfefe5
0fd2040e
050fffe6
d209e5ee
e1aa1520
3b13e7e5
0f0f20f6
f6eafbf7
f6e4ced1
03151c0b
f90419e8
0501f52e
1eeb13f4
f60ed433
06d5cf11
e8dc131e
0c0615fb
00f9dd15
0cdffcff
0fe2ffe5
37181cde
eae509e1
d90ae5dc
13d21417
02d0fa14
dc12f504
f40900f1
e4071afb
2bf7f1e2
08e5091d
ebece0cd
e0fa2dec
2c0c1b1c
2214180e
d510e916
efe201ee
0ad3efd7
03f8def0
e8ff06de
13d91b05
040be9fa
080bfdfa
e9eafb03
ec05fee4
2b0105f3
07fbebf9
d01f1833
cbf6d903
29e81ede
f428eeea
09e016ec
121029e4
f60beacd
fdfde5fb
fd0ce81d
20f5e8e5
01f30e00
041c13fd
fbdfde18
11f2fb05
1009f0fa
e1e4d6b0
f817f31d
f10b07f8
fcfc0b09
dbf6f011
15e60406
e11cf012
e6cd18dd
0916fbfe
f607150c
e41815ce
12f4e9fe
f0062919
0cfd1501
13f705f1
f00416f9
f5e11120
02f4f6e6
eed2ed0c
d5f72301
fff9e204
1f02ea02
0de5f2da
11fb0309
150d04d1
eb1aef13
0cd5d520
1316dffa
f11bd9e1
faf1f313
dae216e8
fa04f010
18fb1ff5
e9050911
1613ff1a
05e803fb
ff1efe0e
fcf2ece4
f0fcdef5
2bf7e1ec
0ae60821
e30616e7
e21e1c0a
16f81af5
db1920f6
1407d7e6
daf9da00
e71927f0
f7111dd8
f51b15ef
00d01200
e8e5ff04
d72c0b0b
de31ee29
ef0108d9
17f0efd2
0aeadf17
08dc04ec
2523dc05
eeee2007
e51a0d34
f519c5e7
2611cbda
ebeb05f5
16d704c4
d8dcdde2
0fdaeb1c
2ec9f121
21d32c04
e8fc1506
02eee6e1
fae6dc14
100302dd
0dea0815
ffea08c6
fc09fd05
dce7f5ee
10effeea
ed00e200
05f20b15
0e17f52d
e81ef603
1df3081c
01e5e6ea
15fcf4ea
30e6fffd
22080b09
191d06f6
f1e1e5da
15e2fef4
fee8110a
f0d91113
03eb0be8
d512e706
ff0ffe06
f61adefa
12e2f1dc
f0da14f6
0d160412
09ea23da
10241807
10d7e5f0
ed1ce11d
f503ea17
eaf7f2e6
2407eeff
f4fa11de
fbf90505
151b0fdc
fd16f5ed
091a15fb
03e8e9d9
f717e4d9
f6140f21
f2d60706
00f7decf
04242c1d
10c0e0c3
fb08d70c
d8fff2f9
faf21b0c
e8e9de1c
05e5fb09
00fef309
eee804dd
f0e8c6e9
f0d7e1e1
def8e1d5
d7ffd5f7
eedadf1a
df001419
fe12f5ff
0ffae9f1
e9db0c1f
d7e8f4fc
efe8fdf3
d70ddded
15e80fde
e30a0fe8
f4e3c8ec
f2cdf6ef
e6d61bfd
1c0fed25
edfe13e2
1906ec02
eee20107
1b1233f6
fdfbf4f1
c80208f0
faf018d3
f907fce4
0719d7ef
10da1b16
f2140afa
f4e82815
2adbf51d
07f01906
fa0205de
eaf5ddd6
17f3fb09
feff070c
ecfc0ed4
f9edf003
13ebdfe4
ca1af0ef
150d1d00
fcd71cd4
2614edda
efee09f0
00ed1816
efddf0ce
13c00120
e5dc001c
1918d2d7
dee2fac4
10e4fdf2
0b06ebd4
fd33053b
ffce06da
1af600f6
dee70c24
f6ec0bf9
e30a07e2
fffcecf9
02fcdf02
ed1a0913
09022008
db081c18
ddebe112
f3d5e616
1c1bf7e7
3bd4e1f6
03ef0bfb
e7041afd
19fc28ea
14f316e4
f4d30d0a
dc10dfeb
cdfbedf5
ddd6f8dd
e4eae4f3
fcd2fe17
ea2ee715
0704fde1
0e0ff0eb
07ec01eb
000c03e7
d7e60bf6
0edee7fa
1303fd0e
0207ed0e
0b0edbe5
18eb1d1d
39f3d3d8
e506f012
32e9ebf9
0403f813
0b15ead0
e2ef2306
04e61b0c
fb08ec0f
f11decf6
0fcfeeff
3d1a0bdd
fff7e7f8
e8000be7
f6fb1605
19060fde
edfff3d2
11e51e0c
fd1ce90c
fd0102f3
e7f5e702
ffe5f3e5
edf217fa
d90c0003
fcdefde3
e0e602f6
f5e51202
33f5d7ee
080ffff1
db161c08
fc021d1f
ded9e4f0
d5242716
dc0111ec
ff1122d2
e4f4d406
e8101ee6
fafff111
ea0ff4ce
f807e719
f31d10e2
f00cdce7
11f611e6
222108f6
1008e4db
f716dd02
fedd20ec
0c161e1c
040e13ef
0ef9e8fd
0d0514de
250615f7
060bd815
0ccbd8e3
0cebf90c
06e6f6dd
07fe16eb
041d0fd8
0bf00ee1
e315fae1
0cded21d
0ddcdfd4
fee808f0
eeee09e6
1ff72112
29ef2be0
f5ffff01
11df2102
00d702f9
fd0505d5
f5fdf3e6
eae3fc1c
ea0d1ef2
e3e50513
d9f4eefb
f72219e0
0d0cf015
171e0407
e213f10e
ebd5e2e3
cdffdc10
d50eeced
d4f50e07
121fefdd
e4da0512
1bdf0a09
04d8e7de
fdcadbf9
11f32a02
09f7c221
d9fb1ab6
df0311f7
d83e011e
28f8ea26
131c0c04
e211020c
e924090a
f014e5f7
e8072305
f5f000c8
f924f503
f1fbfef6
fcede807
ea12faf6
0ceff9ae
2a2aedde
40f3f902
ea0df4f2
e5e81bf5
f516ff1a
c6f5e6dd
e4e2eb0e
142714d5
f608f837
be14f014
0cf90836
f5de1521
24f5f4ea
0924f024
f8171604
25150bd7
1df40b15
dc1c06e1
d410e8ed
03dc1de4
0313d5e6
3e0116e9
e5320f02
f0080e35
f52dfc10
e124121c
f01616ff
dc01ffd9
ca000909
fc0c17ea
fa0818f9
efe2efed
f2d2fb18
0d0ce41d
f31dfbeb
3503e5d8
0a1001fa
06b4c40a
073215f6
05322013
eadadd11
e8071ff8
e1f7f8d8
170ae916
fefd0be0
2e19e10e
1607e419
df18f70f
1916d01d
103f18bb
19d70004
03221d0b
1c02cf27
eef10fd6
0ad1f7dd
f8f60723
01112bcb
04dc1f15
e532d40a
1a1a14db
f7fcffe9
f40de8d0
20f320e6
e104f5ba
de28d5ef
16fef7f8
16fadae4
0e000e21
e808fb1b
001cfdf0
efeee305
d90a00e1
f1d5f92d
fc1d0f0b
1eeaf632
fe173a0e
1ee80b0d
f01c1bfa
06daf21d
fa181313
0a160518
041512d8
ed011903
26f5f7e8
0a2bc2f0
3bfa2414
c52defef
0813f516
1bfcc824
f8100df0
e81aff21
1ff103f9
cb0f1304
07162d04
fd09fa03
0905f6e4
edfcff01
e104e0fb
080af80c
40dee9f1
00e50fc0
09e7d001
ef06eeef
b1f7eee6
0703e419
01ee1a15
e0ebdaed
eef0eafd
08eef70e
0bf612f3
f7fd1223
e60b1fe9
10fbd226
ddf90be8
180ce1fd
110d201d
de1f0b0e
e4010807
00e50c13
00ee24f1
1dd7fcc0
1af61ee9
e10aedfb
3425050b
fe05de14
f9d72014
e41cfa0e
e2f10bd9
edfcab01
2ed90704
26eaf5ee
e8f6f321
19ed1ce3
02021ed4
1f1c0c1b
e70a0ffe
0ef81819
fc3017de
130804f4
070bf2f8
1e0fe92e
e714dc13
f2f92505
dd271709
d4e4ecec
f02342e2
1209f013
f11fd409
fd2304fa
29daf20c
0002db21
1d1102f6
3fefed30
25e1e9e0
0ffbeb1b
eaea181e
db1c210f
f61d3018
f0f4d9fc
16f7e5e9
0af7fbfd
0e1bddf5
0df4141d
230ada07
2bf23701
dcc2f915
170c2430
d12b28fb
d2180508
ffeee70f
fbecf002
0cd81b16
06d5fb0c
03eafae8
fcd80edf
edff2fe8
dc1d10f0
19fbe506
f3dd17f3
2aeb0016
202ae3fc
da1302e4
011ddd2a
0016c2e8
02f302d1
0de200ef
1401df3b
042021ed
140c2712
fde32c08
f0e21905
24e106e0
0d132c15
e806dfe7
1d0215e3
1a1605e2
1af0d318
d223dbdc
f2eedbe0
0ef232ea
1d141df5
100f04e5
e9db1312
ede9fb20
ec0cdfe4
d9c9e9e1
f0fd45e0
d90bfbf3
25eceb0b
d7e8e7c3
1cd8e0e3
2fe815f3
ede20ee1
ffdef1d7
fce5f9f1
e0f6070b
0a02e82a
f528d81b
091c1409
0ae80606
f3e6ea19
d71f21e2
15eadfe4
e4e8ce01
d1e3cf05
021beef8
f8e321d5
ea0413e8
f2f9ecf6
ffabd01f
de0fdb04
182f2ac6
10d5e9e4
e8fef3ea
02d420eb
d8141b00
2aedebf1
1efc03d5
e72bf8fc
db121421
08e426eb
0f0916f1
3f031e2c
23170b1d
d91d15dc
0f3900e9
1d2d1f1a
e417c1ce
f3231bac
14f42d2e
def1f727
27f60f19
18e810dd
240a1e47
dde6fe21
1407e1ea
ee232408
ca05ef27
3d3212e3
e4ecfbe8
0ce9e018
d215ef16
c317edee
d8e6fde7
e2dde700
de31dbfc
fa1eefd5
cf05f2f5
dbe21b20
1a01d70f
f2e303d8
1cff0fed
090e1f0d
dc0cd2ff
f401fb0c
eed609ff
e2e521e2
040f10dc
f8cdf1f0
0202f213
f41a0f32
e319da13
eff210f3
12021017
16fc0111
e04c15d3
d4eef717
f5e0f601
17fdc907
effd01f3
ecea0f09
ef06dee0
2be6fbe5
00eae8e3
fc3106dc
290eff16
1de9e1f7
0f1fe919
211fe70e
e5133a1e
2f1dd704
0efd0ed1
e2f9f7e0
033f1fef
0c1203ea
0de90bf7
2add14f7
13e81c1b
e71f23fd
dd381519
3604f117
f22ad50a
f10211d4
f713f40d
e9eb0b2e
0b23e9e5
f7d808fc
03f5253f
da15e6ff
f7d7dda9
3b09f006
eef31ed9
1dfbe81e
e8e630d8
d9df091e
fafdc709
fa1313d5
0b22121b
17d900f3
cc371fd7
f125e502
e0f904e5
e531d61e
f6e5ecdc
fad91407
dd261c0c
1eedf7e6
f60de1ff
f6daf9f3
150dea0d
17021ee4
e4e60d1d
0bcfd3eb
0af70107
ee0ef114
db01e5f7
fbf6fd26
10e80c12
2d03d7f4
215228de
10f7f708
ed00e117
0a15c7ff
1ede16ea
da1cddee
ebf117e2
06eae1d2
ebe31303
16f0e1f4
11f714f2
040611e6
190b0e0d
efdfdee6
ee1735ff
19e21bee
1ce6f91e
e8eeecf0
12411eda
db2b0c19
1cf8cff3
e7f918f7
06c91d1b
efe7ccd4
f61de0d1
fcf5052f
fd0acbce
e7ec1dfb
19e90ff5
1dd90404
dcf514fb
14fd0dfe
1f0c27f1
e4ec2502
ece405c7
1fd62407
f320e707
f2d628eb
e2d121e4
f4df0619
d3072217
e237fa01
1efb41eb
0104e41b
0927dde9
e2d9d910
001de2d3
e1fddee9
eb0ff101
0f0f3c21
d514171a
080afdec
0707e7ec
e60fd514
d9e713e8
1af0f5e3
0007fbfe
14fc1ceb
ec09fbdd
f418f605
2bee1bfc
d3ffe411
09e00ae3
2919dbe0
e1ebf918
e4e8de01
efea0808
0709f1d6
1b22e81a
1120f21b
dae3040a
05dffaf4
f5b01ce0
0b2ad910
2def380c
eef20910
02dbe2e0
32e5f6e8
0a0ae4e0
fdf7f515
191ee300
e808feef
d635eae9
db0d13e6
ece80eec
1cf2080e
03c2df1c
e21e07f7
ed07d5f1
35fc1c2d
f2deb4da
ee2c01ba
f6ef200a
d8f30604
d62217fe
fae21414
2b1bfd07
190c09f1
0ef8ddf8
ecfc0823
c5d70b1b
f5120be8
1516f7dd
d81e0a20
e11123fd
ca3ed9f4
1af11ee7
ffdef6f2
f508041f
0a170ef0
f427def3
05e20f12
e7fb12fe
da120a1c
1541010a
1e0b3018
e0ecf4d3
0ee0c5dc
f8d80829
e11132e0
fefcc913
f00a0af2
c6f202d4
fb2e0f13
25faf514
15f0dbef
f0160c00
21e5eff7
f6e922d3
0e22d4f9
08d4e3e7
0df50e17
14f8d70e
071c1901
e410edf9
1e04e725
0eee17df
f213e60f
2b2f1c09
25ece917
f31315ec
edfff4fd
ea0e05e2
0a040f30
d5fc0fd2
fa09fbea
1519eae7
f53d011f
0217f6fa
1becf90e
0aebea05
171aefe5
1936eff4
2905042b
d211f4ed
28fbdfcb
e5f6f304
f5dce510
041adc14
f0dd2211
1019ee4a
ece3e701
0703f7db
37f20312
f5fe04d0
19f71bf2
e3ea0afb
d6071b1e
c9e6ee14
f50b1cd7
0bebeb18
0a0ff305
0efac51d
2122eef7
bc1012e0
ee030be6
16ef0cd1
e8092901
040a0c09
25ef261a
20f7e10f
24d9cf24
211000f0
0b0c1917
fd0cf301
35dfeee7
eafd16d2
e51c1f01
f2f0efdf
e71fe7eb
07f1ed22
ed11de27
1efa15ed
f6e1e407
0602fae7
15efe7f5
f3eeecf2
14f5d20b
10f5f5f3
fa16edf2
efd1ebdf
ea09ee0d
1f2c080b
1a0d1dec
1d2a100e
161cfddc
eef60a1d
f3f918e7
11040d23
eaf5faeb
182fec1a
1a1c0027
dafe0513
0cf01529
2cfa2de4
28ce16ee
f4fce8f2
03042641
07d8d5fd
02e109fa
11e021fd
10f727e6
dcf5dade
d806f603
08fa1613
1015dbfd
d718edc1
e010f4ff
051ceee3
f4f5e10e
17dbdc1a
1efcee02
c4fffe16
e31e06e2
d71a0c11
1210ee2d
dff9e8d6
1b1718db
e303160f
0a21fd11
1221defe
05fbe7ff
171f1904
f9fe181d
01df15f6
051eddfc
eb181220
281d110e
1afcf20a
faeff128
d5e6fe17
dd1c1d24
fc1d1bdf
def31df3
fc1ede0d
08f0e422
fdfa190b
ef1c01f2
17d31601
e6f0f4e5
100b04dc
0ee229e2
29de21f9
f50f081e
dfb10511
152f11f3
2c1a33d2
f0e41ed5
f4f6120f
ebf704e7
101e0116
1d08f7f3
f71bf70e
fa1fe7fe
def51a0d
f208211c
e2e8ec05
0514eef6
1b0314e7
2e06e0de
f00400d9
06e2ef2c
e507c4cb
f21aedbb
e2280304
1ff2fb08
0827e01e
0dd9fef5
0d17060a
dad7ed06
01efd3ae
e407f6d5
d41d06ff
1eeceaf7
05f810db
d7dde811
01e23ff3
c6e2e5fc
16e9ffe7
eed6d129
11e7c91b
e7181214
0706e6cf
eb100b06
f5f6ffef
04e8052a
f625f2e6
f704f71b
ffd6eeda
e604e4dc
04de081d
0a1c381d
00d8f2e8
230bdaf2
04ebff15
1e17d501
1fd23d0e
05140cdd
ffd610d4
2bed10e0
09ce2312
edf1efe5
ebe71403
21fbffe5
d9ffec0c
f8e24306
20dee1db
ef01fef5
d9d7efe9
e2f6d600
f4fa0ee0
fe0a0edd
141d17fe
17e40ff4
e3ebe2e1
23e0ff11
dddefff0
e003040e
1dfe16f9
fc18fa05
f615eafc
0ff61b1e
350ef7fc
f3fcfd00
f2e6f11d
ff34e2f6
f60dd9d0
d40d23c4
e6ef0b09
fd0230d7
f319080c
df02edd6
fcf3ede5
18f6d1ee
e602effc
e809dbe4
e3fff01e
f51e0bf0
defc17e9
e60ce8d9
de191fd1
eef1e8dc
02f1ffe0
2aef0ce1
fd17de02
f602dbed
edf7f3ff
ea1801fc
eae10d17
da15e9fc
f72a0e09
1cdf3301
f7fef5c2
111016fd
04e1191f
e6202af1
e4f70804
f2160305
d4fffd17
e13f1e07
f3db2207
03ee10dd
19f41926
eff1ef1d
22ca0a04
141819dc
d41b1900
011b1dde
dbecd318
1104ed03
02e5e2e5
e50d221a
15efe9f1
1e1ed005
e93439ca
3ae802d9
ed18e2df
171c17ea
01f0ef09
eff3e435
15f603d9
0b2819fc
01f21231
e82ac8fc
f0ffd302
ee050be4
040529ff
1d230bf9
08d90ce8
e6eae9ee
c71feb13
f825eff2
1f07ff0c
f715e62b
f2f92310
e4f203fa
19f5d307
f0200afb
080529fd
d2e80afe
fe11e923
14262af9
230216fa
07def724
fae116d6
f20bfb0e
f106f7e9
e3d81603
192df304
15d2fff2
2bf8f710
0a041708
fc25dafe
f3eae8eb
d121f417
fcfaefe7
dee94019
f60e46e6
03030033
17e1e913
08d23a1c
071915dd
1ae6de1f
262f1fde
25fddceb
27dc0c06
d6deff0b
f42027df
25e91cd4
19fd17fc
fee4f21b
e8120204
111e0aff
25e9e6e1
2ef9ff16
231ce813
1b0a040b
f0340021
261e0719
0515fed6
06f6020b
201fdeda
e40be512
0f0d032a
d61a1be1
e7f80b03
2820f12e
d80e1e02
de18e7f3
1ee8ea1a
d5ed07ee
f8dfdc38
ddfdfecf
07151900
f40709fa
10300217
f60730fe
e91aff31
12d0fb24
fff1d70a
1ce3f9e0
1cdff6f1
162628ef
d60d0318
39f3fbd6
01ff0900
eddbe2df
1009dd10
f712211c
251ee40f
f1d92c08
e105e302
3b27221e
0ef3ec0f
ddfb09f3
e81310de
ee1be0ed
07e3dce9
d20bf509
fff20add
f8f92ceb
e60524e0
15151cdd
14fb0e19
30132e1d
d50df409
ccebd7ec
21e0f908
f1290519
12dfe908
eceb19de
11030202
16f4f40b
f1e7ff17
23d3001a
da0ce609
daf8f607
fa200607
2b00fe0e
f3e723ef
0addd006
05e4d409
0d0c0fea
09290de6
f211f71b
ec080317
1ffc0308
f10bdcfa
f41822e1
d7f011fb
1d26e9fc
1919e2c9
f1cef302
e9f3ff1a
f8240d01
f02cf917
04d4e20a
06faf9d4
e91d3606
f73aef22
d7dcf616
eff10e40
ef1b140e
0416ef10
0efeee0a
f7e4d42a
0a3100ea
e4ef17c6
2a0edc19
fde90502
e2d1f1eb
08f3d613
eb000420
37e82702
e2f419e5
f3fff2fb
47e4fe22
00e9f4e6
f8fdfd18
000ae0e6
1312e711
31e9fffa
f52b0ef1
c8f0e21d
0fe20535
2ce84511
181ceaef
e70a21eb
2af4ed00
110509e2
ca0ffffa
29f302e1
e8e1fe29
dcf712f3
f8da01df
04f71ad9
eadff7f0
01df0713
f0ea0d27
eddbecfc
1c000c27
e004040d
f9c7060b
132416ed
06f3e9f9
04fedd1a
ec1e0e2d
e4eff7de
f01a0e04
f201f8e0
fceef9e1
f7ec12da
18dc1800
f719e0f1
12fb0c02
f61eec01
f51f17f3
2ae8ffe1
d432e5e4
190c02fb
ffdef9e4
f6070bf5
dd1d0f1d
05f613fe
0413e118
ea2c10f3
fa0a051c
1ee20916
e503fc08
14fd20d8
e6f51306
0b12f223
1215e503
fd2ce5ea
f325dd08
07d61fdf
f4ea390b
20f10a19
20f610e4
f2fa1b2b
e703161a
28cf0527
1005fa28
33fcdef6
ed12e3fe
0806d8eb
ea06f8e1
180f1c2a
20fe0533
f3df44f2
15dfdef1
f0e6fe08
051520ea
d2e7f61f
13f2130a
f00edae3
ede50921
0ef0050b
0d0bf2d3
eff6f4f1
ffdfd808
1b1c0214
12d50d1f
fad61600
db222016
05e63106
060a07e2
230826f7
deebd0e8
eeeb18da
de081920
150b1e06
e624e2e9
dc08eef4
21f1ebe5
03090d0c
f6f0f718
1302ee12
fb111af4
01e5f2db
14e302e6
2b1cfc03
f4f6e308
0402de1d
f1e02f10
f7fe20e3
fc172200
12e32801
13150f09
14ffff24
00f81af6
22da1deb
21e3de18
f4fe01f1
0f1d1406
c6281a19
3c22fe22
20fb02e1
0dece505
d915d2f7
daecf3e1
060a0714
ec04e0dd
e7e4e108
19162108
ed1b122a
0928e11b
e5270ff0
0123e4f5
140306f3
ec12e6e7
d3e0d5ec
0d28ed2b
f4ff2017
081e09f7
0e12f5fc
fee0320d
30021229
dde50d00
fb190fd4
d6f61fe5
fd10fe06
1f0dee05
eae71bfd
1ffd0902
d71ae626
02fee0f2
e5d8e7f4
f5e703e3
17e52ef8
210de5e4
e7f2121b
1f020002
f826d5dd
03ebede0
fcf105df
de1fe613
0fecefe7
ee0cdfd4
00dd1718
f4fedbfd
15fad406
f8e30815
2918f0ef
dc04fce7
f01e1800
ea28fb0d
1929f0ee
cbe3f5d9
ef010812
f3d74237
ec3dfb23
0b1f0518
24fb4301
1ef6f309
22f8ed1e
e2da1c05
fc150315
f3f2301b
fef9e7fa
22f1e018
05f2edef
0de8fe08
17d81819
e30419fa
f7fd1717
11e3f22b
17ea18f2
fdef44f0
191c0efe
f9ed0e36
ed36fee7
0002ea04
1b19d41c
160915e1
1ee0f5f0
29fe381a
0d12fafa
da16fae2
18ecdded
02e41afd
f5eaf0f8
f61ded00
0d20eb19
ffe92de2
f516e705
340ce91c
052826de
fdfd18fc
11ea241c
e4e41de4
e10001d3
fcebe6f3
2011f9db
1ef31ef7
f0f625fa
fbfae3f0
15e9fef4
0528002a
290af705
033912ed
2c0d1415
de1b17f4
151bfc01
def8e3fe
e214d10d
df0311f3
0314e838
f611400e
10ffc804
ef402e13
0ae1dbf4
010eca05
28210d0d
07080707
f60eeef3
18e0ed0b
1e2e18d4
e60f1fee
eeed2d25
1118e616
ea220723
ea0f4edf
2406df1a
0227db42
01ee0306
0f0bea1f
02feddff
d71e0a0f
03111d14
063b1114
1019e938
db2c1614
e6fe0d2e
fceafd19
1618f112
f1fd0a25
06d30939
030724e9
fcdb1123
1aee2834
eb1b371f
0601040c
0fdc09f3
28113809
0e16e73f
e2e1f429
081f02ff
20110617
e917071f
fcf41af4
25e4f70e
ff0021d5
0df408fd
f7d413ef
ebe5effd
1535f7f3
11f20ce8
44f60bff
02d71b00
fc1707e8
f306f800
fc1723fa
1a080a08
1c590eea
1a1dfcdf
04f7f401
2aeee313
f1f80d1a
d5351e16
162c000c
f6081b31
1e33f1fb
f90dd3fb
17184431
311216fd
330720f3
0cf5f820
ed073b27
0b05eb15
1b161eec
2a240003
11310411
ebd61c1e
1d061511
f31e26fb
e0362e13
0320ce10
37eff80e
2dedf30b
031620ef
f1dcd4ee
dcde2212
fcebde0c
29f206e6
ebfefc05
e1f3ff20
00ea1634
ffec003e
1f1e1a2f
2b17e621
defcf5f8
17d1fde7
ea1a0027
00f03b28
ee0646de
d7f3fde7
15f6f60e
2ff22ed6
fa000f20
02ecf437
ed08f7eb
1f23ff15
2322ea33
310ceaea
fc15fe07
16e7edee
f30ceb21
20d3f820
fefac206
0ef7deee
05e4f320
2b07f2f0
1b013ad3
d8f2e116
1b2b1304
0cf9dd12
1ad8f914
2056e6ee
00010318
ea21f4e9
36da03fa
28dd0c09
da05ecee
f0e22be3
ecdde636
fd2d02fb
1fdbebf5
2e380f1a
2c082205
181ceae6
d205fa09
08184327
00070fe0
251427eb
ef3e01e1
1622fa03
ded929f9
1915f3f8
e905f0f9
172d21dd
3305f5e6
17fa13f7
dff70c00
070d1336
0afeebdd
f8faf3f0
5720e52c
1ffcf40f
f5d9e004
0f0e2a20
ef1bf406
e7fd0305
18330933
edf51513
dcfb0718
20e50f1e
f9e0fd05
f2f13715
111e601e
edfb16e2
06ff2b17
35281d13
ef3918fd
05030f40
1a0b16f9
d82cf00b
1debe13c
45da1d11
fae6150e
e8feeceb
fef9fbed
1bdc09e9
daff19f0
1827e502
20ecf608
0fd1ec11
efe132fd
dbecd412
1be8ff4d
d9edecf7
0ddbee18
ee4ef6f3
01fc01eb
0b00d216
15e404e3
04e9e9ec
14eefcf8
f30f16e1
f0ca15e5
04cde6ad
17f61ab7
00bf09e8
d4fcf9e8
d4f60c09
1adbe2d9
d819e4db
d920e4ed
1d12c6ee
daf7002e
0aebf612
0de0c601
bdfe1d16
ef0dfd0f
f9f4d5db
c3bcf0e5
d1e9fecc
c6dfd0e3
05f405ae
ebda12d9
d00bc819
e1e617c4
16dddcef
f514e5d6
1a0edcf6
f313ebfb
0deecdc3
e7d5eff7
fac5efac
d3fe16d4
1d2c09da
e31e1113
ebd9dde8
c614d01f
0603d316
19ddbc1e
e9fa07eb
11e813d7
c7f01100
ede62c05
e0f3040e
d5e2fedc
e112fa16
f4d204e3
e235030c
e027e0d4
e5c6d7f8
f101dbf5
d9d5fcf5
e9ffc01c
b72ffcff
d10bc9f2
e0d4fb02
d7cc01ec
f2efddd7
ebdd0618
dbf51b03
ee03d507
12e82e14
eaee0ece
01121ab8
fbd8e8fc
08cac2e0
d7c7e7c1
1ce7e0d3
e8e9f4c9
fdeab9fb
cef507d6
c9be1a08
2f05dc0e
ca1cbcb8
06d316d3
e7e0cae8
e2f00afc
fee4eddf
e4dae8f1
fbe5f4ee
021009fe
d6d6d5cd
e6baea07
bbf800c5
cad3e90e
11e211d8
ea1e06db
e2fdee36
d21d14df
e7d1e3e6
d700f8e3
1202cf1e
e7170ccb
0ef6b2e4
ed04e0c1
fffc20ba
1803f4d6
202be9ff
f82bd8e9
fefef003
e1f0d5fb
e5e807d5
fef6ec21
e6e1e4ee
2ccde9e0
c2eee007
db1313ff
c5d0f0d9
ebe3f0c4
fed102ee
f0fcd90a
ea2bd309
ee0907d7
fde1d7e1
0b12f5fe
1fbde90d
bf10f70c
f50a1013
f0f2ecfc
15e3dfe7
cae706c0
1b0afe07
d008dbf4
fd04dc17
01e5f6d9
e6ef1917
e4ebe9e1
d5f1e1f3
d8e0e3df
d5fcb9f4
d2ce04c4
f7f607ef
c7e60dc5
dec6b20f
f9b7ecd6
fad705f2
32f40fca
d600d0d4
e6daf5fe
030bb0eb
0dfbe2fc
e5ccfcdf
e2eee6de
f41a01f7
f70e17e2
e3d8d8e6
c8dbd509
c1d50ffe
edcdfeef
ebfa0fbd
04e2d800
ebfdfd01
0affd7ba
fbb0f1ec
e2e4fbd5
3209e8e7
f2dbdff3
dc0dbedc
cac8f60a
fdebf503
f4eae0df
00f5d9d4
dc11dbd8
06e8c3bf
d404eef0
e9e6f0d7
dfece207
c3f3000e
f5e20803
d90ae7e4
ae0224f7
c8e114f1
f2f815f5
0cffed22
e4060309
eb2c0cec
17fb0301
1ce309f5
1c07e5e1
dbd6f601
edf0c8f2
d101dcf9
d7e601fd
dcf904e9
10e2f6df
e701e3fc
e2f211ed
ed001de4
ddebe3f6
0bef301e
01ebf1d6
0f050cd7
dad0ecfa
d6c6e1f9
0dcaf5fe
f1fae3de
ee0fe507
09fa0c23
c7f50cd8
c8f6f3d8
2ef4f9dd
db16c1e1
02ee1c04
f3e006de
1cd90a32
2f0b0107
eedf0dd2
11160431
061be3e3
08fddeab
0ce9db19
ec0debeb
0cf3c419
fcf92801
1215deec
da0c0931
f4f21bf5
1007e3f6
0cde0ce3
b514f5e7
e8eb010c
e2081606
f9fb0605
0c05ebf4
0502e304
18f4fcf7
0400f60f
f710f5e8
e5e21513
fe04e8fe
0bd1d7d6
d1d5fc11
4e03ffe3
efdc170d
e7df3fdd
efefd014
ea1d06d1
e2d7e41a
e914e0fc
d928fa11
020c0000
0adde410
15040312
edebf6fd
e5d5f705
d6ff0c1f
d81b09d9
d5c6c80f
0a0401d9
0b0dd613
f0da0405
19080fde
f5f709ef
011016f4
05e3f507
e9e1e1e2
ed1a05f5
0305f6d3
da04e504
06eefac4
052010e5
07ced835
f4fcf6fc
021ff8e3
3aee04df
ddfdc611
0ecadc04
f2e5fae5
ead60511
f3dad623
f1050ded
141f14f9
e31205e0
fa0812db
0f0ddede
f918d2dc
f1f4dfdb
e3e7e005
f3ed1b1f
12f1d61a
c70c000d
08efdc1b
2b21d7ce
ddffe1e1
f3050c0c
b9110ed0
09f219de
0ae2f700
ebef23ed
f2192227
f6e8f9e6
ffe0fee2
d0f5fde8
ee09dce8
d2c51600
faefe0f1
45dfe000
f015dafd
de1df626
ce21f904
0eef0df6
de06f3f9
2fff21ff
1f2af814
e52ce107
fb0ad7d8
1d0e1a03
00fb2118
c6110116
10f71ae2
e2f909ce
f9daea14
dafb090b
0b13dc00
f2fcee1e
190de6f4
04f6e3da
dbe90819
000cea03
c818e9fa
f3160ddb
db06e3e7
09d3091b
e2fe0cd8
d6e327d1
f711de21
0ecd15fe
f109d3d7
29dd0df9
e21ee7d8
14d0e908
dcfbf4f6
d608e01d
03150def
d104d40c
d414e332
fd14ce00
09fef7fd
cbeaced7
fc1cfce2
e4dab803
0e03f3ee
fafadde2
02f4d928
fe0e28fe
1dc3d414
261d1810
2936eedd
fc1107de
fef50c11
ece2dee0
d8d32001
13d429e3
dc1514f7
d70bd8f0
e3ee02ea
f8f314ff
0b02f5f5
f0f2f6ec
14e60ff8
fbe5df03
0122daeb
f6f33cd5
daf913f7
f7d4ddd4
061004f2
e6f00ef1
ec00d7fd
e8f7e5e4
e9141a1d
fbdf0fe8
eefcd8e5
11e5f6d5
0006f522
15e7dbed
dd16c5e6
0af417e6
dfd8dfe2
b516dee9
f218defe
0ed41302
1a1b01f9
1313dbcd
f9e1d426
16181ad9
fdd7e419
e6222ee5
f8e0d5b4
ef1416f6
22ebe942
da0b05e6
0a0ddbd3
40fd0a0a
cb03e4f2
d23bd6e6
e413e724
16fd1d45
3a0010f2
0de2e4f7
2cdd1b14
031c1606
e502e4b9
d914fad8
e2d6cae3
1bd2c2e2
e5f602f3
ee131910
ebf9f9ec
d523f8cd
020d1c03
e1e91104
d705e7e9
f0050bec
b6fa0fbc
080f17eb
17eeda07
131225f5
e340e8d4
cf1e05fc
da01cafb
f4f8cd19
0ddc1bff
0dd7e5d9
dcec10df
350b01df
f1f2d9e5
fdee6226
ff0bee21
f7e6dbc6
dadafbd7
02f4d608
1f1f1d0a
dae8f90f
16e8eddb
f0d9d4f3
06fd02d0
d00ceb09
fdfbecd3
2ded03fb
0bf5c31d
0820f721
30fbf8fa
dc1fe8d4
fbdee2f2
08e819f8
f9ef18ec
3811e512
e6f1ef20
f906feff
fbf30c17
05e61810
ed0410ea
25010b01
0bd5ff42
f4ffdc0a
fd39ee04
310715dd
fbd8d9f1
fc1efefe
18fad60b
eedcfa41
fbc7daf0
0ad6f1e9
f1ebd853
04f91f1e
06ffde87
ebf8e4f6
f1f0fdee
3ae4db09
eaf81bdc
1adae619
c9f80df2
e82a2a0a
09d00011
0ce3defd
fc3914ea
1d09170c
c81cd804
df0e1a19
fe16fa1a
0a13ff02
e51b1503
e9e5000f
dee50feb
fedacf18
46db091b
f9ec0710
fbeb02ed
3aeef103
0ff1d7e7
cde15222
1ae4e4e5
15020004
f9e2eded
01140509
f84a0c0e
d9080fef
09d40b01
f000fc1a
d7d8d7e3
01dc27f8
dee0f50d
1c12070d
0df2d014
d109e82f
f6dc20f6
d3f8dae3
e01ad4e9
27fe051b
13011be5
f9fd12e1
f0f702e9
0817e9db
0a04eaed
f71e0d1b
e407f8e0
0de30619
351cea47
e50c17e3
e9351dfd
080df5fa
17de21fc
0eda1ac4
ecf904f6
1bd5e327
e1fad9f9
131901fc
04eae032
1dcdeff7
021311e7
c90ed4e3
d2fdcadc
390be8e8
04eaf3f5
0df5f9e8
d6192514
28fb16fc
14db1114
1cf817e6
3108ecf7
e229dbe2
bf15d0e8
faeef7e6
d2f207e0
00050ded
f027dfeb
f6f6ef0b
0624f8ff
17fee4cf
fd1b1c07
07d723e8
1de5e312
23d2e418
190b0ff2
cd29621d
f923e51a
1507f9e4
ebebe2e9
1ff61735
e051f3e0
181409e2
dc06fef0
29f1edde
06ce03eb
12ed0ddb
1b08f11c
090a1de5
e9d9d9d8
0cf9ed10
f4111cf1
dce1dc14
eddfedf1
13d51100
fc1c410b
220d1b05
e9f3f522
df060909
fc00fb03
2510c9f8
e31a0232
f1f7d119
0f16eff2
fbf40303
f408e417
ff2501fd
05091f23
2bf713ba
1e0f1ee5
e43bfe11
fa310f01
21e418ee
f612edeb
10e70009
000e0aec
dbfee9f4
0407f434
2e0ee7e0
18f0ee0c
07fb0ed5
f3e51a05
cbf0fe25
fd221405
02f12915
f9f1171e
d91903f5
e928130c
12fafc1f
19fef610
dfea32ee
efed1301
f1090af8
101e3e0a
0f1208e3
0dd503ea
edfaf1e3
42064b07
1310f403
def1e221
042a17fe
2ee8dc01
34de042b
f71be4fe
fde40d00
03e1fd16
e4cbf51d
151605e2
16f4e617
1d2a0305
46f9fff2
21ececf0
03e635e4
dcf50ef5
d5f2d2dd
e928f210
0ae2ed0a
1620e0f4
dc020017
1bf1d012
24f20130
de131319
ffe1031d
fd201907
eb1ef2f5
ffffec27
2d0cd731
0502eee2
250e1e24
132313eb
f91cdf30
14ef270f
fe03f217
ef20f6fa
ec120403
e822ef0f
ea111bfc
2bfa2017
0a10e9f6
f2032c2b
191808fe
33280905
1b1e19ec
e900e70b
fde1e0f6
e51118e0
dd0b1538
01f0f325
19defa17
231e170d
090b1f23
03111a2c
13041907
17330a2b
f5f9f011
17f4dbe0
e8faf11a
2fe12918
41ef1b1b
f7e8efed
22f8e5e1
1a1338f3
c8e11244
f1db1326
2e1bda16
331f00e5
2303d122
06d6f113
04ef020d
01d5e6f5
fde2e605
0ef01b1b
05e50f0c
e90bdf11
24fe26dc
06f716fb
f100fc2a
f3e1d60e
d4fd06ff
f42508ff
1dd81b07
09021bd7
f9e10c11
d700f1e2
24e0e206
eb012514
d90b1cdd
fc0e2af6
e8fd0223
1ff40516
1def0c1a
16402aec
0a292a2c
27102cde
c808fdff
14d95341
08090820
f6fc250c
e418052c
ed07f2e3
1b22e408
310ceefd
e3080a05
dd191936
ebf908d2
2a19e9f0
f820e3f8
f1ebd92a
e6e104ff
f6f900f7
05ec1e2d
120ae5fb
f512d2ed
0f2e4f0b
ee2cf218
01dd0324
f31ce819
25f7e818
0b2bfc0a
041e15e0
26ed250f
25df2d22
1ee338d7
ed0eeefb
f52715dc
18fe29e7
0ae7d90e
d9ea0c40
16f90bf8
06f9230b
2bef2c20
f8e81017
f521f5f3
02e315f5
dce0ec17
e5180218
ef0ffeef
03ede90a
1cdcf2dd
07dfef06
171bf23d
1c1ef6dc
f2fcdf19
00e60902
e8d8f9f4
23f3141d
ebe9f71b
f504f5dc
2ae5dffd
1dfbec12
f9fae203
ffec0029
0e2303fc
e3f818f2
1b0de406
fc0de41c
29e9e41f
0cdcdd11
bf10ef14
e107f220
d817eaed
ffe0e90a
1d3209c9
e6161d18
120826df
32d606e0
e8d20c04
13452308
03f5dc0d
fa18d31e
def90efd
fe04e72a
1e0a1016
19f61fdc
26041df4
ff210f1d
dadef42a
c927f1f2
150be40b
1216fc08
220305f6
101e1c01
11e7f505
fabceaf5
02033603
33ef2338
12063416
daf3f8f3
1be905d9
3f1e4afe
f708f93b
e304ed15
e321d21c
09e9de17
1d060128
0e15e00c
09daeb1a
d9da05f2
23eefa14
e803df0f
db15fb11
1614ee07
f70e1ada
1edff4ed
2018310b
12e21b00
1101ffdc
ea043905
16d9dadb
0128e205
dc220bd8
f127c4eb
f6e5f71d
ea12222c
ff2312dc
0cf91af6
0f0b0e35
d702f12a
f7f414f0
101623ee
121cde17
ddfe23e2
e92301ee
cf01171e
e61bdc18
fc00e3eb
00fcf4f6
0efd0ce3
dff014fd
211000e1
060ef9f7
e71d1dd6
d6090ce7
15f00726
171ae923
21281302
daebf70e
e1210fef
f91bf502
e913e9f3
19f70e19
f71009e6
f410ed27
2a231301
0832e12f
edf2012e
e9f60325
e408f309
dc020d05
06d3060d
45d93212
f3f30d0b
1d0df601
011614f6
0e17e91b
db14e5fe
0e23d324
18291403
1f05ed38
fbe8f110
fde2e7fd
1bfffbef
eae4f815
fff1d407
fb170cdb
ddede91a
1be42e1a
03dd0e0f
fee0ff23
0f23dd0f
d92cedf6
f32e0303
fefa17f7
fa18db17
e9eddeef
e3f7ec03
18f2f528
1e0ef0f4
d9f30124
271a352b
1413da32
13f00cfa
26f4d807
2f280e03
131ce3f8
e9ea1211
e9f30819
d00f4924
1029d725
dcfcf1ff
1610d503
f92605f4
1416eb0d
272008f4
0c2edf03
11270eeb
fa38fc01
231ad241
29fce307
f7eff234
2120e815
df0535df
1419e906
fafcf215
0908dcf4
f10129e1
e206f342
16081d31
34220a05
fd2bd922
ee000b2d
fa0bff10
fe0216f8
2902291a
14f008d6
03dede08
f312f50a
0502140c
d3ff1216
1a0e1c35
e20dc11b
24081f25
0e17f525
27071bdb
11ee271e
e0f8e710
fcdde71e
ddebe6df
0210d3e0
fb1f2616
30f8f2ef
080cf807
dae1104a
011bdb00
ec23ee15
e40618d3
210ffde7
fd3ae6d8
12f7e4e1
f3f9f00e
23ee1d01
ed0e1d02
f710d8f9
0df92dfa
141e0217
e01b10f9
f70c0eff
28100a26
09e2d103
1a0513ea
eb0df738
14e1040f
edf710d9
0e1ce603
282afbeb
ee09d722
ec071b13
3901dcfc
d70be80c
fd4633d2
0e0d17f3
29e0d54d
102901fb
e8fedbf9
dd1311ee
dedd1a06
ff101910
e7501521
fd08fa13
e0ed17e0
e6240752
0901221f
07f9e639
17fae5f5
ffe2e30c
f0d1f904
ff0116ef
0f0e1d08
27dfebf9
cdf30aff
e318e90e
4fff2f00
d4fdd033
ef02d644
293e0b14
0320e5dd
18ef202d
21ddf3d6
fe12defc
0d07fa1b
06f01c1f
ece2fb0c
e0cf24fc
ef0bffde
fc0f1cee
2e02f1fc
da081540
d4d7ff28
ecfb0426
251d2d18
020ae6d4
172f1afa
14e90007
1922ece4
f503f40c
02f7fa40
1e3d1dec
082e111d
18f5e53c
e73614e9
fb12e22d
2c39f427
2cdbda28
0303edd9
17010b1d
0c26351c
0b15f9d3
d521152c
2517fa01
dd220d0b
f5183400
35f51202
0423f9ef
ee35ffd9
0439cd0b
26eed542
1310e7e8
0f0ed21e
fc1a0a13
18e8fce1
0427e523
f4440000
e604ec41
081b410b
190a0e10
14e23515
de35d544
fd1cea3f
ead5f4fd
1e14111b
31d80a23
f50c1e0c
f9f02e17
03f50706
f12ef5f0
14eaff09
d42bf91c
f504ee20
1d39ee35
e50e0d26
10131d03
0616e6ee
2fde19f2
e7de3607
11eefbde
1612d4ef
d7f3f8e7
f6f90012
1525101a
401d120f
e7f2fc0b
f6ebd0f7
0fff112b
01fd2efc
2df31608
fe27e0f8
f3f3f5dc
2c05fdfb
00f5dafd
1804e53a
eef6faed
f63904f9
092d042b
191ef826
e6161221
242701fb
3304e709
12e7e7eb
e821fd17
ef01330e
e5ecf40d
ef1be5f4
f126d0ce
fd11ff0f
f9d8ffff
fe221d1e
ed0ed5fd
f73e2fc8
0416f2ef
04182646
cf1e2ae6
1a0e0633
0410f9f7
dc072111
12ee1739
0f3528fa
ef19f81e
09df361a
fc1d062a
f2113107
130e1923
16fdf71d
21ebe732
f8d502d7
16ff091c
e7093937
04e53805
e20a0d15
e81f14df
2f1afc00
d40919f4
d2eedd2e
2801f70c
0816e61c
f519f712
47131603
19dc0e33
efe30508
16f713ea
09f5f2d8
0cd7ecf5
292410e3
29fa28f6
26fb0de3
fe0c3918
eaf80c05
fae3f224
f3fa03fa
18e4fff7
0c1e0423
09181ef6
180f0ae9
250b100a
2ae5f50d
def3ff12
18e6350e
1500f607
d60edb2c
22e41602
f3d5e9ea
c7fee919
f3ee1302
fc09201a
06f5fc15
1bfc0d34
d9f7e0d4
e6cb1418
e5d10c14
1419e3d6
d802e5db
020c07eb
f8fbf53c
14ff1005
e6e2dedf
03ccf108
03fc1af1
06ef2410
f5f3130d
04d7f3f6
06de0bf6
2d17fa09
1d15bdf9
08de0df3
2e3d05db
32dcfed6
ce04e7c1
e305ddc4
f42af61e
e80902d3
dc0deef2
eff60d18
2002e53a
e50bd0f7
f7ed0803
15ecf0c4
01e01c0d
09e7d302
00ceedfd
120bef0a
edf004ff
f0e4fdd9
0bfdea14
12f90b16
22240904
ecede5de
f8f613f1
1aec05d7
e7f31cd4
f220e013
de1c1cf8
3d14f9fd
25d02818
f3dcf0e8
e6e8dadc
22f2daf9
f8eefc06
0dd9fbd9
13d5e2ea
0c11f1e2
dce3e138
f71c08cd
e0c8e3eb
1b1042bc
0eec05e5
d0e21b1c
cef72206
f0f6f00a
f70c27f0
24fdfa1a
e0fff0e8
1ee4d403
1fd9d6e6
f6eacc1b
fa0b2cbe
1ed80ad7
10e0fc08
edf31528
f62b06cb
f0caf20f
e9e909df
f80b0011
1be2fbd8
3ce116fb
d9ede417
2c050fca
2c1ce3df
fffd12f8
f42707ee
1bef00cf
03fff1d2
ebf311df
1a13f6ff
15eae7fd
1307e020
f4f3cff5
2a221420
ebd0ecf7
02040518
caefe5e9
1315ffdd
1bf0efdf
13e81827
40daf7ec
15fc19ee
ce1200cd
08e7e200
16f5d3dd
fb041b01
daf5eb26
11e5f116
2704c321
e8edec19
df25fcff
e02ee11c
400510cb
11c3001c
e101e7eb
e0f708f6
1c0cd6e7
fa13f7ff
b813eecf
0ce614bf
f4d81dfb
d7efbe2f
d7f9f7bb
fcdccc13
0e1836ea
0cfb00d0
da04fb0c
00dce5db
f2ea04ed
f5f427f6
f9f9013a
1f0a25db
edd5e7e7
210207de
01ddf304
dfede6ea
250df7f8
edf7c90f
d2dce001
e4ea04cf
dcfb16ea
e3e306f7
1ce20116
0ef6d8eb
2ae703be
e0cd1812
2a1cf1ea
2a14efee
1deef7f2
4ae3cd06
fd0719ba
03060ef3
ebe218df
0b0fe3ee
fb0df100
1f0cdd1c
050eeafa
e416f0f4
d5cedefc
f701e10d
dc190fca
f9ef1efe
26cee1d8
f0f3e112
1f0624d8
e3f6d81b
111108ca
2000e7ff
07fbef1d
241ee320
17d1f6e0
f9b41a08
451ed6ee
ebf1f41a
ebe7be2e
dc0611f8
faf715d0
2ae62a0a
04f811da
f40fed1e
24241405
21212de7
d9040dac
20e2d9f8
0bfcfdfd
e6c2a431
d704bae6
ff10e4d3
07fdedf4
f91501eb
05dce807
1cc3ec10
10fd17c9
0ce12d2c
17f509e3
14d9e302
e822f11d
fa12df20
e3e1030e
fbd91405
e4c4e9f4
1dfbf20c
f718dcec
ea01d511
15dedf00
21e2e119
0aff2514
f0ea290d
e8ed0d01
03db0e04
fad515fc
ef0af512
04f0161e
eb18dcf3
36d31ee7
e1fd05d1
19f3e1e4
05dfd9df
f2ea0dea
1003f72c
df0a19fa
2f21142c
e001c7f2
03083205
e6e9dac6
0eeef817
ff0af2fa
1206e0f5
1fe4f90b
f5dc1ddc
e3e601db
20e7e9f2
0aead4e0
0c012000
04e1c810
ec03031d
2a1df41c
e702dfdc
0f1f06dc
e5f116fb
ff051ec4
dde8de25
dad6f0f4
06e502f8
e5080a12
1407fdf3
03d3f2f3
0106de02
0ade0f06
07d1e0ff
f7e4d2f1
fbeee0e0
380c2502
f201cfd9
eff4eb05
02c119ff
db031ee8
f0030ee0
f418f410
180be6fe
1410e41e
f71fd91f
1429e1fd
121c0cd2
24e91e05
eee72210
07d10af9
f91b0d08
f019d40a
0d0c10de
d80207ea
27df020b
e4c6010e
d6f9d1f5
e9111bdb
cdf3dae7
0d0321fb
2227d115
17fdf9fd
d42310c7
e215e7df
d7e9e014
cde8f5d7
020a290e
f61f1e0d
0f191226
f1dedddb
11f4fbdb
f1f4dfe2
1013e5e2
2fff0e00
0be61f0f
fbe2170f
e62208e3
01f81400
ef15e317
0c1820d5
25050dee
05e3fcfa
dfe21aef
2a18030a
f2ee06d8
0ff8e3ee
14f8d2ed
27f60adf
00c4f113
fb1ee4e9
e4fd1006
e31bd5e2
edda1dec
e6f11dd1
19d8dfd2
eff2f1d8
deef212a
27eab8ef
daeaf118
2ae20ad8
de151be4
041a060f
ebf0eb07
0821ff01
04dc04dc
1114ee2f
11d70e02
e9f1ddd4
f9ebdb20
0df4f0f0
d8d8f2c4
e51c150c
0933e705
e0edca1c
24e116f7
1ceedff7
e3ffdef6
e5f1fcde
2f1313fd
30c116f9
e7f3e7e9
fe10de01
1e221c12
0ffd13e2
3221d5e7
2401fffa
cf010408
d4eecfdc
0ce8020b
d318bcef
261012fa
e9fd0109
0d1cdc1a
d8ebbee4
140af1e8
0dfef609
24e3f402
18c919dd
f5efeb0b
09e21fe8
21ea121b
faedf706
ecdefa1b
1cfc1bf6
f018e0e9
d70b0df7
1f041f04
3018e0ff
fde4f71c
2ee6fb0a
1038e904
11f4f0e1
fbedf604
eb09dc1d
f215f5fa
eb1ff319
e219e6d6
e30e1fde
1dfdf813
d9c619f7
dacdcb20
0bd3e60b
ff38f1ea
f619f61e
b2f4df22
1dfcff37
0f1307e2
f319effe
e6110a12
00dd09cd
11000a01
182be90a
e42be0f3
daf52bd9
fb09d4dd
1fe90b0e
fde331f1
f4fefe0c
1420e6f6
0d03f1e0
fd13e9f5
07e818f2
08e4f3fc
d42bd7f5
16f403f8
ce1c0e23
e9eff6ef
de19e139
dae61316
faeffaff
0f24e3f4
ff01f217
0df4e6e7
f613ecfe
e30ef3f5
e9f30ed2
21e0df16
0d1bb119
f40822f1
02f7f7f0
f2e7e334
21daf726
fbc2daf5
fd171ed7
eedf0a01
040df402
e4d807da
14021bdc
0c09e9ff
180a0ffa
1cee1af3
14042cd2
04e3eef1
02e01ee4
e8d810f3
f11905c9
ba05f8fd
e219e501
fa23f4f1
db02e4d9
1df5e4fe
08e4fbea
e51e04e5
de01f5cf
fa1d1919
f6eca806
e8331ce5
1c1ed51d
091811f3
d1ecfd28
1dd11009
18df20da
fd182a32
e3f211e4
edeef0f0
222af9eb
03fc0ddc
06170218
170cf1f1
dfeffced
d8f915df
ddfdd013
2806f91f
f70ff8ec
e217182f
dc00ebee
0c0d18f1
0f21152a
1518e2fb
08ef0011
fade29e0
e4e7e03e
e022f1f3
21e01825
f71c0b24
040421dd
d3e6d9f0
ec00faf1
19e236ec
f4e72fe7
030df110
e80fe006
251110e4
c60df1fc
3206ed29
33dfd6ef
efc5f0e0
0e17e61d
ecd713db
ed110cf4
e1e72800
f5fd08e4
01ecef0b
1e01db12
24f6ddf9
fde513f5
ebcfef0b
1ce81fcc
f0220316
00f11805
c5dd02fe
f6e0120e
25fefada
f4e1dd04
f4ed22d5
f2d3f1e9
daded823
ded004fa
02f40e29
05dab817
d711090f
13092728
d91404e1
13de0823
1ac00911
d7f7f0e7
0f09f731
15d6d8d3
de10f0b6
f709cbe5
080908f4
fc131d20
f2db1fd7
2200ef1e
fd12f71e
10200104
350a0fe2
dbe0cae6
e302e602
09defce3
f414e5fe
ecdedf23
0a20e61f
ef05e6fa
e7fa1a12
0d1e1f26
e829f90f
26f1f425
f50df1ff
f2f007ea
0803e0fc
14f7d00b
0227f511
13f929d8
0103061f
e70f04da
f9f024ee
ccdfd900
dff81825
fce7f2e0
0ddee61e
e105fd27
2f12f9fb
bcf51906
ebe61515
f7e71cec
edf91708
1317cf0c
1112f0fe
000722dc
e9f8160f
19e3f21b
fc1aeb00
ebe9f2e8
cfffe2e2
c2170208
0c3208ed
0d201509
d7f8e804
fbd6f7d5
13f11c23
07d4f7de
f0d4e5e4
f51bd5db
d50505fc
1bebd81a
e71ed9f7
1f16f611
1402eb0d
f0efd7ff
dc211dfd
f0fdde0f
00e4e421
14fe03fb
e01ef6e2
e60af8da
14100001
0111fdfb
0111f9c8
e7f0dcf3
dcdef710
e4ff0ef4
e8dce60f
ee1bdbd8
efe3e9f4
0de21e06
120d03f4
e8daffd9
e71ceb04
e3f1e509
0bd521f1
f31118da
efed151f
ec0cdfe6
20f3eb19
22f8271d
04e9ef08
e8edef1b
e706dced
d6fbe903
02fe12f5
1d20fade
06f11d03
eb0a15ff
f3e0e3f0
0eda10de
f5d60b18
000d020f
de07f51d
fbdff9f5
e6111902
0fe3e9df
1f07d61d
0419f118
ef0de3e2
22e7f3fc
09f9d8e5
0d060c1c
0706030d
0d02d713
f5e2e1d4
e51dd605
25e310d6
0b01e30e
14f9f8e9
05ebfdf8
13eefbfa
f21005f0
fae020e4
13d5d80b
e5fbe200
e916e6ed
ef0d1c13
eee3ee08
d6261a1c
0ae61fff
ffe20ff6
14f81eec
ef040d00
17200edd
eb09d8db
13f91cda
e8290ff6
f30a10fd
e1e51817
03dffdd7
f520050d
1ad3f203
fc09f500
f31de4db
05dc0a05
19dcfe05
1a2a060f
ebe2fe09
eaffe6f5
eadd1908
0b15fff5
d9e209ef
091610d5
f7f1e91d
fef4f91a
141ae6d8
e81500f2
fde62716
05f0180a
dae0e705
dddcf8da
1002f9dc
f30ce0f6
fde912fb
0d0f0901
fdd5e2e5
dc0006ee
d9d8d914
eae1f615
1fec1b17
d8ee1cfe
1df816d5
ec0015f2
defbdaf4
d9c90e1b
dc010209
e60bf503
22f518f4
f3dcf70b
ea060315
2207e41c
eb071cdc
18071b10
17dee316
da0812f3
2005080b
dceb1609
27e1f319
0bfb11e9
0f250d26
0d0bf211
08d520d3
ea2ef9e7
040e0707
f518d8de
e221dbdf
de1707ea
04e70d11
df01082b
0818e403
e7fff3df
0b09f111
0109dcde
05f709f8
ed0c2118
0611e6e6
f1de04de
0b1b08fb
db18f3f6
d8f2f9f4
05041600
e7e9f4de
fefaed11
f6e9ebf9
0e0b20e0
f60c24f9
1ae4f60c
faf1e9f9
f3e42516
10ff0ef0
eefff826
e3001317
0ef8d9ef
0c1c18da
f3ebf6d8
0c09eefe
f7dcf5db
28d6f3fb
ddf603ea
160bd602
f4cc3517
03d8f5e3
191e0005
f0d9ede0
ee0af301
e0e514fd
20daf61b
fbf319e7
e6021fd8
f6e0d4d3
e702ecdd
0c0ce118
07feded6
02201910
ead6dee1
e41ee7fb
08db16f5
e201eb15
14111019
f109fb15
f2e317e1
19dedeed
04e80cd9
0c0b01df
00f217ff
14e8ecdf
fafb1bdb
fd1de8e6
f4e2e407
1910ef1d
00eddee8
f108031b
fc0cd3ec
edeb0f13
1ff5e9d4
1a21dce5
00eddbeb
f7ed0c02
050805ee
fcd6e2e2
e4ed04dd
0ce010f7
feeb14e4
19f21b1f
da15e116
0af71ff3
f50a051d
2aff07f4
e70edbdc
fff1e313
20f9d91f
f506f7f9
15032802
fe0de0e5
16da15e7
1ddbd3f3
e7fb1a0d
ff081fea
f8f5ff1e
0cfe1c20
e0f0e9d9
ef1ae921
071ae7f8
f006fbf5
ed08e6fd
f912faf3
e7090319
e00cfd01
0af2e0e4
e61ff9e4
12e2f2d7
08d80a09
1cfadff3
04fcecf8
dff0e313
2108e11d
26dcf501
d5f11318
e3f5140b
f3dafd04
f6ec181d
eaca1010
ecce15dd
0d220d07
ed1a0b14
14e90202
d614daeb
13ef1f23
eafe1107
f2f90ee9
000e1e11
02f9f519
eaf0d611
e01506ec
e3f7ee21
f6f40ffa
ece61eda
0be510da
1adf20da
fffdfffa
e613fedb
fd20ef12
20e4e3d6
011e1313
ea0dfc02
2bf00908
f30febed
0e02ef0f
14f6dd03
0de9fe21
e80cfff4
2bf70e0e
f4d9e7e8
ff140cf9
fef0f301
e904211b
d9061821
e7e00eda
17de1ff2
0ffee214
f500e616
0818ee1a
d4d6f310
1f1df5e2
e4d410fb
f4e3fbe9
fd1ce81f
df02f822
f1d701ea
0de619fa
d9e307e1
efe9f2fa
fac9f80c
23e212f3
f207f318
e716ddfa
e406f4e9
01f8c1e4
1ae7eae6
d7e7edea
0efff200
ead90fdb
1aee08d4
02fe1010
e9dff405
21e5da22
eaf5f4e9
0a0ae50d
fadfdedb
de0ede06
210112df
fd00f91b
dcdedb1b
e013e8e0
15f91808
fdf0e2d8
18e0e4fa
fb1b18f7
0516ec08
ed13ff1e
e6dcf8ed
0e06e1ea
00251de5
e914e20c
1310d815
da0719e8
dafcdadb
dfd322eb
22d709df
d9eff2e6
daeadbfd
f414d7fc
dce9e9f6
05f10e03
1d02030f
f4060c15
e1ffee17
04f215fe
1ffdf6d7
12fee2f6
190934ef
e3ddf213
e6f8d8e4
dbe20af4
1dde0ae0
dbdaf300
0b0cda04
edfdfb16
ecfcf3fa
24fbedf8
0d1feffd
f1dd1ae2
02fcf5d9
f9fde1ef
17fae6e6
10eeda01
de0e0f02
fdf3dc11
17d8e1e1
ec13fded
def1d6e0
e207f4d5
1cdadfdc
1a16e6de
17fcd714
dcd7e80d
f30d030e
f310f718
0f0cfcfc
1cf6d724
fdec29ea
d714e817
e3fa11ec
eef1efe5
f10cf017
1fe4e2ec
f3e91504
f0e118f4
200ef2ff
f5fcde0d
130de100
07f40c1e
06070bf5
0a06f9d7
1ce012f2
1d1d180a
ee031bfc
2714d2e8
eafce6d9
19d8dd10
e3d929e4
191603e6
e805040e
eeeefaee
dd12f411
ee02f512
d5de05ee
f41901fa
ea0ae21c
ebe41a04
f5e91bfd
f502dfed
ebe2e4fd
020dfefb
e4fd2e01
e4f714e6
da19fcfe
d7011901
170ef71c
1a0a0815
0debea07
0f09ebec
22e4d5e3
dedf1add
f112ec07
0ce8e8f7
21d6fce0
07e2ee10
faf3faf1
0813201c
d9f20eff
0ee4feec
e1231f01
f001e7d5
f00cd819
14d5fbfd
f4211422
f606f3dc
21e0ecfa
d9f9d9f2
061b180d
0ceee4e3
f61416e9
0004fd0c
f604eaf3
082514ec
1f23d612
f3e2ed0e
eaf604f2
222b12e7
13f9f9ee
080a1bf5
190ddad6
d8e10ce2
fd05e4d8
f9ececed
e1fc0511
0dd81d00
1cdbf5f0
f2fe171c
10270511
16030b1c
0505ed12
0ef4270f
e912f922
ead206f8
1b0a15f4
01e2f4f9
dce513db
fdf106e0
05ff1c15
1614d9e7
ee07e7f1
05e41ddd
dcf5e10a
d5dee7f2
f820e4ec
1507fcf7
e81df218
00f0e3f0
f50ff40a
e30a151a
251a1118
05f21b1d
d80df619
0df3dd1f
e6eafe19
f6dd11fb
e7d9d709
04e6091c
df1be5d6
0dfef70f
faff0708
ef03fbfc
1cdde31b
050be31a
f4f01617
090f0feb
080bee0a
fbe0ec0c
f5002f19
d6ef0bde
eddbda08
1ffa1bd6
27f215d9
ebfe19fe
e40107ff
19e7e803
efe1f5e4
f81cfbe7
f20101f1
f10b20ea
f8fd021f
f0e3ec16
1ee2e3f7
f91d0b12
db15dde1
18eb00e7
16e9eede
ff22e9f4
eceef9ef
08e619f6
e0eafef3
ddf7e80b
050b06cd
f30e15da
ef1bf7eb
fef51509
ec17e5fc
0bfbe4d7
e3dff9ea
fad8140b
010429eb
ef12f6f1
d91310e0
1c1ae307
eb0efae0
04f9dde5
16f7f6d8
04f10c0a
e9e114e1
defcdbdf
1af32a0d
e0050211
09090902
08edeaf4
e8fef0e9
041ad414
0af31c09
2a070fda
efebdc07
f00007fc
e0fc0d09
e6e3081e
01ede914
02eb00f4
1403e7fe
000f0812
1cf6fd18
240c110b
15d817ea
0a05f7d9
090ffade
f5f9f71a
0e08f3dc
ead91ce0
f1e0deee
e9190fde
26ff1f10
1be90ff8
23ecf2e7
03efdf11
09ea070d
de04c30c
f5e4ff1e
d413f8f2
d71917e3
e713040f
d2db1dec
f4fafe1a
c90a1c10
051be1cb
ed122026
ed2cd3e5
ffe8f0e4
fb00fede
e80e0e1b
f0e20fdd
d9120cd9
0acd0ef8
0fe4e629
05f107f9
1808d31f
1419ede2
df161cf3
b30a18e8
db05fc05
c6f2e1f9
d201eb01
1f0a0bfd
e90015dc
10e0fc01
ff08feed
0701de1a
e4eee706
e6dc10d3
29e5040b
18151aea
031b0211
e2020bf0
08171306
def70a0f
bdf0181d
db0f2312
1000ef00
27ea0117
09db110e
cd21dcf4
0f071ce5
17d10205
ffe5d802
06f4fff6
22e406fb
0c23f6ee
f9022efb
f4d806d4
f1e3dde6
c0ff0803
fa211cd7
d9dbf915
dde702d7
09f9150d
1ef50e14
e41e080a
0b00edf0
27e327f2
20f9f627
e00e0500
00e0ca00
cae2f0fc
d4f21609
16d81d16
f2200002
04ee1812
c5e41621
032b23ee
20f819e8
db170715
f1fbf80a
2608eef0
fedb08e4
07181407
102af1f0
d3dedaf0
2f1dfde6
d42df000
12160e18
f5fcde0e
fe0f0d20
c4e3f8f4
0dd8dce2
c1dce104
f3de2a1d
fef5ec30
e4f50006
c6cbf31e
ef12f001
ee09f800
f90efce6
e925db13
0ae030fe
110247f9
f6e5190a
f41adfe8
39db08dd
0ee50209
e7160a38
10e115ed
2ef4181b
f1120508
fbf00915
fc160601
0adce7e9
f9fd12e5
d805e01b
fed70af9
03def311
dde5ed1d
e40023f5
f612fd19
e8f0d41a
ff11f0f6
de1dd3fe
1ffadcd7
e002eb15
df01eddc
d4d0f90a
ebed080a
d81bfc18
101c0323
f21c2100
fa1ade08
ee0ee6d1
d2e808f7
e82de9e7
e0de2504
fedee008
d408e715
e60d2e10
153cdbf5
e8da0a14
2714d103
111716e9
18dc09e1
ff03c523
f704ffe3
1c4322f3
d1e800c6
26e90316
080eea0d
eeeefeef
e31dd9f2
10e206e4
01fbecec
f2dbfcf4
f326fdf6
040108db
0a13df20
20da06fb
beee0912
f215fa17
0afb1a01
f7eaeed9
dbf0cfe1
3fd3ff17
ece637dc
d0f21dfe
f3290c20
0def0615
11f6ddf7
0ff7080c
13fd0de6
141ee318
e52213fe
06fafc05
ece7d616
02fefe00
00d422f1
f10fe5db
de1208f3
dcf1141b
17f2f4ea
1cdc1a20
08feed20
f9d20afe
e918f2d1
d708fbf7
e41e1fea
e4eef50c
d4fd1a03
eef3cb07
f20508e2
ce06e8e3
e705200e
f1eaf3fd
0311ecef
1df5e61b
e21af4fa
e0e502d2
01dd252a
fef81fe4
e3e01020
d7091e0f
fdc4fa18
e602def1
1302e0f1
f2e81d1b
eafb17f2
1821f8e4
dd190d06
232605fb
0bf1d125
0bf804ea
f51ce615
0929fbe5
0913ee04
ea030f11
0e0817ef
06e8eaf5
0adf29fd
dfe70d1e
07f3f6eb
14dd1ce6
1e0def1b
f5021eea
d5e6e40a
19fee4fc
04f909e7
2dd80503
342720f7
140cd618
e0f2daf2
21243cf9
0de0f50e
cde000fc
d0db25ed
0e0de6d7
f8e3e0ce
18dc0e06
05f5ddf4
15dfe9ee
f1f3f621
06dbe9f8
ebf9ebfd
ffeadef2
1aea1ff5
eafd2422
f90ce81b
ff14e0fd
ff051bdf
050fe0ef
2c101b13
221d1507
f7e21413
df0de329
e325de17
01d419f4
f4fce42c
e1f9e022
eceed3fe
07f826ec
040adcdc
001e0def
d8d4d7f8
12de1d09
fdf21c16
f2e41928
20f2effa
0be70aee
fa08e40e
03e7dde3
e208fff5
fbe6f516
08050dd2
1b0e1313
10070511
2019cf2a
1a05ddf8
ebebe3db
f5fa09e2
f4fd130e
f7ffe40d
fd13ff06
ffee13fa
f9182a04
fe01f5fd
eff51617
1f22f319
e700fee8
ddd8e8de
f10024e4
0c00defc
0efaeaf6
2fe621fc
d1f203ef
07121a15
2311f3f7
0b150bf3
db20e335
fbe819f9
f4df1f1a
09060fd2
13d513ee
f9ecf402
ee04000a
f4cf09f9
07f9260f
10e412e0
dbdfddda
0bf1f3fc
27e9f2e8
230a0cf2
e1f2dafc
d50bf410
fbddef1d
2d0fe6e9
e60d1eef
13defe09
0705daea
08f51bc9
efe703f2
0bdc0cf7
dffd29eb
e6ebd019
14f303ee
d5edd123
2a1d1121
21e3f8d9
e0e900f0
04dc1f1f
0207f913
fde628d3
06e11bf3
0b08c801
f5e21f05
17dde516
1ffff405
e4190b17
df12ecee
eaecffde
1c0eee06
1120f0e5
e7e90911
2320ed0e
08fafae9
e3251932
de02cfe7
ea172adf
1cfe14d9
0907f5e5
fbfa07ea
e7010610
2001e0de
1c12fc17
00caf2ed
18dfdc0a
0409f307
e4fcee20
efd7d1da
031e10d8
2706fb28
eedfedf7
f2ff1532
0723eeee
1506dbf4
0ed9e0dc
1a051aea
f5f804f9
f7d00d0f
f4f0f1ee
0fefe009
f7f309d1
13e72b0f
e7eb1901
2a0a23f9
01f90b2b
f3131220
d90fe5e3
d9090707
feef17df
11e9f21a
dbf30211
180fcf0a
00dcd601
13fde9f2
f6eb11d9
fdd7ebef
0dccfa2a
fe2cfa08
ddeae11b
ea28130b
1cf6eae0
010de001
fbeef407
d8ef113c
0af4f3f8
19100a0e
1c21d3f1
1a2a12f2
eeddf4f1
00e523d9
fcfcda23
e10e12de
310dfefb
f5d4f533
ec0e0410
e2f5e910
160ef31c
d20ff1ff
ebeded37
1f22e9f0
fa011009
c9f91fe2
fb0af21c
021415fb
fae7fb1e
1005f2ff
25e4143e
e70201fa
ff1ff71e
1bf9fb26
ea29e003
f114f7fd
001fdd15
1802f5de
d538fa2e
e606083c
051f2018
2f30e0e0
18e8d6e0
25e8e7e5
f6e2e916
e4d2fb08
ddfdf304
da171ff2
df0ae4e3
162b1712
e2172602
2e0f2dea
e309fd01
f90bfa18
18f2e91d
1838e911
0cf40126
22f4dcf6
fe15f6ff
0424d2ff
28e805e9
19eaf407
f110daeb
1bed32e7
e701dd3a
0c08d9d9
1b09f8f4
30292038
0810ff0d
0d23d9e7
18042700
e2dd1d05
eaf70cdf
def314eb
060216dc
193216ea
00de1be7
1ad90810
edeae2db
0d2630e3
ea34e5d3
f4d90a36
251a0f0d
dcf703f6
ef2203ef
01ec1808
e626143a
e22c00e2
ea0e01e1
cffe1e02
da2cf50a
dc0e3aef
100df727
100aee0d
e6dc0523
e1e8170c
fbdf25e7
1c1b0f23
e6212218
0b0eff23
191bde00
242814ec
d029080e
fc000323
d719e615
1e22f80a
defa070c
241be6ff
09e5001e
20dc2809
f4fc14ef
f8231410
dc031eed
1214dde6
e715f023
10e321ff
0de12af1
08f5e50a
de13f60a
e039e6e1
2cdde71c
e12bfcfe
fcefe002
20efe1e3
f810f203
f9dddf0f
02efeff5
021a15c9
f50ae039
0c10e8fc
18fef022
11150c09
1207dce7
03111cdd
21e01a19
feec2e2b
fff2e5cd
edf10aec
f92c0bf1
1c25e600
04fff306
f0eae625
ee0015ea
0a2100da
fe3dcaf4
2f0e0314
f7140efb
0f19fc1f
0816f3ec
d5251103
051e0738
fa310103
0516f30f
dc104de6
11220c3f
f3fdfff5
16090504
25f3280e
dd22e725
e70e0ef6
03eefc07
edeef4f7
fae5020a
1b1c120e
0d0e2709
28f410f1
f02d0fea
14de1727
ed12db0d
11f4e910
1025fd00
1e1bf4fa
e3fcda2d
0af5f6db
0312d515
e11206e2
0e14da0e
ea26e502
f3df2fe5
0704f61f
e5e01bf5
07ef090c
e608e803
0bf8000b
26f50df1
013eed16
ea21130b
fe12e3f3
3aee1315
fa0df2f5
e4f91ae0
ffe12cdf
f317182b
dfecfaf8
0bfd1b03
e2f313ec
0321f6f1
1a23ee22
f131ebfc
00dce606
fff517e5
11021aff
18f5d2d9
f4281e0e
e5f5121d
eee2e301
04eb1ae1
e0fb33e4
eee604ed
2802f418
f9241e10
f8200ee6
ebfffd0d
16020aed
06e4ddec
ed0925de
191804ec
faedf522
f0ea091c
09f01fff
fd0cf12d
fb07fc03
ee04f70f
0e16fdfa
eedbf9f4
21fa06e7
031a03fe
eae5001a
fbf520db
1a20eada
0112f110
c824fb00
03eb0ff8
0d33de12
3816e51b
d7e71922
11fcfefb
0cfcfad5
dc211512
0a10f6ea
1d040ddf
e04106e4
1af001f6
04f5e0ed
2fe91330
150ae6e2
f10006de
f0f10505
1eeff9fb
0cedfff1
e60922ee
effddaf4
08fe221f
0dd32217
f1f4e301
e71f362d
e3e5d2f9
e539f225
f008062b
000326f2
f4ee080f
33f4ee1c
0634f1fd
f20c162d
fd2d0407
dc07f3fa
2220e92a
0e0c2aff
f2110adc
0ce72b00
162cfde1
edfd1c17
1b090812
35fbe92a
1824051c
dee52517
f5110be1
ecd9f9e9
08ececf6
f60becd5
22f416f5
18162212
d910d711
211a1112
2310ef31
001b0313
2afdff03
0a0d1e17
f9061b01
2a01f014
0a22ffeb
fd03d9ec
0505010f
061c091c
e2d51026
def9152d
2a1adfea
faf50218
01dddc11
19080df3
f7f7f501
ed0101f4
e3190817
fdfa1900
e6fbe2e8
12211d00
1a1020ef
ddf01f06
0fd3fdff
dee41afb
2b0be610
0d272115
3ff7ebfa
e9f1200a
f7fb09ef
e41aefee
e419e217
280a0eee
0219f60c
e8132407
eb1c0f0c
1a3509fd
f8f5f819
251a1ef3
04dfe2f2
21f02322
f32c031c
01f1311e
f5001c04
dedc141b
fc25fe10
13110dff
0ee311e2
00e0dd2b
f308eb14
e3e218fd
232117dd
43fbdb10
d9ec00e1
f2e125fa
07f31200
ff0409e9
f51c1a2d
d5f60817
2cdc26fd
e9f92fef
dbf6f40c
1c0e180f
f7efe913
052c22fe
df0e2800
f92613e5
eb00e91e
04f7f61c
31e443ea
e0daed0b
e2f1f1e9
44fb0ce2
ee130617
0ddedc27
1fe20336
d4eafef9
dc1ff814
05eed9ef
1afd04ef
e716e2e3
1cf0170a
142317f7
1d1300e5
eff61edb
02e32cff
10171314
e8fb1a31
fc0912fe
e5ebf203
22f21517
27fad815
18e5dbeb
18151a19
210f001c
24e91e22
f2f9f620
1317db1a
1eefecf9
f0ffe615
0bf7f725
24231a03
f1e705e0
0529f218
00fd160a
dd2ee111
f8f51723
19e1210d
e1e3160b
192e04c4
e2f727e9
e9ee17ec
2c25fef3
edd4de23
e4fe320f
07183d07
2f20da0c
171a22e4
eb08e127
e70115f6
1e05eeef
f0dffaf8
1becf6e6
1207fd19
1ee60f04
1702fd21
050238f7
fa1ad41f
0805e201
1b181d2f
0918050e
0af3efde
13e6e6f3
10221802
0ad6f3eb
19e8f510
fd17e300
1a01f4f5
d8e7242c
e80616f2
0e01fee0
05e9e2f4
d31bdb03
0bd905fa
fdf510f8
d40d1a08
131dfaf2
23f6f9de
1d160c12
23e306f2
ef1a0b05
13f3f6f9
f2260316
23090be2
3e2337d7
40141b05
fd21e7f7
ef1a1615
f32adf0f
14f3ea06
f8de0813
f413ecf5
053703ee
e42a1200
e7020f23
0312f30e
24ecf324
e6021800
f919ed13
de16f321
e3e1f010
e914f306
e6f20bf7
df201ef9
db1905e2
0f150d03
140af91c
fe09fa0e
1c22f8e6
fd261b08
f8f907fb
21ef24fd
f1f41b05
dbe6130c
29f32c01
e8ede904
f016251a
edea280b
12270cea
d61a1218
fbf7f114
f9041726
0d0918ff
def61ff8
dc1ef81d
f9f620d7
e7e41823
061312e1
ee04f130
f6e72a15
1a12feff
220c1607
d7f6ebe4
ff2b04f9
0bec06f0
23110ef1
e3fe091f
34f5231c
fcdbf2e7
0e0ceb19
f70007f1
eff6f8f3
f62001f1
0400120d
1d2afe1b
0efce1fa
e428f1d7
fb28f5f8
f4e93926
4c04ef09
fef816e3
0a1e150b
fff5f3f3
03e6ee19
0f1ff215
f1240feb
231108f6
ed2af635
d9120720
ffdedaed
23ee1a06
de051be9
20e62ada
fe320ff0
cf2df8ef
fefcf8fd
f0fe17e7
1e1bfb10
e019dcea
17f3ee0e
eaee1623
f313030a
e0fd1e06
eef014e5
1c0f10fb
fe150df0
12d70dec
e8020c0e
00fa19ea
371111e7
07fc27f0
15dede1c
15f80710
dc0cdef6
0d02eb2e
e8ef0e31
2d0be3f3
e01804f8
dcfeec1c
06fcfc08
23162b11
46f333e7
f7d9f50f
0f0811ee
2ceae924
04e300eb
f4f80a3f
f9f6181d
14edfbec
f3120d1a
3500e719
1c1cddfb
0305dbfe
041d18ff
ede8df12
e805f70b
0f09daf9
e3f11d10
ebf9260e
1515eb17
08f1fc0a
0018f8f9
32051805
241017fc
02fce9e3
26f2d903
24f71321
07dcf42d
3a0a1f07
232e0cf5
0d29f1fb
f6fc2123
e901f313
0b21102a
15f6e7e2
2404e50a
f719f305
0220190d
0b1030f0
17ef04f5
fc070620
e825e5ed
e945fcdf
1e08f813
160beb2f
d81a141e
08271f11
1f163503
1b0aea13
13f4270d
2002daf3
0af9dd20
09003ace
1b24f4f1
ee1e2e1d
0204fa2d
250e26d9
1b07ed09
0508362f
fc0e1136
0f1a1c1e
0413f436
0fd50221
14e429e2
f9050544
f1fb1b1b
030f0427
e61e2422
01f8161a
ef08df2d
deda1512
0329e531
0428030a
31f70609
14291a1f
34d3d317
1f0e2315
00201fdd
d81cf619
0bf617f5
eb00e001
f6202cfe
07f50bde
fa1b13fc
1818ebf5
0f0f16f4
3af2f40a
3621e2d9
0817e605
eef0091f
13fa0d12
12ed0301
24ee132b
1911020b
fe22f6e9
e52008f6
f638200e
13e516f1
2efbf0fe
27060605
1ffec7df
120b0223
dd0adfef
f226dbf3
0c0af833
23fe08cf
fd0e0b20
ebee280e
f61a0308
12e9d0f4
fe281b1f
fa0eff07
25f917e6
fae90317
dcf5fc0c
1e0bf7ec
e70a3109
e5f00b1c
0ef8f9f2
dfe71303
f6f92bdf
fff4eefd
29ec2e17
0615e62a
07fa0a1d
082a0103
01040b21
20d32c06
2d182840
2c0723ea
e11be7f8
0f2d0512
142b1310
e0e51ff3
ef16f00d
f606de37
f8e3e1e2
e5effd2e
e8151000
381ef8ec
feec09fb
f11df407
d7eef1da
f7052c1a
010616da
2e111cde
1d0c16dc
05efff21
d30add17
23f018f9
e53733d8
0be1f91a
ec05da25
06eff817
e6fcffda
0eecea05
2fd82a30
05181518
e23819fb
f12ee928
f92f1343
00180c1c
120915e9
e1171722
252feaf9
22efff01
f2f5fcf9
e3031745
dcfaf1e2
e6fececb
f035ffd2
f3efe1e3
38ffdd02
11fb0119
0636fc06
1921ece0
0002e629
11fd21f1
dcd81afb
fb00d7f5
1a0c2010
3f05f929
e303e4ed
de121f0d
fbe61121
e20205fe
2406ef2e
0430f836
18121015
0f02080e
f6f7e6ea
f0ea061d
05effa1c
13e008ff
f5fcea1e
ff260923
08f307f8
1afdf824
faec06ff
1427ef13
e11e0c0e
edf8112c
3a1af21b
07f612df
ecdefaea
ffe7d7e8
0810e706
10112422
e8161cf8
0be409df
f6260cdf
03eb3a39
da030a08
faf2ec2d
03000411
32e5f80a
ebf8efff
fbdaeeff
002320d9
ef16fffa
24e009ee
2313de18
f0fdf5e0
19e11cef
f01610f1
05e4e2e4
db12ebee
06fff1fa
f1f9f708
24f31cf0
fe03eceb
fee515f3
df08eb22
d70204fe
20ede3f0
0ddb1ee9
eb101b0f
eed40fe6
fe210817
08d6df0e
d629050e
012123e6
1bdeddeb
f1e809e9
18d912ec
1c1311f3
f6ff0ae1
12120319
db011cfd
ef09dbec
19edf9e5
e3f5fc1a
e9f1f308
1c0ff516
e6e809df
0d2b13f2
fe01101b
f304e6d9
1f171422
1bfc1302
dbdddce1
ece8e50c
d5e71aec
05e115de
ef01f7ef
15ed140f
ea18e314
e4ff1c05
21e813f2
f6e5fae4
eceae20f
14e4e5f7
01e3f2f7
1519e9fd
0fe101dd
f8fcfff5
d9f608ea
e8fcf8e3
23fa03e6
e9fa17d9
1ade1a1b
f318efda
e0ef10f7
ff13e805
171c1afc
111520e1
f3e01d18
10ddd6e5
11ff0ef1
2208011e
091410e0
0229f6e6
ed0ff91c
0adee7e2
040ff7fd
11060eef
1e1b1e1e
0e131b02
0de105ed
eff60f11
1c21e4e4
ecdedff7
fae1df0f
0be901e4
e3ea231f
f5e3f0fa
e707db15
0e1b07e2
e5f50823
16defa23
ff13f902
23151208
1b30f118
0fe8f91a
fc1c09ff
0bf7f3df
0ee2fdee
f900e812
1c0ff8d6
eede0512
fe0afee1
1604e5f6
f9f3d024
dadbe9ea
fff8fff2
0cdb0cdd
de16f019
df22d813
fd0c0dfe
ff1bd30d
08e5e7f3
ddf20de9
f203e520
0d000513
0a1ceafd
ddf20b1c
f8e8f30b
28f8f018
f40f1ffa
0ff1ffe6
03060002
ede11f07
f21902e2
17031ff5
ecf0f703
f1e0d913
e4e8e0e9
0212e8ff
e5e4e4f1
f800dc10
04e9f9f5
e41ae0fc
191a0b21
2b18f508
d91b00e1
e1f8291a
d71dd904
1f2403e1
fbe11815
f90d161c
1128eae2
ded7e7e8
2000db11
1a0ee515
db25e9fa
f6fbdb10
1f0de30a
fe021cfc
08ede606
100beb02
0addf5dd
ece01e0e
05f601dc
0ed7ebe1
fef9150a
fd210203
00f3f509
07f716ee
020ee91c
0714e01f
071c0020
f500ec13
16df1efd
eb1112fd
ef170cf7
21ec1d1b
120d0ada
051ae407
10eb00fd
ead6e1e0
17e9f41d
29f30a14
18efd3fc
23f2090b
1adcdc1a
f21a03d5
16f3ecdd
20dff1f8
dde5fc01
dfedffe9
1118ffd5
0ae2f805
f10d0fda
d602fcf8
0aff1ff6
10151ffe
1ff2f41c
201303da
ea15e9e0
1be817f2
18dd1ae7
14e8f0f4
250218fb
08dd1307
01fb0613
fbeff703
1008130f
db02f8fe
050c1df1
db01dbf8
dc0f1a1d
f4290af6
f7f4f9e4
fcfcf9d9
f8f7fb11
071f031f
11fff4eb
dbfe0911
11101b05
fbfefc19
e610edfa
0ffbd7ef
e6ed1ff0
06e8fae8
d40228f8
2312dbd5
fe2205f5
1beae41f
e6fff9fd
fc000b13
1f1802df
15e8edec
fae91300
fa15060b
19f50d13
01f705ee
15f7071b
fafbeaed
13fadde1
d701e6e9
15e00210
e9dc1611
19e4fcda
fc10f611
f80d0eff
02ff11e1
f205e4e5
eaf92019
041be6f6
1ef3f0fb
dce6f114
15ee1321
df06fdea
faf6e800
ebf9fbed
14e2fdee
0f151d05
081c0507
f9e3e013
051818df
15df1d18
1cd61bde
ea01d6f8
11dfebe4
1e20230f
d5f10706
1cf01fdd
e81df6e0
daf9dd00
ede4060d
f8f70f05
ee11fa1d
dd02e225
d8fbe321
0c0de0f7
09151309
1bf301d9
0feff518
1bd508e1
e81d16e0
eb1ae10d
f3f0000f
da18ecd9
fadf1a11
11f2ebf5
040d0f1f
0901f3d8
ef0707fa
f6f82df5
f412db1c
051dee07
24da1a09
e1f3e41b
f81100db
1b1d1a10
def310de
15e007d9
07e91c16
ef0c0a1e
d8fde1f6
d90613db
f20619e3
ec230205
1217d9eb
d7f1f307
ece409f7
f9e4e1d7
eada1215
031af619
120d1903
f6f117fc
16f1f625
0ae517e0
21e8f00d
d90dece5
f30a0401
f10af6ed
fed71de8
0c1f0d1a
f5ef1905
10f7dd1b
ebe2ea17
d7fc02f5
f2f3e6f9
f21d00f3
1c03e4de
d2eae8e5
04d7ddee
01d81dde
e5d610d8
f3eae3d7
d811201b
e71d1ce9
ef16e3d3
05f80def
19ebfff8
0b05f9f8
f50cff08
e902eb01
1c12dde7
faede11f
eaf6f409
191ddd05
110c0b18
dd1102df
f10ff9d4
0c25ea1b
f8fdde0a
200ffc15
07db1a18
e2e806e0
ec1820d6
e7fd0de1
19fadfd7
de101206
e1dceaea
1ae6e6f9
06e9f30a
dc20fae2
03201d07
02d2f616
12f2d8ea
fe241f12
e5ecfcee
08231bd8
d90e23e9
e4e8efdb
2015ec02
101ce509
fcfadaed
fae403ea
f3db260a
020d00fd
2229ea0d
2315faf2
0d04f610
ebfad8f6
0c1ce0f4
e608e8fc
e8f4d5e8
f9e5d8e5
0603fd0b
ff09e8ff
e314dd10
16d7f301
dd1fede4
f7f40619
ecd5f3e0
1b1de012
dde2050d
e327e8e5
07ec120d
1e0419ff
fceef515
11e6fb15
0404f0f7
1ef10ceb
04fad823
0df906ff
29fcded3
d6dc05d9
1a030d0e
1f17f5ed
f318d9e1
0f1b170b
011c01d9
f21916ff
d31d15fd
0afd14f7
f9d9fa05
de1500da
0edad91c
fcf021ec
f10ee1e9
09f5f914
e723f6d7
0c0117dd
03f7e8f3
ff17e5fc
f0021b19
f21fecf3
dee11adf
e12cf414
e5e90b08
2214f701
f6f7ffd7
e722d7d9
f7f0f20d
05001019
d8f4e2f8
05f1e61d
e2dc1f03
010dfc25
15fdd6d4
e4dae21a
f2e70ce9
25f6e421
171110e6
e71a0bf4
f5190c15
f31910f1
1020101e
f2e5eb23
230e08f5
0b13f7eb
e8011c20
1f17e7f2
22070807
02d6ea07
20ebf7e3
f0ff111e
110c23e6
eb1b2cfb
0f11e0d7
1cdb2019
dfe102ed
eae423ea
13dbefeb
e7d8f504
1c1d1ee9
1bf024ed
000aebff
1207ee0a
ece616fc
df04eee7
1c071822
0614f40f
f5f103f6
d6261d23
e70b1c0c
fdef1d16
dbf8121e
1c19ff0e
16db1101
da08e8fd
f21e1fe1
191ed9fa
fbebfa0d
f226dfe7
14132016
11d80720
dcefea00
f004f307
d9e4f406
04f80f11
0ae71af8
eb1307e2
ebfc0723
211de605
0d100f19
17ed0020
e4df1722
e80be819
f52613e3
140bf5ec
ebf30c13
dc200cfa
0de210da
00f5111b
effae016
edf6e9e4
f0ea0100
f503defe
ecf3f9f3
04150ae5
16f80ef0
10ffff0b
e31bf11b
da1005f2
1d26ec06
151fd302
1adf1dec
1916ec06
11ee1c1f
1dfcf605
eef9e921
1cfaedf8
fc020d06
db1b19e9
12f0f6e5
00ef0df5
1301061d
1c1a09d6
1efc0fe0
f4d71ef6
ffe3e60a
000912d7
e406f50f
f5ebf923
e919f205
1e06f70f
deeee1f9
d41314e1
d91cede8
15f72013
fbf3e80d
ece3ddf1
0ed8e4da
e723e3f5
ffe6fb17
0bdfd804
f10e13f1
ec13db19
e504071d
02d5d7f5
0aea1821
0ae41218
0aeffd15
10e8eaf8
dfee10e6
d822031b
01d7dffc
15f2e5e7
f8e212f1
de000509
fc0d0be1
0ff3ebf8
e40ed607
1df1de0a
0f14d91b
20e0e519
19ec20fd
eef4ffdb
0bf10fdf
020edd02
ea0ff413
12e0e216
fdfae226
200a1409
dcf1db0b
2207f3dc
e70209d7
eed4e0eb
f200db1e
05fbdf03
0dfce2eb
f6061af1
05050e02
eaf51e07
1d0ff5dc
e40ee8d5
2011dfdc
d80be104
fa00dff5
0b141ffa
01e21bde
121efe1e
0bf1ec15
e8fa0303
db1ff0f5
fd0c0a0e
020a1ceb
e610ffe3
181dfcf5
cfd7fe01
0235fe06
0deef225
f102ff0b
1c102118
dcf308ec
272424f6
1111ec05
0810efd5
0cfdfdd8
e3de260d
13d82800
170f07e5
fafffced
f5e2fbfc
ed19f61b
eb0f06f0
e8051809
ef1f28de
f8f0de19
ee17fdfd
f3df0c08
fa2d250c
fbede1d4
f8ed1801
e721381c
0fdbd907
1e04160f
f721e61b
2101fe02
ed02f014
efdaebfe
0fdf0ce0
e3ed0f0c
cf1e00fd
241b06f4
2621fadc
08f4010e
d30eff16
f1dbd719
f721051f
da21feed
ebf4f9ea
f106eedd
e00c05df
f42c0f15
f0e7dbeb
01d71fff
11f9ed18
130ae5d3
032ef3eb
16d8e8da
0e04f61d
fefdfd02
d8f21a1f
e2fa0219
e20f0df7
d4f71411
f91e2610
eb0f06f5
1b0fd9fb
08e1ef26
19e60d15
17eaed16
dcf7f2fe
260f0fe7
e9f0f22c
d707feef
fbfd2d06
fe14f106
000e1315
f5fce217
35f230f8
0cd3050a
04f4e5f5
1a171b24
f0ecfed6
f314021f
18e930db
d8f717e0
dadadddd
f6e5dffe
18f9f7dc
14e5f3d5
070717e3
10f00613
f500002d
0409f9e0
16130218
01e0f9e5
0c0e1add
111a0fe8
fb25ff09
2d0316f9
f6050318
12ebe212
23060cfd
fbd4e32c
c9ecff13
15f80bff
2ede0a28
09def6f9
181ce0fc
04f7ed23
fcf2e9de
df0cfced
f8010b12
05e20add
160eed04
0101e50e
10fa0b11
0d040ffc
18dc1404
02ef05e7
eb1b27ff
1c1d13e4
183308f0
030decf8
0b1522e1
f1102803
e02414e5
1906020e
db130313
e2dfd2d8
091b00e7
ece80122
151bf708
05edebef
030402ee
f720d523
fad6ffd9
e02118ca
08ff28e5
e7f4c5e8
2de00321
dff8f2e4
dff4282b
e1ff26e1
da01f0df
28151bdf
fceae6f5
fbfb03e8
122013f5
e8dd1fe8
cef50222
d80deb1c
ee031be9
1e18e506
0a091427
26f71906
ca1ee719
13d0fbe4
d5100fff
15e523fd
e201dcfa
c4e8de01
0619e60f
e9e90ef9
05e10d1e
0f0f090c
e6d92203
fae71b11
e1f7042b
22e50af8
d7dcefdc
061208f1
f5d8ef00
de0b1bdd
162316f0
ebfe07fa
f4f5101d
0c0fec24
07ffddf0
070e09ee
fae4ec1a
fbff021a
dad4f6f0
030600f0
c60728ef
18fcfb0b
0ad8ff09
04170d1c
110c3111
0715e601
0010dad4
25db1515
0904f9df
d70e1cdf
e8021de0
25df26e9
e5fbf8e6
0a1bfbfe
d012f819
f60413f7
11e50309
d52b1df0
1d1c3ce6
e1fff309
0302e3db
d9d40c0a
30e40cde
f8ff21ff
f204f401
0fe20a05
f8f3f8ef
03fc23fe
20f6dc1d
0ed71316
f811fef9
cce4d600
12d43404
1305f3ed
de0de8db
f1030fd4
0529e817
1a12ff1d
0a21ee10
ee0e3410
1f22d70b
f9da15e9
0df1fd24
0905fcda
d6fd0bee
1109ebe8
1b1116dc
cdfedf18
c0f90f29
0b280523
06edece7
35021014
00fce202
feffeb03
15e72711
1e16f817
1df22017
ea12e9ea
e328ea09
fbf5e81c
f21f18dd
0deffbeb
f7261617
fc2dede4
25013abe
090fdbed
e910de2e
1b0cf0dc
e014f9fe
3f02e5fe
f0f5e609
fc24f4e6
072c2919
fa0215e4
170502e7
18d3f51d
e8fe0200
28e6f803
ff17f901
f828fc16
f7fc2511
0b3c14c6
0b2440e3
e6252d26
eb1aebdf
050d1ee8
2f0f1700
19ff1417
ed07081d
06e907f1
faed1ed7
281615fc
dff0db13
f5dfcf0a
e5e7ffe0
f002e0dd
1bfef9f0
f9f7eafe
d61105e3
dcf30d08
1d3926ef
e7101310
f910fdf0
20e4071d
181411db
070a12e6
310fe233
08f70ad9
d9f52417
f4ef22fa
ff0eeae2
e1e7e2f9
e5f6eef8
32f90405
15dfece6
eaf5d715
e3e125d8
ed04eadd
f421e50a
0febf614
efd5ffd9
ff0b13f3
0018f006
1822f8d6
05180def
fd23f305
20e7f1eb
ef1ef6f9
16ed0b27
30e1e9f5
da2810fe
fde4f5f0
1d1bd613
2b1f2006
e71dec07
092fdf15
fe0df704
ef3ce6f0
eae716f5
f1f517f3
ef041430
e00a2cf6
092e14e3
2e17f2ed
02e51bf6
0d08e1e7
0dfd35f2
22f3df32
1c2bf1e7
f91d1d11
3bed172d
2007dfed
0a191eeb
140f081d
200ef813
28093411
12f71cf6
0109f90c
151fd917
cd20e1f2
ede61620
e9e8d412
033dfb25
08331d10
f7e8d91c
daf70fe9
211029e8
eee41527
0f33e20c
ed0d0800
eaeb162e
3bf81c1d
e4fa1b28
10f6120a
eaf424d7
1deff2fa
0a031218
080b17fc
fc28da0d
f8e2072d
11172006
f3040c0f
19ee0b14
1d1a1bf8
f4dcf022
f21dfbe0
f30bfb17
dd0ffbfe
d70921e4
e2df2208
dc0def17
12260305
21f14306
0eee0410
e3eee9d5
19f12110
eb04f3fd
1010f0e4
f4d4e3ed
142e01dc
03f62214
27102004
de08df26
06f6e017
0d1dfcf8
23d9e815
1433010e
12e0f42e
1b1bfc2a
d7e514f0
f905200f
0e2315cb
0e04e51a
220bec06
06e2fcf3
1c131505
2927fde3
f61c1ada
f6fedcf6
2408f5db
01f51b09
0ef3f2e0
deff4dde
e5300434
0d101d07
0ef9f91a
0d002ad6
f5e5e5ef
03f12bd5
ee2a0bef
0cf0f9f4
f616030a
f70af912
3a1333e7
ff08232e
13f8fd08
dcf1e81c
051409f9
f804fd0b
1d08f400
040121e2
1e24f935
ebf60ddb
36e50b28
0c0d120b
0dfedcfa
e1f2ed1c
1e0af1f8
2218e604
190ef013
fa01110a
1af514dd
1c1906ef
eff9e2ef
eacfdfdf
fb06e1fc
0b3321c5
14120417
de1aff0b
2200e9ef
e2f00615
fbf81f02
faf8f915
e23802d6
1c3944f9
eb482110
e9340a2c
f7101410
1619e938
2bf500e5
ef191bf8
e31ae337
cdf2fb06
0a48dd0d
04094d1d
e61551cb
07f6e8f5
26dffbf8
23df0a13
1ff1dfe6
0a2cdd06
2402e90e
281be3ea
00edee0f
d7ffdc01
dcf5ecf3
fbf835f2
ec28082d
1ae32dd9
04ee04f7
c83d002b
04362424
e91d0f24
f92c1727
d1ebf5f9
1fe0e427
ed13ecdf
0df92708
f4fdf833
f5fae604
f9e4ef34
081d3cfa
27e400ef
05f81035
bcdce0e4
0b35063e
13df2307
efdaf603
f9181ee2
2cdd01f9
17df2b21
1a21e3df
0203efe6
e9dd12d3
273101e2
19e817fe
3823f50c
c9dbee15
d7ebe819
182df51a
f4173cd7
000f06d7
e9e6fce9
16ff1008
f1f7010e
34ed101b
e7e10f18
0f44fdd7
fb1913d6
da452522
13e3fa02
f1e915fd
1c260b1a
0ce6eede
f331dce7
ee24083b
d3dae3ef
f321f9e1
e6202109
0800fcc5
fe0fd50d
08d302f7
25130610
ec14cf1b
033904f3
e1e7eafb
d202f8e8
300ef2f5
15f4eddc
011f150d
ec0d0216
0c07ff23
dc141807
11fb1af4
153e1df4
0704e92a
f835e627
fa33f5f7
001517e4
f6e93d15
f24001dd
12e32607
1602e7f3
fe1c370a
dad5f60f
04fb1ae5
ebf01d13
fc20f92f
e5130812
f51d0004
0a081228
1a05dd30
2b06f6d3
09f01e1e
1fde22df
0fecf6db
edea0c09
08edf206
220c201d
ebfcf407
2806d428
dd09212e
dde30a0b
d8dfe7fa
0c3d25f5
39f702d8
e5e6ddd7
08dadbd7
f318e415
37002b0c
f50ceb00
08f60705
ee261ee9
0703f411
1217d8f6
1bf6eefc
ea1de8f1
edeae8f9
fe14eddd
e41df1f7
fbf2e1ef
08dfe212
ffecff02
06011409
defded1e
d608140b
fc0006f0
ee1fd9fe
0deede18
fce8fdf4
e1060413
db0a2f1e
d7f31320
20080b12
e516ddfb
e1fa1ee1
0de2fcdb
18d9f6fe
ff021507
fbf405e6
eefbe8d8
f8fbe5e2
15f8031f
1ae7fa0d
f7dee3f8
05111c0b
f0f7eb1e
e4e9fe17
1dfc19e5
ddd9dfed
06fd0605
14fed7dc
0f11ea19
04ed02df
1505ec12
f4dc2105
07f7e7f5
f4d505e6
04e3f1f0
0e0de6fd
efe21903
f8e6e9e8
e20318ea
f4e4fd0e
e4fbd7df
0bd70ad3
f2f3f8f2
14e10e12
1cf51ff5
1918100f
0e1910e2
1f14d7d8
eefc0fe2
16f5eff0
fff4d7d9
dffbf813
1f06fff8
0cecefe9
ee0511f1
e3fd061e
19e613e9
0be6e3eb
1adee3f6
1819dbec
f90fdce9
0af212e7
e60af9e0
1811e5e3
e9f2101e
de06fa1b
f7e3d3ed
19ee1511
14150607
191c1201
ee03fdd6
021607da
e4f70fed
071e0d03
e5f70ee8
20e9ee00
f012ecea
05f1fed6
e8dd0bde
1ee4f004
f9eee612
0b0df9e2
11161fe4
0f001e1b
1ad6e702
0e0004e8
da022301
d70c18f6
dde8d408
e50fe8dc
f1fc0fdd
e20f1c20
16efd90f
eddef61f
fbe9dedc
1ef1e320
1d1f04e0
11fc1b10
141418e6
e5f3e017
07d7fdea
1feae9dc
05dbe0f4
1a1211d4
150905ea
e616e906
17e6ec00
2ae7da1f
e0130fda
f119e620
0d0ce31e
e002df0e
1adaeffe
e320fcd3
1de3e70e
ffe8eddb
e0f8eee6
e8171af3
e7f706f3
1a1fddfa
fad4feff
1afbee20
0de807e8
f8fa0af3
0b251513
0517e3d7
daf9f1e2
e8fd07d3
1ceb130f
f405e002
1fe2cdfe
f0011712
fe1cde04
fde802fb
f50bf516
df150bea
0de01af3
f018feee
0c07f4ec
0df3e5d7
10ddf0da
e3e1d8e2
01dcfafb
02f619e7
feddfe13
e1e700ee
18e3ec18
0d1911dc
22fd0ad8
00f6d803
e9fe2be6
da20f3d7
170e12dc
2610fa14
1b15de12
05f4e70b
f2021c10
1cda0b05
1a0ee00e
1cd51b0b
edfff104
d9fa01ee
05e90a01
1e0804d3
23090be2
d81113f8
1b06d502
2b01f5f9
d9f40bfd
f6e514e8
f7efe21e
e0e5e5db
ee24f920
1c1918f4
1724fed4
f9e51518
f006f6d7
17f2e2d6
ef02e2f7
e92402ec
e5df12ff
fb22021b
200411dd
23ef26ea
d81119df
db0de313
030af1fd
dae9001a
d92702e2
1110e5ef
d6f9def5
fbd70317
f0010ae7
f2e5e6f8
effa0407
1b05e7d7
101016e8
ff1c10f9
efe7f7dc
e01d0b1a
01dbe217
e3151b15
e7f8ff15
dd1ddce4
dd000517
0e02fbf0
f60bee08
dcebf406
1bfbd5da
f3f6ece3
daf7db09
12f009e5
f3cd05e3
edeff3f6
01e1ea05
191bd6f1
08f0d70b
f113ee00
e51afb11
d51d0eec
efe4e202
eb01d813
1516f90b
25f911e7
e3151513
0e0fedfc
1f11f0d8
eedbeb06
11070ce9
f91ef816
15dce8e0
e5e1f4dd
12200b20
e0e40005
16fc11fb
f607f90b
f51b050a
24d81af9
f2201520
1d1d0e05
fff2e9e9
00e111e8
f9e00fdd
0813180b
e51228d9
ef10ebf0
ddffdedb
06e3f7e8
1cd70eeb
20eaf9e2
20f0db0a
df1801e2
f8051f07
f8ffdd19
02ffe2f8
0a130bd7
13edef20
f5ed18fd
1206fb1c
ec0fdfda
efdc02ef
1201f023
061408e4
f200ece2
21f50113
13f904d8
1bf5eeef
15e91f17
20eae916
130b1e03
e8ece7f5
e2d9e316
07e9dc11
eae7f6f8
1de1dd11
e40f0b1d
eaf904ee
ff1811d6
150ef319
01fc14e6
fa08f412
f202ecd3
24deece4
110313f5
cfd7eeeb
e805e307
f804def7
00e2021c
e10ed9e3
e7ea01f5
fa170cdd
06000adc
de0e04e6
04d61116
e3160cf2
1aecd217
e5d7ec19
e6eed7e0
02e8ec16
0720deea
16e9e312
eef9dbe5
fae3dff2
03f015ff
e704eaf2
0dfdf7d7
21f21812
14170df3
e2e51d15
fcfdeb1a
f6e7f2ea
de20e50b
02ef07e2
1ffcf911
0610e011
dbe60715
eef9db09
e327040c
13e4eee7
f8df0a02
20110d03
18091e10
dbf2efe6
df18edfa
e7e3f5ee
291ef510
14efd6d7
f2ffe423
19dd0610
ebd21a0c
08ed1419
f201f2dc
1904e61b
fedee3e0
efe0e309
0714fc13
dad1f5ee
09020c09
0214eaef
e7de0905
13faf61c
f808d712
06e60dff
ed0d05f7
f60adbe6
df0bf3f2
e1fc0ae4
f3d9fee6
d0fbeaf3
0e1c1503
1adc14e0
f60c1e20
12df070a
f20c1310
e5f1080f
e70704d9
23d60e18
e1fbf905
030012d8
f915e4f9
d7131108
12f3d7fe
1f0b1916
e1fde81b
dcfc08e3
1c020af3
e7da131b
db11fd08
f3191ff1
1c0af901
eadedbfc
e6e9edf8
fbd8eef2
e105ebef
e2f20edf
0ddef0d7
0801fdec
0a0de3fa
12de2210
f4f308fb
04030d0d
05031613
09f4fcec
daff0c19
2314fa1a
ef22efe0
1d03131c
0512db0e
f9e2f6f6
27e60d02
e019ffff
ece80a06
1dd5ded5
fdfd03f2
ed0810e0
181f0302
01faec0c
1be4f604
11e80ae4
fb14fee9
0716def5
fd0f1613
19070c0e
f1eaf703
de05fefb
1a0620de
f2fc00d9
16220802
1c0313df
ee0f0a02
0f0a14f6
ef17dad5
e2ef1507
ee12f7e1
1909fa1d
fbf421e2
dfeaecf7
1a19e0d9
21f7d3d8
14f3fae0
1a00121b
1f10dde0
01d307ef
fe1b0314
fdd811f9
e4ec17f9
0ef0e2d5
181fdfda
f0fce3f6
f002e6e3
e80b03dd
f4dde9fc
fe15d50e
e9f3f9f7
0e15f2e2
e5dc0a11
ecebe5e8
f0f1e113
0a231407
e6110004
1504f2ff
1326e7ea
07052209
0fd718e7
0b2314f8
19f10bd8
e8f10c0f
d4f0f5ff
02e5edfd
181de90c
e822d002
d800dbff
1a0f0b08
fa0dd4fe
e315ef0e
1203191a
16f6ec04
f018f1f4
dce905ef
06f601de
fd18fa10
f0f8f7ed
0c08d522
ddf927f2
eaceecf9
eff1d9db
d7f3fdd9
d7ed220d
0fd5211d
d9ecddfa
e2000a23
21ffe1f2
1cecfd27
02e9eddd
26f2e308
f61cdd06
f6e500e9
041fd6e2
dff7f211
04fa20da
051f0f07
e80415e2
f823c322
d7d717fa
ebebde00
1811e108
0b19f3f7
eae41510
d9041800
ea200506
1327e90f
07ffe5e4
dd030a0d
f41e08df
f003ef1d
e9f51401
f0da17dd
e90208ec
ec1e0913
e7fd0e06
11ecf4de
09f018eb
f7e2dde7
ec1ce0e0
fe14ddf0
0ae60725
f7ea0515
f20cf5d4
1905dae3
ec170dde
041af705
e81de81b
f004f222
dbe21d0c
f7f0ece5
02150504
df040924
1ef2f02c
e513dff7
0828e820
e71fe7e6
e9fcf61a
10d8fcfd
21dff8fa
14d5dbd5
e6e3e61a
efedeff2
0511fc0b
0ad90be1
ebe1e504
ea0a1ee5
fc1cebe6
f5c710f5
17e51d02
15e313e1
d9ede3ec
e2e7e209
1c11e6fa
07fbeb1e
fddce1e4
d2e2efdc
0f0bf202
0cd520f5
120ef0ee
e915ddee
f1ec12eb
f7130fed
d9fcde12
eef4f4dc
dedaece4
feedd7e6
25fafffb
070c12ea
e11618f8
170528ee
030be517
f4e4f40a
fef3fb15
00f3e5eb
d8ff011d
faebe9f5
0bf2d415
e61cd40f
181d1c04
07fbdc15
04db3522
d617f50b
f6092318
e412c80d
1d1306e2
e915f1ee
09e7eeec
121704ed
f4e6f33b
10fc1717
fa06f9ff
daeceb03
0c0411fb
cefaefff
0bf2fa01
ed2f1736
f61703e9
f805ebff
eff40cf1
e4ebe51a
0ef8f3f3
20e5e2e9
0e29ffe0
16ecf9fd
17e0ecfb
20ebe0ea
23eeee08
24fae4f7
f4110ee4
0cd70623
fbf10f0d
ff1efbdb
2bf5ebe7
0fe6cb0b
fc0d1a07
def21723
d5193505
bbe1d716
04e4fcda
fc18f6c7
e528fce8
ffdc0cf3
09da0e0c
e8e7ebf0
35150de6
dbf6f71d
fb0111e3
e0f7d3e6
fae20def
0445ed1b
0be9ffdb
d2fad7e6
0c07f8ed
da2e2f03
0015120c
3c16f80e
10000cdb
1dd708ee
12dadbdb
eed7dcd3
efe61204
fdec0c07
1b1d131e
e61613fe
fb072cd4
0ce6f424
e11b13f3
0af1d2ed
d9fade0c
d933d813
24f11a1f
fdd5f2f2
02030737
f2dee40a
1aeb0de2
d010f31f
12efe9db
15f51af3
dc0de414
0d06e52d
1b0dfd04
c6d1e1d4
dcd452e2
2904e5ec
f11ce517
dd09ddf8
021ee808
e8e3fce0
0ff1f2db
17e9cfff
06d6ddd4
48fedd18
12fe1b0f
1cd4e6e8
1c1728de
071bdf05
14251ffc
23e8fc44
0d1ac8f4
ebd51812
17e136f4
e9eaec1b
e8001b0b
11daedd1
0a162704
f8e42616
0019dfdf
ebec26fe
0df8dd04
072110db
1112f811
0b1af5fb
e9d4f7db
fd12050c
0de5f50c
dd171de4
ebddcff8
d6141ee0
25eae812
faece51b
faff00ec
14f70517
f4ebf0e2
f309f2e7
df14ef06
fc02eaed
da2cfe17
1cf5061d
d3123fd9
f610e5f2
faece9fd
2ed5de1f
f3dffee0
d502f702
fd14f81e
15de01c6
f31ee7f0
13f4f60b
1fcd13ff
0ffa07e4
e904e920
0b0f07f0
e6f6f8db
e21ec83f
0710da01
bb0b05c0
e7ef190c
f4e9f4ce
f10619e3
e1eed006
02fc14de
09f8e401
fe1cfbee
01e2ef19
ee0ae40a
1be2fe2b
e21809fd
e9fcf6fa
05ed120a
ede8eef4
fbfff9f1
f216e73c
1fd5f4d9
0dec01f2
11ec3f0e
f4d2cc00
141ee7f1
db1421f0
e2f6faf9
fb1c0001
0eea1224
10fe0af0
1a11fbf4
1715e9dd
e4f4180b
13fdec07
dbd70aee
f9caede2
fcf1e40d
e721f10b
fbe8e3fe
fb01f3ed
ec02dc2c
33ff1838
330d1a15
e2ebed0d
f71dec01
e80df807
ea0711fb
ef14e21f
15291dd5
df0fdc25
0301f40d
dcfecdf3
0b0423ee
f5e4e30a
def7092a
dbdfd2ee
e222e9fd
e2d9f5fc
f4d71514
e3e3dd05
eafbdb10
fadf0fda
17f2fc10
ced825ef
f2e6e0e8
f9e5e828
e3fedf22
1cd11923
d3f103dd
0bd6fdfe
18e20ae4
11e513e5
0527e019
07e816d8
ffcc050b
1115c501
171e1900
fdf4daf0
fbf6e62a
08f30b21
0016f005
140c1904
eaeef81f
e8f6262e
0b2100e5
eb10ece0
d8f318ef
c0e91b0b
f6d2df10
f202e9f3
d1ee01f7
020fec00
e6effa0d
defddde7
e7140be0
19f100dd
0818ff15
e41017e6
f714e400
03e81e07
e7e2f7fe
042217d5
e5dcff13
fe33f014
2a042321
2ceffde9
e4feede4
d6f5dd0a
0ffede18
fff51102
00e41b12
010207e3
0a22f0f8
f425e51f
06181af7
1dd2022e
2a0cf1d9
0af21108
fbf4d8f4
efe60612
e6ddedf5
e0e90ed6
fd15e637
fde2d8ff
04cdd70a
edd6d3f6
0df8f0e9
e71dfb12
01db0200
10e2f539
d307ee17
e0d80efd
0cda12ed
05d304f0
ed111be6
081adde7
06eb0bd5
dde6fee1
fbe2171c
fbf9dee7
daf7eee7
13f702e0
2914eed9
e5ecf1de
da1eea05
e3ff18db
fe1ef9dd
01f0e038
f9e1fbda
e1e8e715
dfe10cf1
e0e107ed
da0d1ce7
e205e5ca
2007e0dc
0de025fc
0ed6de1b
fbfa1515
270308d7
d7f70cde
0df4e0e4
eb10fde1
d91400ce
e3dfe418
ed0fdf11
0e210fed
000f00dd
e5f427f3
0ae3f9f3
0e08f122
341309d8
06e004e3
e118e1e3
f2f8f314
ff1dd80d
f700daf5
ff23181b
ea0de031
f42135e0
f105d0f5
fff103ec
f9f6f2ef
d0e90bf0
d2eff20a
0006ddf2
dadf07ea
e6e5e4fc
d9e52016
f5e5071f
f51b1900
0e160802
ecda18d6
0516fb1e
dc1ef236
eef411e5
d8d7ebd3
0a220b13
f8f9f0f1
0f0df200
f50404e4
16cf1e13
f3f5e3f4
ea1818e2
f908200b
f209d4d5
2202e6f6
f61f1fcf
e1deebf9
04e018d6
0dfddbe1
f02009e4
30f0dc0b
110004f4
1ce5eedc
eee40fed
f8060fda
100aff19
150221d5
11dcedef
eff8f907
e9e7f0e2
e4e601d5
0d08dd0d
ebeee5e2
05fd2306
020adeeb
15f0151d
20fa17fd
f81e0ed9
f2e8efd9
0fd7df10
f9f714d3
e3f7e403
2d0f0a24
2d180bfc
f4130ff3
e8111714
1af7df0d
03d4d1dd
ec07280c
1de501dd
07eef30f
e422fbe7
dbf8eef2
fcfe2913
e42bdb12
13d9def0
e0c3e306
10ebdde8
e6e5fa21
02f1160c
efeaf7f4
e81cfce9
d7ed10f8
fd1b09d8
0e011717
1306e0e1
0f15f513
e1eae421
0ed01e28
e4f60fd5
ee20fe20
fadef6fa
2cf2ebfb
0cfed8de
001bfe10
29e01219
12fd0b1d
12fcf408
1f21f42c
fceef30c
0e2afcff
14d1d20f
e907e518
edea1101
04f93232
dff421e0
eb1dfbf5
e61b1010
dbf3eaf1
07efd7e8
f91bfa0f
f105e7ec
eadf03d1
13f5d713
df19fd0f
22d91106
f0fef0e2
eee4de1c
ddfff9f7
0bd6dc08
f401150a
2dd9eee9
040c16e1
e018fb26
e2f928df
17f6e604
e9fcefe7
f91efad6
e1c9deec
f801f7f8
072305ec
10e6fa01
fbf3ff01
1716ff2b
f20dd314
05efda14
fceff4f2
1509031f
15fc19d8
0beedc10
35f213e6
ededd80d
18dc11eb
12e2faea
f9e305ea
dbdd0bdd
cdf8ec01
f5eadad5
fdd8f8d4
14f81b0f
ea071843
010a0310
0a1900f3
f3d93907
e7f0f609
10d401f8
110007ec
1fc706f9
fb0be808
1e0411f7
1011f60a
dadc07e6
0cf3111d
e6e1d9f7
dded02e1
0b01e609
eed8e003
f4fcec0f
eafa0926
f8faf1dd
18dcd2ec
09e21617
28ee1efe
11faec02
e5eb0b08
fae2dfe5
dfcd0ad9
fef6f715
de0408de
14e2e70c
fd10f4eb
07d5e002
ff0ff4f7
dbd30aeb
de0bebf3
ffef28ff
f0151ce9
0ad7181c
e9f6111a
e606ed14
e6fc2820
0210e0d5
f1f219d2
dbe80622
d41912dd
ff1006f2
f0fdd5ef
f70317f4
e2eef319
09d92914
f9f003e7
efec00f4
1e2211f8
080dd3e6
17d8e41c
de10eb01
e602371f
f8f91cfa
10ff0be0
10f3130e
052006fe
0ef3e90a
ece516fa
fbef0aee
fb25f434
ff1adf20
150de618
d3ed110c
f619e82c
dc010010
efe22cdf
00041806
0813e006
1b040cdb
f6d2050f
d7fc0e07
2be8f0f1
ed04f1d9
d9fd1520
12e7f60b
ffcfed05
f8fd021a
f52314f2
0f11e71d
fefeda16
e0ef00d9
19e8e3d9
da180f1c
0a1af028
e40e022c
06f7fc05
1901d305
fcf6dfe6
f2120ded
0dec0aea
f90ddfe6
fe1eec08
eddaf0fc
24dfdedd
1002eff9
ed01fb13
dcf5f30d
d80e1fe7
1fd0f3f6
f00601f8
011a090d
f2e1ead7
dc1701f5
1c1ad518
deeeebcf
17f20b08
16eefcea
02f2230e
141df710
f71422f3
061ae612
e4e7011e
0afdf8e6
e1121614
0af1f8e7
f11e0b16
d2ef1aeb
e3e2eb17
e4d5fcf5
04e9f210
21f4f6d8
f0f903f7
0914f618
170f1bda
f805f1f3
e41c15de
dce41ced
ee14dfe3
e516fd0a
0a1ffd1a
e52305d7
fa0eedde
19d61904
ee27fe21
1306f6ed
e4181de1
29f2f421
eafa081a
d203fef6
eb1ae8e6
0f16f8e2
18090f15
f7e0daf9
df0e1cf0
fb1d07e8
d90106e2
22e709df
1a09ef0d
e90208dc
de1cf7fc
e618f91b
1ae80508
d8e8db17
090cf5e1
fc14f410
10d8dc02
df00eaec
fbe6fd08
231a21f9
1602ea08
00f4feec
0b0203fa
eadde01b
d9ebeb21
d91ce5dd
fc1a0612
00fe1efd
1304f306
e6deead6
f3e215dc
dae3d82c
f2e617fb
e61f1adb
0a081118
1bf41e15
0dfa091b
f1f5071c
e1edfcd9
12010ce6
f4e80d01
1cfdf3f8
02defc1f
ddd5fc1f
faf8fc08
1419f906
d7fee9f6
00d2ebf6
1c16d711
e71dea23
fefff2ff
0e09e20d
2106d9db
f6f818d5
e9160e03
e9e2fafe
03e2f017
02f2ff00
07ff0e02
f1e8e407
0cd3eb0e
2aee02e7
deedf5f0
ed1409e0
1de6061e
18f8fa17
d8f30a1b
f80ffaf6
001d01d9
03180800
23f809fe
1df3db10
dae203f4
0603110e
f51b03fc
ecd8130d
09ef1d1e
fff118f1
e1fe111a
fb12f7db
1f1d121a
0bdaf7ee
f31f0cf7
28e910e1
d3f805e1
f60e07dc
06daf8e0
17dce3dc
e1e5e7ec
f2001fd7
190701e6
0c05eaf1
0e21f313
121b0215
01de01eb
fd15daea
1ddc18e1
dcf31414
effcf920
f215ec20
e6d7ec1b
1e16ee0b
051a1706
fc0ae4df
ef0b07f5
14e6ee1d
0cf4ed06
f5e70bde
eb0d09f0
fd18f915
0520d7fa
2009e9df
04180df5
1e09180c
17f2ffe1
ff03f81d
1816e3f7
e50d0915
f5f7eef4
ef1fd904
1b1d0d00
fe17f2e9
04eb1de3
fcdbfd0e
f3ce0904
f6fde8e6
07dde6ec
0ffbeb07
142209ed
fd021c03
0e1af612
f416d5e7
ddded7f4
010efed8
1ff014f4
ddfee2dd
fb0d06f2
08040d06
dc03f5ef
1de00c04
fcd920db
22eaf81e
def2dad7
0dee0e14
0ad31019
f6ece9f7
ff131d16
ef03ea19
db12fb12
f01ed415
0be9f8ff
1d06eb16
e3150805
20d7f4ee
fae6ed19
d8fae9ec
f5dae4f3
ea010dd7
e5f7ede4
1ae3ef09
ef050bfc
10df1d00
03e918de
fadc07da
1be50002
01e3e6e7
ede01712
ffe3ec07
04281e10
f9d9df21
e8d903eb
0101fdf5
0a1bd9e7
f60ce5e9
01ecded7
200bfd0e
0eeff7e5
140d17fe
0f170ce8
1bfb0902
e3e10d0c
e5ded81c
11edd910
1d14fef8
fcfc0605
0318f60e
1ee804ea
e5ed05ff
1003001a
f0f9ebe6
1de40411
e0de1917
eaeadef9
e0e0ebeb
211b041c
12e81ee6
e7191de6
fbede8d8
eff90e0a
ec10fc04
05f40d1f
f11c0df0
e9030e1e
e1f40809
d6f5eae3
0bf60cec
ffec13dc
fdf20f04
16f9f3f2
ec1d121e
20e2eade
17f116f9
22d81808
ecda0305
100607f7
e21be6d6
0fda2506
f6190807
f3e3e6e7
0de803eb
09f9f6ea
db1f06dc
16f1daf1
d8f1e5f2
d8e429ef
e404f30a
f4dc000a
e11d1fe9
10d7eef7
e6e709db
13000210
21d7e307
e71fdcf3
1523e9e1
eefc24d7
efe51af3
f51ee3e7
fa1d020d
1ae615de
fc0401eb
d71412ef
16e3f72d
efeddffb
eaec240d
f51ff1dc
08ff1afb
050bd9ea
dde4e1ff
d8061fe9
1801eaf6
df14f514
04d6eef7
f3f0d9ea
21e8f707
07f7edea
df1d17e7
d91fe4f7
fcf401f3
d61c04e8
18efec0f
e61d05fe
000505ec
f5dd2307
e9e204e4
1fd90ee8
0307e006
1e14f9e3
080104f5
1d02d915
0cec1dfc
03ec28ec
de0ef709
0cdc1e15
16f7ffd6
0717fe08
0cf21014
f5e410fc
e8f7f0f2
22d2090e
071701e5
edeef614
efdb21fa
1303e0ff
f00e14ea
101ee6ea
fb18fce5
f60dfa01
e7f81b0d
f30be5eb
1dfa17e9
08f0f6db
e0fe1cdd
e4d4fb04
0eebe3e9
0eecf7fa
1e18eced
171f08d9
1b1c1a11
fceb220d
ec0bee06
f10b01e4
da19040d
eaf60eed
d914ebee
eb1be6e1
0208db0f
ecfb1dfd
d81decf7
f80c0308
e1f30dfa
eef8f616
0826fee1
e1eadf19
15daf60b
f11ff3f4
eaeaf7da
ee08d6dc
f4041efc
fff3d9e4
1c020418
f1dc06f9
db1a1418
d8180c0f
1c00f4f7
d5e6d81e
fcfc190d
11eaff1f
eed80be7
f90120d9
f7e6e205
210718db
e3e50701
e0051804
e114ea02
ea1e0f02
0702ec09
dc20feeb
05f9e4fd
f3f5fff6
2b02df0e
fb04fadc
f9201513
0beffd0a
f6ecd9fd
09f2f6f9
f51014d6
ee1bf517
151fd20e
eee6fe17
05fc0bff
20e5eb05
18e2d9d9
00ff2d09
e9f9f00b
fa2212e1
eee1f9f3
e1ec09f9
000306e1
d7d8e8ea
f3f10114
0fe6eb08
17f1faff
d20d14ff
eef6f7ff
e708defe
d7ecded4
d60ae7ef
f9eb1303
060106f4
161ffd2b
1e0be204
dbe6e907
ffef1aea
efde1218
d8da09f2
eee506ff
0edf1ce2
dfe008e8
dde4fafd
fc12280d
f0defbea
edf10a09
16f71100
e802f713
ee041bec
ed010e01
17fbeae8
ea0aebe5
dbfd1920
f109d509
e7d81bdc
00ef0522
fa14ddfd
f6e9e5e7
fe161ff5
df21f101
faf0f4f5
e8fcfa02
14ecfae5
1505fa08
ed150eec
15f10b05
f9eadaff
0aeff104
1721de1a
eeece901
e9f1ec04
dfebf90b
060ff90a
03f81c05
e819f81a
d70df71a
eff617fc
171710d7
f416ec12
00edfceb
f6e706ea
04def7e7
0fec02ff
ff0ae0e4
e3f0dd22
e92200ff
ecda1eff
f111e0e3
1b22f3f5
eedfee12
d9f408d5
ff1a08e0
261bd7de
d8dd03f5
dae7f513
eeed09d9
0d1f1bef
e5e118e8
e2f40f0e
ecfbf8d9
0ffc151f
fffae81e
070ad9da
dfdb09fd
0b151613
21141ae4
df0afcf7
efefe4e0
e3e4f610
05ea11d8
e4dcfff4
17ebe50d
1b05ddf1
f806daeb
f3ece8d5
d81dd8de
04f2e828
eb16e3fc
1b1c18eb
e200f6d9
0eeb07f0
1be8fdee
21d5f924
2ae0e6d5
fbf60f10
e1d51006
18dbf9d7
d5db0fde
ddf11cf5
03f9f7e0
dc15d3de
eceddbe3
04db18d5
160a1eef
1af1060d
fee71cf3
1b17f1f2
ec1701e3
020d030e
0b081fee
05dc15f7
f41ffbfc
f40205d6
e1e9091b
e2e2f8d3
17ddd302
e8f5f4e8
0311fa1c
f31fe521
eafb1fee
fb130705
e8d5181b
e5ec0fdc
1b1e0b1f
030011e3
0b1910f2
14ecebfa
e3030a07
18e1f718
d7ea200d
f7dc0fe8
e8190708
e60efbe4
f3ff20e4
dfe1ec12
0afc2012
d5f4f5f0
f907e615
1303f311
d801fb0f
dae00021
f921151d
f418ece4
f8db071f
f0efede5
e7e2ee0e
f4e5f7f4
1d1bedf0
1f02e4ea
f70a1003
d602d301
000c0a1d
1ee7f11e
ead61718
2d00d9f9
1f0bff00
f5dcf8e5
1cffe301
f319fee1
e60301fe
f3f8fde8
dedfd6d5
eef3ef23
faf50dd3
eeebf3e4
1111080f
fef2090b
fd05da0a
fff715fd
f6f5efdf
dbde1d15
f9ebd81c
190a12d5
f61dee0d
dcf8f7d9
14eaf6e0
ecf2dd13
e827fa10
0ff814d8
d3e2f3df
f307e4da
1b1a0318
f61c12ef
efef0a27
ebed0b0a
17f9191c
230213fd
f602e3ff
161b21f3
fce1e30b
10f31b07
181a000a
dbfe15fa
1e0be71e
e4e421df
2116ffe6
2327dd0a
e8f1d700
0afdef13
e0d816ec
16f8df0a
1fd9e1e7
ef10eb0d
ed16fe19
f4101214
0af2de02
f523f6e9
fa110efb
0023e4d4
07e302d5
e205f2f3
132211d5
f10d1e1d
1edcfaed
d7ddd7e9
27faea0e
f3f1ddfb
05fd1319
12d3ee0b
e7fd1cf7
19f4e4e6
f5def52d
1c1c0dd8
f903db07
02daf5e4
26dd0f0e
eed7d721
dce704e4
dff41703
ffda07fe
f117f3f0
1d17e00d
e3231917
050af305
f20009de
1e0de9dd
d90ff7e0
e1e415d7
fb0704f3
de01fde2
0e1220dc
19f70807
04022003
fff6fedf
fd10fff1
f9e406de
0ef6f4df
20f0130d
0820f221
fa0c12d4
16ee1004
1d0c121f
09d6e1ef
f3e3ee0c
f20ce3e8
f70cd311
1a1e1c00
2af622d6
e2ebe7f5
0824d711
ebfbe6e5
18dc1504
08f9190f
fb05f300
edebf5e5
0318f202
1fed1c08
0be2dd0e
e413e719
e5f20e1d
e2fefc24
1edd2015
dfe8f005
13f9050a
253426f0
2513e7e8
03ece409
040200e0
0e0a2af6
f0ff120b
fc0cf8e9
e2f3e111
f8d6da19
f1e8ee19
1a0afd20
040522fb
e7ece410
07d60cdd
fbdf0913
e51ce903
08de0ef3
ebfbfdfa
f2fee1e6
1000f01e
e5f11612
f713ecf3
25de071c
ec0206fb
ec2129de
0c1ce717
1d1cf2fa
1d050113
1b21eaf2
0609000e
1e170114
f623fb10
f416e7e0
1e1012d8
e8250423
05f205dc
24d8e80e
f42003fb
f1ff1bef
221b110b
ea2df3e5
1d0bec00
02d9de01
1a29f803
df1ee301
e0dd20e1
e0db041f
fb01e91a
ee170de9
01f7ea1e
f4d9df20
0f04fbfa
1ffd1ee5
f0ededf7
dc0608ff
00fbfef8
091fe6d8
2217f2d6
f310e2e2
0bf102f5
1708e517
fa0e02f3
f0f90e1f
11efe01f
faf21bed
f9fbf5d5
f6061bf2
fcfadd02
f5fd190a
f901f1dc
10e2e8ff
e1f3fb21
e7e3141e
2df009f5
ecf51ce9
1616f517
1dfa1820
031e0d09
191c0d13
eaf3e715
fd1ed424
161ae9e6
1519f0f3
f9ffd7fb
e4e80e15
0615f5f0
e80119ea
fdfaf205
d3eff9f4
f9db0dee
dee7dd09
1702db17
1be71410
09e0d510
eb04e1df
eb29e504
e2101ce0
25fddb0c
eaeeecec
20e0e218
e805d819
180d180c
d8e900dd
18071a28
dc1d1ae5
edefd719
d802eafa
fe06e50e
1922fce2
e418dc15
f5e9100f
030e01e9
210bf8ea
f80305e2
0ce70b04
e8f8e520
21de0f07
ec0efc12
16d6f3d5
18da15f5
1b16dff8
14ff10f0
ec33d314
f413fbf8
eb171ee9
1e09f11a
04edece3
17fa0ef7
16f1160e
f2e0f8fe
02e1d4e3
eeebdff9
ed1e09e0
1014e00d
20fb04f9
0a1b0de2
f1120c14
fbe001f9
e716e824
1d0c1415
da02e9f6
fa02e11b
05eb0dfe
f1fd1e1e
0506f111
e3e2e4e3
fbd5f8ee
1303e614
e8efd91f
fb1d19f3
f00a1cdd
2de50809
f30631f3
e90dfcd9
e5102412
f8ecff16
f1df10f1
0cdcd8d4
0d010a0b
df260c01
f9e80c0b
180df704
df09020d
2212f30a
de12f1db
0debd524
10fd1edd
240ee8f5
e0f0da18
1a08061e
091bf503
f0e0e202
042e0713
0703fdea
050a2016
2312dcf3
e6f9ecf5
edf5f116
221c10e9
fbead921
f9ed0dee
f41ce6fc
d61fd708
f802f6e0
15f8081e
0c00f016
13efdfea
f8180600
f718d508
ff25e7f5
14ff0908
d600fc13
22fdecd7
dfe8030b
dc091621
f7f0ecee
fe18e3e2
e0e8dff0
29f7e5e2
de14e614
f8e4def7
241af2ec
e1f00713
1eeedd16
12f0e1ea
e9f2e507
d8ffe10f
19ff0fd4
1b2003f6
020002fd
0fd711ec
e5fbee21
eceff4fd
d7f816dc
14fa24ee
e901dfff
d4d90e01
1de4df17
dc170206
fae0e6e6
0bf6100c
0cd9dcdf
04dedaef
e204d71a
dd09ed0f
fdeeddf1
fa25e900
1dec0217
27ebf50a
e61adbe7
fb160a13
ede3d60e
1d14e706
17f708fc
00f3150d
f103ddd9
f120de0c
fadfea0d
1d151ffb
e919eb0f
f914f818
ee00ed11
08ea1af7
05f1faf7
fa03f3fb
210e081e
13ee09e7
08f4e7d6
e4f7def7
fff6f4e6
eee41ef0
2bf405f6
f6e81809
27f40101
f81011ea
e4111310
0af4d515
0f1ffee5
fafe10f1
12f20ded
11230904
ed17da17
0cf6ea0c
17fdf21c
24fbe70b
fb08da0e
0a09fbf7
f1e6fee9
f32215fa
0a2019eb
120204e9
18ebe9f7
12e41ff1
fe18ff02
fd0cffdf
ec1916e9
f4120ae9
04ffee1f
f0f7f912
11090304
13d82d08
e4f72008
f4e0dbf5
16f1de02
e4d9f809
f514dfe6
1f120206
0d0de301
e223e21e
1bfd0a06
ee290ced
2afa1bf4
ff18d5d5
04ec1fe9
f2fb1d0e
e805f6f7
0deadded
ee2304e6
f1f90a20
1dd8e518
ea29df0f
14ff2009
01e71013
eff70b12
131de5dc
f810100e
ef26f911
dd15dfee
02d5dbe5
dedbfdfa
dff3f509
faeff211
d7daf4e9
d6df0c1c
f7f5d5e7
0fda1d09
1efcefd9
0315f2df
da1f0afe
dd0b1613
17e51d09
ed10e5f3
1415011e
1cedeceb
eaf2070e
1bf40418
e2f3edf0
0f05fddb
de111afe
f0f7ffe0
03eddd20
f30f24fc
fdebdfde
e5f0f302
fed6fbdc
e2211bf2
1ff50bee
f4df120c
22e61ce3
e313e8fc
f0dbdcd9
06f71ce7
2304ebf1
ec1d011d
eae40018
0901dc12
1cfd0a05
ede01714
fb03250f
d6fc1fed
06e1f0e5
15e3e616
1fea0bdc
1903d910
1f1321eb
1b1fe8ff
f5f21304
06f6fc02
e11ed7e1
14feecff
f4fb2102
1cfbf31f
1707fcf7
f0e7f117
f3e71903
eefdef0b
0a1416f1
e90d0819
e21c1220
1d040715
fa101416
0df5ec1b
e4f51c1b
f504eb1f
f51915f0
e202e5e2
d8e9f101
0401e8d6
09ef00e7
eadb2319
f1e50717
1e07e80a
14dd05e4
e91c13fc
22011208
161bdfdc
1f02ef15
1615150e
0e19e8de
f9e0e8f3
fff4f5e9
00fe03ed
fbe3e920
0225fb1f
e9eaf809
f5eaf220
e6dc1b16
20d8d5e6
0904fe1f
0b1d031b
f31d1316
d91dfde1
2516e9ff
f7f90ef2
feea0310
f11bf208
e624efd9
e9e8f712
fa13f316
1118f915
db0f01f2
d5eb0ef7
0c080b01
18d801e3
0dfcf5f5
fcf21322
0ff5f900
dfe5f11f
0ed80905
0118e60d
e7d9f6f5
e512f9e9
e60b0d0b
0c030f0b
0d23eadf
00250c15
d31806f3
e50a1e13
e515fd0b
fdfeec15
240ffefb
25031be8
21241d10
eaf80cf8
fdfbf8f6
fbf40ff2
1fe4eae2
16dae0f9
e912e5de
10dde40e
e326fb20
e803e4ec
d71deb23
181603d9
2222d717
2d130518
11271ae5
14def1f6
19db09fd
f1f300fa
0e09ece6
d910070c
e62518da
19111c1d
031507d8
07dbdb07
1619ee08
e702d911
dffdfaf1
13f30af4
eb1413f0
17ef0ade
19fae821
e7101ed9
eb13d817
e0f51f02
220eead8
06110ffa
011c16d6
ef1ed4e4
081beefc
071402e2
dc15e6f4
dfedfadb
e9e30216
dae2f2d9
f906eded
060ff907
1a16fff6
dd221de0
06fc0e0f
1df2e3fe
dcd0fdf4
e2fd02c1
e6dcf9e1
f1e21002
d0de05fe
09e9e7f4
f020b3de
df1615f6
dbeee6fe
0adaf608
fde4ead3
24dde407
e12012ea
09ef1b0e
e5e7fae5
c3b0fd1d
cc02e1b6
00ed150a
e4ccfedd
d404ebde
e81ab81d
d5fe10bf
dcbb1202
f7e6fef7
081af105
f9cafbd7
e2f0c8f5
d4ec16c7
d4fde2fa
cfee1ced
f30202e0
0e01dbe3
cce1e5eb
f000e8e2
0be2eef3
02c3ece8
ebeaf8f4
221017e7
c20b0dc9
e50decc8
bbe40df3
d4e3e4b9
dc05e400
e4dae508
03e6c0e5
18001317
ebfde6db
0ff7cbf1
0d0cdbe1
be19bce5
e10ceff1
e810d6f2
f007f716
f3c2f301
08decb13
dce6e6e2
e2fb0515
ea061209
00db09ea
c3f8e6f3
e1d509ec
1c040105
1dd8cde5
20f8e9e1
d3f5ec0f
10e4ffff
0ed3f0df
d8e31103
d30cda00
2ae7ef04
ea19fabe
f7f5db17
dfe1d7ea
e7ebeb0c
e7e0f41e
faec0215
e6e4e4d1
1102e716
ebc6c6ff
f3f2d9fb
bde303eb
bce23015
ddda11b5
ff081cf6
ffdbca1a
d4f009da
e9da22f5
02ec06f1
ddfdd9eb
27d003fc
1001e8ce
1b0e0202
fceb13ff
0b0fd2db
1602dc14
eef8e50e
1ef4fc08
16f6c206
e308d527
e9e0ec1c
c6deddef
18f208d4
fbdf0af1
c7ff1e06
f1db26f8
e8dfd5de
f0e1e6e9
d4e8eee8
1026d809
dde21d12
ddfbfef7
e107160d
dff2ee08
11f0e0e3
d7fbecd9
0f0df8cb
f610e21b
15f91afb
d7cfda09
f905d2ee
1beffddf
d515f119
d7ed2ae3
d314ecd9
cce10fee
02f519f3
ffbacb25
19f5160b
f2d0dad6
f11dedd0
15f1e7c1
eef721ee
fafff918
2f10dcc7
ff10fef5
f7bc02ec
f811fee7
1503d7ef
10c612fc
e60afe11
cce504e9
f4d7e224
1119f105
fee71606
b3fbf9c8
e8cb00fd
f2e01fcd
feef131f
f2fae2ea
05e10fe0
febdf30a
1f13ee00
f308eeef
17dd1eda
f4cce212
d204ecf4
f7f6f3bc
10d10ffd
cfeb22f3
0a05d514
0cfddc01
03e8c309
f7f10bd7
17e4fa13
c01902ed
e1f41a0c
e5010af7
f7f0ffec
d2f80302
e1e215c1
120202e8
e1f1d3f8
1af8d6ea
f7ef07f8
0409e203
e803e51b
1cb8f200
020ce6d7
d309ed08
d6f4b2f4
d610f80e
16db0fce
1cef0100
08fc11ed
09151bd3
0cf5e1fd
1cea3cf6
dee6e8e6
fcfae0ee
d7c2ff0a
f8f0cee1
0af710ce
d6cf0be4
17d51fc3
ffccd50b
bfdfe2f4
14cdfa17
29ceecc8
f0f0f30e
fefcf00d
df0ff6d9
d2eaf12f
3df818f3
03f6d81b
00e7f3f4
1df2100d
0ae1d906
c8faec0d
e9e4e4ce
12dd10e7
f318e404
d30ee1f4
15e2ea20
da09e7e0
f20ce3f2
24fbd8f5
dae2e60c
18091fe3
07f8d2e0
d7111df9
fc01e4e2
ded5efdd
0c18fded
cdf2100a
ea18121f
f302cfe0
f0fa0a16
1d03c307
efece9e7
37d6e7d5
d5d8f10b
d8062d10
0507e9fa
081508d2
c11014ec
06f60122
fae9cbf3
df08d5fe
d709f3ec
0aebfcfe
061edeea
cdd7fdf6
c8e31fee
f806fab6
1ad41814
efdfeb0a
e0fff3e3
ef00eb08
24d0e204
d21108de
2311f0fb
d0101dca
bc1e00ec
d5d11605
fac5f3e1
fc091b0c
03cc0a08
16e7210d
e2e9e827
e10f181e
111e0a13
3bfbfffa
c2e1e111
d8f9f90e
dfe2d8df
efd6e728
08ebf904
eae0d6e7
12eb091e
f0f7e1d7
0cc7d1de
02cb1816
f2da0312
2f05ebfa
f617e2e2
f8e90f08
14091c1c
01ddf707
1b01120c
ece1eac4
d3db01e2
f4f716d2
fddff30f
08fef200
dcd9efe6
cf14ffe1
130c05d9
0adb0204
07dbe50e
ed1d11e9
2efa1c1b
00e4e4ea
09f5f1ff
28d0f2e6
09011cf1
da021ff0
f5210418
17df0ec4
bfff1bed
f2e60f1b
1f17eafd
180bf817
08ded70d
180c0af2
01f6e60c
f9e7f7e4
edfc1cfb
11050eef
14dbeedb
0c0d04d3
ead2c819
d7091209
e4dae1e6
e007e4f0
ffff18db
c91b0500
f7d509d9
2110d425
07ecd908
dff6dfe8
f5e4c0fe
e91933df
17fcf012
e8fb07c4
cb110cfc
2beddafd
07f422e1
ecdafced
e4d913fd
f5d4f2f5
0ce0dd1f
e0fdf1f3
0ce81b20
fbf203da
d4ddf80e
e1d32304
02f1fbf4
1e00ece6
d6e5ea12
dff921fa
081ad9ed
eecbfa13
f0ddecda
09f2f60c
c6251109
d9f00df9
11070b1e
f6dc01e5
dcfb1df8
f30b1cf4
f1f1dce0
12e1e108
240fdac0
feeecdfa
e7deff29
d7e3e9ff
17d503db
f1d5f115
07d008d7
19ebf504
f1defb08
021d15d6
efec01e7
ddd8fe19
f81416f0
f20bf3f0
060adeeb
1e1ff7f7
0decd6e9
1d12e9f7
ddd01b13
04fdf0f0
0209fa00
f2e226e6
d3f40ff2
0aecd5df
fdf6fdf3
25e4d806
f9e61fdc
03fd1dd0
25e0e6e6
0f04e7de
d309d7dc
d80d0215
1b07e203
fe22ebdb
20ea01fb
20e51b1e
e9e606df
34ef02f9
f011eee4
e80e27e3
0a252108
140d0b30
02151af6
200611e2
1a10edf9
1a14f1d4
15e525f2
c7de13e8
fad2d103
2904c7fc
fd00f627
06ec09fe
deda00e0
f525e111
f20e321f
21f0e207
d7390007
d909ece5
f52b0ed5
04cafef2
d7dbe001
090611f1
0d36f0e4
dd00eeeb
f7fd19f7
fe101afc
36efd12e
080fe915
e306dee8
3ce4010f
fadee6f4
07fb2cdd
13002006
0604efd2
c9d005eb
ddd9d419
eb2406f6
06f7fbf3
e6f819e1
dceee803
ea1bd40f
d806dbeb
f3fa03f8
25d10dee
14d91c09
cffadfde
03eee5cf
d01e17e1
fdd809f7
3a14f302
faeafe22
061b10dc
e20ff6e0
1a20f712
0305f5eb
0c1d1611
1ad802e0
06ed01f6
2a0a1d25
f21ee405
04361ade
ff161ede
d1d9fce0
dc17d3d3
ea2522ee
f41fff49
24e5f513
f5fb0403
23fc143d
10eaf5fa
fffd18c7
ec101128
e018fae9
3610ed13
e1f0201c
de11e507
0beffff9
0c36f3eb
16092f04
0cfeeb1d
ce25e0f1
0329f1df
fe231ed3
14e80213
ed1df810
db012dec
e10b17d5
e9292f1a
ef1621f4
fee10e0e
33daea31
0e01db03
050209ee
2fdddefa
effffdf9
07e1170d
0dff0a19
1113f719
e317dffb
0012e20b
d8262d07
dbf8d71c
f31004da
e7e7f317
1302fa15
edd6110b
03ec1411
faf016ee
14f3dfe5
07e721fd
011b2709
cadaf4d8
14ddefdd
25100300
1c050ce4
18e0041b
f1eaf21e
dd0513de
01f91302
e52d18f6
e4d7e2cd
35e81ff3
1a1bfa2a
f921ffd9
151501d4
2d0ef1e7
0aece8e4
f923eaf7
140a0f0f
e5150130
24f0db17
dce0f004
08d5f427
1cd0eee0
1526e6ed
eddaeef0
e812e71b
3727eee1
190c001f
1417e8e1
f6fbff18
09030916
e1fa22ff
26e1f8f5
b90810e0
0927e209
e01ff7de
1c1901f9
f50615e5
0dea3107
150f17f7
e7ed1115
241fecd3
14dbf1fd
f8fde61b
f70f0de7
0fd7dd1d
23161d11
0a0e17f0
0add341a
da0ed1ea
150ae5fd
0314fddd
19ee1737
1c050adb
e10418fd
e9f70fdf
d714e516
09f9e201
e6d9f5e0
e7f71fdd
2fe6ed03
edd7ebd8
04dc2de5
0405ebcc
0efefedf
ff0de21d
38d80efb
e6ee2e17
3208d3fb
fe1cd820
e7edf7ef
1b1d23de
253d0301
f821fb2c
41feecff
0c150602
1411fb54
1d0c1915
e616121f
ec0a390f
f0ff08f6
e922111a
152cd8e4
cf0bd3f6
23193803
0cf5d1ed
0ff8f1fc
18f31fc1
162cf5df
1410cd39
32fddb07
eb07f8f6
0ad7fef7
0cd6ea19
d62bdd3b
263936dd
f6fd1c35
081410dd
e304003b
00191f1b
fb230b05
ee260a29
fcf5e832
19061de5
1ddc1ce5
35dd46ff
46db13f3
09deea36
0225ece2
43dc35fa
14eee251
1113f130
082e1233
4331e0e0
37edf34c
0901ebdb
1fe6e7f2
e6edff1f
1ed118ec
e1e5e905
fb07e5df
1a1e0b2c
4e0df5de
48f3d81f
f7e72afd
ecbff4fd
d433bfdd
f7f502d1
3119071a
de2e1513
e5f9faf7
e50bc3ee
191af025
d7060e03
f60e02e6
e43f0fff
073fd453
f726eeef
2aefcf03
2432f12d
09f41322
faf5f4e4
09301421
ff254239
f332e6dd
0fea0413
d823e11b
180e0aeb
28e515e7
3afae126
ebd2e30a
152426f1
fc08e0d7
0528ff12
2633fc14
1cf4fa1e
f919fbeb
d4112ce1
e9f6df3d
e7f80ee5
ebd6f13d
fbfe16ee
dc1d1614
06f71e23
ff300a24
ea00002c
0e032c30
121e1d01
2dd7e910
1bed44f3
14d51c15
cbf5f00c
04f03ad5
40ef1bdc
fdf20819
cd021744
20060af4
09fe01df
2dd8f80a
f4eee7ef
02fd0c0b
281cfdeb
1108f8e0
12f325f3
19d111d5
fc16d9f4
4cef1a1e
2ddfe612
15db250b
03d8c910
0030ce25
2b2f2ce0
051c0fd6
e42e1aec
ed0701f8
11ebc6ed
06e3080d
e9def83a
ff1f1be1
e7472b03
1016c43b
da02dc37
f4dafefc
1f0a04f9
f8271123
f7240407
042ff2fe
c7e12f35
052f221f
020038fc
1e2ee715
ed4010e7
f6eb05dc
fcf3dafb
ef160de3
1a4c30f2
ec330ef4
14e0cf0a
2c19f5db
0e0d0508
0c0a1e1d
dc111a05
1e200f29
00290a0c
07180e02
29fc55f8
003eff20
0c2a1446
e5e8130b
09110b37
1bf40f35
e8f7db10
fee1371b
3d0d1b11
0dd834df
fb02ec24
1df31a0a
2ddf35d5
ed041747
13f5fa4b
0512d10a
2bf0fa13
1be11a20
0df4fbf2
fcddd903
ecf3f4e7
f9f2d0e7
26f6e501
e50708fe
eafeea20
ffff24f0
11f622ff
ff0c033a
ebd0fde1
10f7fc17
24043b02
06ffe204
0b1c09f0
1220e220
fcdaba1c
05dee0eb
fa09e80c
e9faf313
df050622
1cfbec2d
e00f0636
e9e3121d
192ce91e
36fdd309
19061b19
ef380901
d90f37fe
1f001b00
f1de26f8
e432ed12
e42f23e3
17f618d8
e7eeefe3
e01411f6
eb161c05
003bfafe
1bf30e00
00f51bf7
f3f1ff24
eee4d9e4
d4e635fe
0e2411f0
0719fdf8
0516ea10
d0202201
e5e0f509
29192723
2003d8f8
f639f40c
01f4d8f5
12f4e2f8
08e625fa
3de2390c
1b1026f4
06dce8f7
e52df00b
4a13150b
dbfd1314
1af9002a
de1ef721
091f2b02
34fffc3a
18e10be7
3027ddff
06cff31e
1fe7eefe
dd1f040b
d7d20810
e20815f7
3ada09de
0af40bfe
20ecf31e
edfaeaea
1af3ee18
011000db
fd11f60a
261508ed
0ee91d18
d318fb07
0b121cf5
f81a0110
09070806
13373a2d
260df12c
e1211917
11041412
0236e423
0513d93d
01ee05f4
1140fd26
e7eb2830
1130ecfa
f71e2af3
fe0d0306
f33cfe01
ff0b2013
0de9020b
111902d5
f328efe6
302502e8
2af6062d
f4f73bfc
e8e1fff7
22f1faec
04e024e0
3bfe170c
fd07e4f2
f2141a35
eff51edf
1cf40c1e
f41bf536
0e18200d
e4061630
1aecf005
16fe1004
34ee36fa
1f0e3036
25130b1e
c8eef20e
f70612d9
04ce020b
f3ddf33d
f5f31a26
e8f2db35
222df810
31001101
28f60307
32160327
0ff218fd
1af6e91f
0addf619
fe001dda
ee3c0ee9
03f41018
45fb140e
10082606
19e6e9e6
0b20c706
14013deb
26f8fa14
e40b20fb
01141214
e5f6d3e3
06d8eaf1
f7fefc09
fd26e219
f4f60124
ef161629
dff50919
15dde422
2e0c03e7
311af510
140d27dc
0543023a
0511053b
fe30e717
281221ed
fe25f5f3
0420f3fb
17ede3ed
f3030be7
1fee0cda
1e0c00fa
1f122ceb
0c10fd0f
1501ee1e
14efe336
0d0ee70c
fbfc1e09
d517f227
19fe14e7
18f1e419
ebfb3d1a
f1f4f52c
0702fa15
e301df01
ef1f2024
13e4fc36
e11128fb
321def19
100c0545
401d1e10
dc08f801
16230ad4
18132eea
0be4dd18
ee11e323
f202d320
1be501f1
10de201b
3cde050c
04201117
05f0f704
f0da060f
efcb07e1
0bfbdae3
102d111b
35ec0b02
03e8de25
fc0bf740
0efb12e5
d7efdb2e
2a25fe10
20eb020f
08310e13
0f19f3f9
e0dfcefa
f8d71d01
0300ddec
da37ec1c
25ff0224
ed0a352f
f40ee7f9
fbdafe23
150d2104
1ad7e6fd
1c0001d7
f2361e3b
27e90c02
0e091b05
11dd1502
ef0604d5
ef2de004
08da11fd
2019fbee
23f6e5f5
041a23d5
432b1d19
19e1d204
e64008fb
1bdffe00
18fdd418
fdde0c13
180e1722
1e0c0df3
070dd645
f4f104e5
01edf330
ebfb2e07
1c150f15
e9f9de44
13f7ee3e
eaf60708
43e81bfe
07de172d
13f70e18
cc100212
0116ec21
2b0c33d5
0408ea3d
d3f3ee1f
df3afb38
212cf8ff
0201e747
0fe8e618
090b1ae9
1301f21b
e4d9f0d0
d8ddff04
17d700f2
eef20add
2cf61ad6
15f50ed7
daee260f
221adde7
083102fa
190a39dd
2909f1e1
f92e1a14
fcfbece7
1ff8c1f1
2e030a35
3408f004
f534e6ff
1c380ef3
e3140afe
f125f01d
0ce0f42e
233a1c17
ffddf633
06f2f408
e8fa1c40
09e4091d
f119f30b
092912f2
030dc3c7
141f1ddb
0ce72810
361014d6
27f01ff5
dd4a2cf1
f9f9c514
0bdb160d
103a21f7
1fe1fbff
ee0318ef
e6170fe2
f4f3e904
de201815
fb0e0bfd
0dfd15f1
fdf40c44
0110343f
ee1ee31d
0e27012e
10f7f20b
1dee1bd5
0df60ef0
0112ff1e
000d25f7
ecfddf1d
e904f70b
1bf615dc
cbed0f25
e60c0ffd
ef0bf03f
0dfcfb26
e6fefa17
44f20518
0c1b0310
dfeb05de
29d91309
fc0cf6f9
e2cf0910
e6f3f3ec
0c1cf206
38f6df10
d91517fb
03faf90c
f4f81213
123b220a
fd0b1a1f
ff1f10e0
e4f4e9e6
fedab7df
35ef0518
0e0ded21
fdffe8dc
f5223bf3
1723f919
da37e20b
f61d0807
35090316
2905f409
ef2324e4
f04910fd
010afc43
03070a21
dcde2019
1709f8d4
ed32fa1c
0d02281e
f4e6e2e1
201cf90a
174e3bfd
f5400fd6
07ec1408
de2a2f14
fa02d322
f5ed1df9
ce0a21f6
3aebf444
0829fae4
1cd919f4
3cf11c21
08070b15
110bf309
ea031f43
f41d1c2e
1af2f414
e7dd27e6
2c0411e5
2eee353f
2eed31ed
e7deff09
e23024d9
30d621d8
ca172129
c1e1dc49
2036c930
1aebfb01
15fcfc2a
48e8ecdd
f900feee
eecf17d9
e6cffaf4
08f4d2d7
efe0d60e
0808061d
1fdaebe0
1b0006f1
dee61e25
e6f417f1
f4fdf11f
2df41f16
fd14f4f7
2214db1d
d4fbf404
19e7cddf
f9efebfa
24f9da31
f837f3da
061633e3
08d5ebdf
e7fadd1e
26fb10e4
e4d20aef
c9180b0b
02081a20
fae5041c
0513d9f4
ffd2dd06
1c1e2405
14d1f4e0
f002dbef
e318e0ed
d2f5e411
edf5ed0a
d8e61ff8
0b02ff0f
fce811da
ebbf2cdf
14cff5ed
02de0920
120c03d5
12d80fcc
0ad52a03
ea181215
21faec19
feccf9d9
f7f90b05
2202f1dd
0304f616
ec11e8d0
05d60dea
12f4d3ec
f303030d
dc0ceb05
e1e4f81e
e1f6f9f2
e2e6e3e6
0e0c05f0
1ae9e611
f5f2fde4
0b0a12fa
fbffe00e
d705e3de
1ddb04d8
eefbdc03
d7080009
05e5fe19
fcff01d1
f4e52c1f
f21011d7
1b22e613
09e2fa24
f9191bdc
37e22adc
2df32a0a
21ed1018
dfe8fb17
00e6ef15
00fc25f5
d2edf6f7
1dfee1c9
de00d8de
dae90c1d
06e3f3fb
ea01d4f7
3115f0d6
df13010e
e02ae322
ccd6e90d
2203120d
d219f6f9
e6ece61d
1d1a2502
e9d5f812
f510f5ea
f1edc81f
fe0df9d7
0af6fa03
03dbde13
ea00fdf2
e4e704e3
f7cc13e5
dd00eac6
081b1c04
3421ddf4
23db1f10
d80b20e0
29d6e8fe
1318d102
ecf9fb10
e7301bf8
11020103
de17d713
f21be3ed
00fee0e7
cee6f1d8
2bf2dc16
29f3e519
181618f1
1ef2f20b
00fef80f
f408fce4
1806f8ef
1cfe19f2
fa15fb0e
1b081615
15fcff1d
1c140400
19f9c7e3
e4fae31e
dde8ef0d
1bd91703
110900f3
160ee514
d6ebf6f6
dde106f7
f532df0d
22042d10
f1dcef00
16e1dcde
1ed9e2f4
13e8eae1
1d0526f4
07f2d9fe
f6e5e9d6
fae802fa
0bc9c5fa
14fcf7cc
f60bf4f9
18e51d00
e205ddc0
ebe321d4
e8f01710
f5f0dbf9
f2dd10cc
1fd92333
dbe40504
09e3f4e9
23d625d5
d928dbe4
f20520f8
dedfdee4
0925d7ff
fa051df7
0104fad4
f7e63117
11ea09b6
ef17f01b
03fc1213
01ed1ef3
f8e30fd5
ef04eae8
2ef4e4ff
00eb03cf
12031ae1
02db06f7
33f306e6
1a1c0701
f60806fc
dd1ad301
19ee0327
21f913ee
1efef92d
05dd090a
e8e407e4
dc121fef
d8e60afe
0d18fbf0
e8e70fde
e6f7050b
2bfefdf1
eee71cce
09ebdf03
ff1f0fdf
e51a1307
d9f4e624
11d1ebf1
2e17c305
f5db23f9
05d0f323
0717edd8
24c32cfb
25ffee32
2702f5fb
0209ee28
05efe825
e30dfc13
f0e4def7
3b040ae5
08cf0bcf
25dab8f8
f7f3dbdf
0af90126
08e9eaf3
0015f4ea
0d20d622
080a1d04
1604d7f1
f2f207ef
1c140bf7
21191b00
1e0add15
f4f9f3e7
0224efe3
eafa0915
0ceef9e3
1efb2e2f
010a06eb
1210d6ff
fcf5e714
04091be3
fce6f3ea
0be918d7
09ec1408
f5f91def
2621fd16
d5d4d814
f3cc1716
2011efe3
15f10cf7
f10dedeb
160ad9ed
f50ddcea
0def120d
fdcf0808
1a00f20a
1613f62a
e905f313
e826eedd
ffeedde9
fbfbede4
0ee418d3
09df16da
ece519f8
0d11f708
e31bdaeb
fe1711df
f91c00e2
efe9fd12
0cfbd1cc
e7e92ef5
1a0ee70b
290b150f
17031108
19121cf0
eddcf907
dafbce20
e00e1af3
00d514df
112704f8
e8ead0ec
e8f617f5
06d707e6
f3cf03ef
1ce90403
08efd709
edd6070e
09e2f2fe
09fc1915
da28e4ef
ddecfdde
dde8eff1
bef621f6
e4f726e6
deffe1f0
f9f5e5fa
0de81425
defafbdf
16050912
f61afcdf
eedb1cf6
0307df18
2a17f122
fbf3ca1d
e9df23e4
19f5e902
06ef19ce
eecfff08
e3f811d8
29ff0020
09040c0a
e6d41ef5
03f0f0e4
10141401
1003ec16
e6e9e9dc
16e308d9
01e1e604
f2eb162e
04eafb07
18e5d6f5
0d1fed04
01dd101e
07fcffe6
29d8f307
2cd3f9ff
2cf508ec
e100d71e
1be8fff2
fa181905
ea0edf16
e20de4f6
da1510e8
08ede1ef
f50a0e02
12e9de06
13101def
ffe32118
1415dbf8
ecd3fdee
10d2de0d
1e1be123
01ecda17
15221f11
defc011d
0d03f927
e0ffeafc
17d7040e
08fef226
14faf6da
f2efd528
0b1de7fd
df1ddcde
eb180b14
1cfc09ff
f80af2de
fcf3f61f
f607e02b
ea10fc11
15e8fc08
f8ecdb0f
1af0fdfd
f1f6e6d7
190decff
e0ebe732
0c1a030a
f4e9d3f5
0e180ddb
f2db06d9
eae403ff
0ff0ecf5
09d12922
f815d5fe
21f4d315
faffe9dd
e2db1e22
13e61ee0
edcfdcd0
fdfbd217
0407f6e9
e0ea040c
edf0edd5
211f0aed
f5eae80b
fd171e19
f9ede0f1
0c111d04
dff9dbeb
1cedd80e
f70ae409
1025f3fd
e2f303f0
ef07e81a
cbdb2309
0cebd3d3
f11516f4
ed171edb
df16f9d1
daeff2fa
f41606ea
1e02edf2
16f90bee
e23d1fe4
edec2114
efddfd04
ff1be106
16faf100
dbe4e622
08f61f01
0b0beedf
f8eddf1b
de04fd0a
28011ae7
e41ec1e7
e52d1fe6
e60f211f
0a14fafe
12f10d15
0ee41d06
0ce518f8
da06f909
db0ef7e3
e316f301
e82c30e6
fb070504
f2051611
1adad8f0
f302e805
eeff05d9
e23201ea
1115d022
05f5daef
20d4f013
dce00306
db0af00c
ce1e1426
02031608
d8da2f15
ceea3512
df17f232
ebf91f1f
fddcf1fc
1ff4f621
07d31c2c
18f0ee10
00f22412
19f618f5
20d9f8e0
011a2028
dde8ecf4
0dea0213
e923e020
d8e8db20
0bf3fa0c
ec1420d5
031d13e3
0e1c0bf9
d209dbef
1718fff5
ecf61b14
d2001ce7
17e5dbcb
01efe0e5
091414ef
26e7e6f3
0cf40bf1
1b061bee
ff10dffc
f909d9e7
0ae21ddf
05ff1ef2
fee5eaee
d4eff5ee
0a1512fa
1ce1e110
e5f901dd
ee222e26
d6fdc6e9
170ae419
e0e10406
f3fb1900
2825d918
3a0fe8d2
14dbeff5
dbe4f129
1ce1f7e8
eff624d5
002affd9
05f9ece3
dd0a09e1
f210220c
161afb12
20f5f1db
f1fce0f1
2ef1eb26
fbfefcf8
060202e7
f2e716d4
06e2ee02
0c082232
f70010e4
e0020d2f
def22bd6
d903f827
0af6f3eb
eb070f2a
f6301227
060e22fb
000d161e
e81cf6fc
190e0f1a
e7002c1c
03071026
edfbe6f1
282023e0
ffe81729
f5dae033
f017df26
deeb09f0
2d03ec2d
06df16ef
caf3e5d4
dee0050c
f00518f9
fcf207e1
f8dce2d8
1121e9f3
fbdb1107
fe07150d
21df352e
131af91c
111ef409
d20ddf06
d2f1d7e4
21e51719
f702ff0b
11fd0f02
351bf30e
faf5d718
d4e4f7f3
03e91f1d
e4080108
f8f315fa
20ffd8fc
e4001d03
ff1d0b0a
2218ece4
f4dc1c05
d5e523f1
fbee02ea
f5e00cf4
1300cff3
17220ef1
010a2602
f2efe516
e027e112
eb26fa09
ff0cf5e1
2df4122c
fb05f7eb
1b16f8fc
d31f0ef8
15ec18d7
15180415
1827e203
f40a23f3
ff1608f6
f911d413
17090e37
fdd5e016
251ddd2b
0803ee25
e20e1cf3
11eb14d5
13e71cf8
e30633d7
12f4ffef
feecd7dc
040b13e7
e71cdc16
100cdb06
37e61612
e813ffe3
29efd614
04f70adc
fb1fdd14
e5dfe8e5
cb26e723
df22fdd7
17f1efe1
f2ffd71f
fdf932ef
211fe1d3
0e0d2239
101800e4
fed3f426
cbf310de
17d505e1
e402011a
0503e7d4
19dcdf0f
f0022503
18fd12f9
07e002e4
e3ee2b26
07f811d3
12c5c4e5
f0dffee7
000511e6
c7eb00db
d4ccfc14
1bec10e7
da1bc505
e611e710
130115d6
f1d1f617
28d5fbdd
e0d6ff00
e51101e9
1c04fcde
01d9f0fb
11d7f508
ebd7dbc7
cef119dc
1bcf1eea
e3faeef8
24d9f321
14f9fbf3
06ec09f4
1ee61412
d82eec13
1102ece1
1b04f1b9
06e2f40c
de0adafb
e0fa11c4
e52efeff
f1dee4eb
f1efcd1b
e404da00
1cf4f205
1cd2c515
dde0faff
2ee923be
fae31eec
0dd11ef1
d6fb0901
fafb03ef
fd1a15e3
cc071eed
fffbd80d
e4fdfc1c
d9d0e6d7
d312cce2
010b1208
cadfe5e6
f6db1815
e61be4d6
f4ccf90e
18f32f06
e7ffe202
bf08f4df
f8e810d3
e6e418fa
05f7fe0d
edd81917
f8e407f0
0ff110e7
12cad121
ed01ffd8
eefddecd
f2110bba
08e4f7c0
e2d4e713
f90bfd0b
18cde4d1
dc1114d4
0f021adc
f3f017df
fcc1f807
2cd5eefc
01efc9d6
e6011609
f7fdeb24
04ef0e13
e0faf4fd
d20e08f2
dcd807e9
23f3deb5
09e312e8
e6d8e5fd
19fdeacc
d8c01a15
17df00f5
09faf80f
e2f8fdbe
f91cc8b8
eee5e3fe
e6f0f1fa
e2efe9e5
0538dff5
fe05c721
1fd8e4e8
ea15cd02
fdebdc0e
da1107ea
f8f7fb04
0c09d8ed
efd7f7c7
e8d928ca
f6ca170d
07f7d6e2
d7e7090b
10f1ebf3
102cff1c
0bf0fef2
e0f1e5ee
03e5e70f
e9d8eae3
f9fbf915
edf4ddf1
e6ebc213
01ef00e0
ee0a001c
fee2050f
ec1e1b14
0ad2d70a
e00ae5f2
0404efe9
c7f70c01
19e3f1e4
e6021ed2
ddcee126
ede1f2e7
03c5d5ec
fcf430f7
cae3c5e9
b5fdf1e6
cecd0f18
2d100bb9
f9df04d8
0ed3dde1
fa03d4f4
e1c6f21a
1703070a
1416f5e1
c0ecf304
1210f0f5
1e15f5e1
d8d22419
f8d6d1cc
06d8f6fa
12e4f6fe
131b13da
23d404fb
fc04f0bb
d4f5f305
ed2516f3
2112f4ef
13f921b9
1ed8e800
120f07c0
ebc9eae3
e2f424b5
03f5db23
c4decfe3
ee05d0fa
eb19eef6
0fda0feb
0acfeb00
cddfe90c
1fe305c3
f1050100
fafd12bf
d1d0fbfb
cddd11e8
01e9e1fb
d1d4e607
ff15c2fe
f7e0f5f0
fd0b09fb
05070c1b
f6e307e3
d20fdc04
dfd527e7
c913d1de
e1eb2412
dcd60cef
f7f21327
e71be4d9
1bd2d9f8
0d0ed8ec
12daf7d7
b418dec4
f6db0cbb
f0fbe5e1
1ce3c712
1413f1db
dff5d5b7
dfd3e4ea
fcfc2210
e9df0deb
d2edf418
1aecf8eb
ca131320
fef0dee9
f710f1df
f10adef4
f9ccf50c
0e00ceff
0e0c16f4
17fff2dd
190e05ec
0ee5caf8
1de808fd
1a0bfb21
11f42306
f8061815
09fb0e22
d0cd0ce9
14dd000b
01e116d3
f5ead316
eee502dc
e3e7d904
d7e5f9d7
d315e2eb
e000f5e4
dfd6e3f4
06d8d809
0bfee12d
da0516d6
2adee215
f8dff20e
fef013f4
27dcd603
f5ebf4ee
f30005ce
0dc2ffe9
15ece20a
f5def30f
d0f6defb
e8e8d8ef
ecf0ffd9
ecdfe9ff
21dc0512
f5e61119
f6e9d9fb
f0e0f113
271bf7d9
e9d0f812
fdf92616
dbfcd308
af140703
19d2dd15
e1d60901
01ea240b
e3030724
e8e717cc
1202e7d7
f3dc070d
1fe2d5d3
f1f6e4f2
200de3fc
ff18f7da
171617dd
e7def6e8
18f914f1
dff6e1dd
18f9ed14
1a0e12d4
fc0af23a
05df0e05
1317ff10
0af10b28
00d5fa17
e2d1d512
c9fce60a
1ee8daff
2ffdf2db
190befea
e1e2001c
18e705e3
140115e5
e3100c1a
0fe0f616
d8280bd4
fd10e110
f71addd8
fa00f217
feeffe0b
e2f315f4
dd18f1ea
e10ee0fe
12f9e607
14f8d707
21d617f3
eaf0c805
f508ef1c
060f0a19
eaf1e7f7
0ae6ede8
0e10eeff
01e917d8
00d90ade
dd1ce427
08feeb20
e51825dc
07211be1
e714e0f5
fefc0301
e90eea0b
d9ef0312
21f9dbd6
f6e0dedd
da0b1b19
c5dcc9e5
f7faf9e5
03e408f7
11f90ce0
1fd90bf6
f305dd01
c9d619d8
1dd417ff
01e4ebe1
e1e6e213
030305c0
0fee1ffe
ece719de
d22001d6
fd11d8fa
28faebed
f0f7d902
161011ff
e61122d0
0c0819ef
1ad00820
d7fdd6e1
ff18f908
06e2fefb
f122d9dd
e413ce14
1c061608
03fddc1e
dcff1ffd
fdd81b10
19e21716
27f5dbd8
0a06d908
ece2ebf9
ef230ef2
1702fedd
0403060b
f8031dcb
15e501e5
e619e3eb
dbfb02fc
faeb04e5
0508f0f6
d6e5f50d
2203f410
05f0fce9
18cf19fd
0f00ebf5
20cf09e9
00c712e8
ee100611
0afd05cf
f616f2f2
fd020e19
f22d14e7
f72d1512
e5fedb03
f1e2e60f
11d9e018
0bd9d2d9
d9fbfae8
e50707d2
0c282112
f0d1e800
ed03f6e9
c204fbe7
db13f5e1
230eecfe
dad62d01
d0ed0000
fcfd0ed9
dfecf30a
110e15ec
e9f70101
04e5ebb7
f315eafa
d21f0906
f4edd3de
2237feed
faf3f609
e0f0e125
09fd10b6
1fd42328
09fd0a3a
09efe3f1
1d1e211c
32f81b05
f30df007
09e405b5
f30e191a
0df30c0a
151fc2df
0c061d10
f4091fff
dbefec29
0234f21e
ffecfefe
db08072e
b82a0dff
e12dd91f
cb2716d9
16daf610
e4f2ee13
11d33612
0840f5ff
1a092df2
ede0fd0d
fbf3e6fd
0ff0dc07
fef9d41b
301c0bef
4ae9091b
c705e6e1
ea16120c
03cc13e1
fae1f7fc
fae2ded1
dbe81105
14fe09f5
e8def607
dacb22fc
0af8d913
072af61b
c01125e9
eefcfed2
11ed33ca
e1d5cbde
f10709d9
d316ec1e
c9e5eedf
06ef16ec
fe00e21e
11e70f0f
23f8e715
e9f4ed2f
ed1022de
082c31fa
ed0df5f5
e0160fd6
1ae8d50b
ea201636
e5ff1014
f115ebed
18db17d8
f5f22200
180bfbca
f61de3ce
d600131d
3aebecef
eff225d6
fde1021c
f1faecf5
04d016d5
fef3e9e3
fa18d8ff
0be6f2d3
0eddef08
0f1cd5d8
e51728e9
f100021d
0921fb11
dd1efd28
c810f8e2
e0280df5
f010d602
f913e31c
1fd90df3
d7fd25ec
151fe610
d9170d18
10d4270e
fd140c02
1a18d929
dce5f81b
f8e11ff8
4409e5dc
12f6010b
13ec341a
2ce60fd8
e90816f2
d6d615d1
e805052c
181640da
ef07f4de
1303e0f3
22dad1f6
00edda20
021b0409
23f9df04
25d508d3
14f3cd20
051cf7e4
092c13e7
b91ee202
ec0ff1fb
f5e0e90d
1ae2fc1c
1cd7e7f8
fed9ee12
021913e2
ec1013fa
03211de6
d7110d1a
fedf03f7
02e90d21
1cf81405
19fbedd1
09180605
0c10ea0e
01ebe8d4
1e05def6
eff21d22
180fd903
1ce117e8
0b0d0f26
0efb1ce4
1af5f3ed
01e8ec1a
061410e4
2ceb10db
1ccf0d2d
dcdbfbe1
130df1e3
e1180e02
e5ff0e0e
0e1bdf26
f22d21f6
1615e71b
c02615d8
1bf01ef4
f4001dec
e9f7fee5
db01e804
e906220e
e705e3e8
070717da
11fc1418
fbec09ea
24daf0f7
1d03d9da
22e114f9
03fd2628
d3e2e908
ddf1f1ef
1a03fa09
11f1052b
0713e3ee
13fde813
eefdf6f7
db0119cd
e819f8d5
23f2fb13
efe9fee7
0ed62117
0e13e621
110e02f8
fefbe6f4
fbecf6e3
f810e8f7
0300fbe5
d7ef1a0d
2d160a03
ece11034
0208fb0c
da252112
e8e70d1a
e803d21d
f9f4f0e9
2dfa240b
fbe9f3f0
d90a1a16
0a0de8dc
01f016e1
160fe32d
e3000706
13def205
e309d80a
28ed1d1b
17fd17f5
1d1019f7
0f0cf913
17f00bf4
d50a12dc
2c06211b
fbfad509
0006f0fd
f41ef3fd
092c0613
18f32322
0313fdf7
ee33e11a
fdfff1dc
15150ad1
19f81117
f2e9f919
f31724f1
0c180f0f
44f70cff
1bf2f119
f4f5e4ea
0a0dfce7
e308ef08
fffecce2
02c40ecd
cdd5ebc8
220d0a1f
f4d4e706
170d1af7
1119f61f
31090aee
e115f4fc
f5dfdaff
d804ff24
0417f2e6
e3f00601
defe0418
e031eb12
f7ec190b
0d070a13
163523fb
01ea0a03
ead6e60c
1801e707
00d5ff0e
fced220a
252400f5
14dddedc
e40af2de
1717e6f2
dcf5f8fd
dd12141d
f2ed26f1
fdebd621
effaf8e1
d40500ea
1df61c06
03eee2e6
e5111b2b
d4ecea11
fae2da0c
fd0a02f2
dc1b28e5
fb0c0234
ea0e06e4
e913cd06
18f709e8
d107ddc2
340322dd
f3060804
0203d5ec
03001014
2e3d15c5
05e52814
ebfd1a13
eb2be8ff
1fea03c6
f61607ea
d71ff6e1
061ed4f9
07f52617
fcf2e114
fd1311fb
f3e50602
0b16c4f3
fb19f1fb
e80742f9
d3e4f8d6
18c9ff00
de18e3ca
170c0609
11032a15
14e620f6
10f5e2f6
3010db1f
0a04f0e8
deed04d2
e4d0d5f4
01e8d9fe
fdef04e6
d40308f1
e332f8df
18141e09
d5171f0a
d8f004de
3af9f8f9
2efa0603
e6171819
efe0e01c
eefa140a
f4080d09
21fbe3df
fc2b1ee1
d5201b12
152243f8
d5fafbee
df1e02fb
05f7e503
05f1fdcb
dff722e1
040be317
0a01d6da
17f9e00b
dc1de000
effa06f5
f5e1e1ec
fb0d2217
321de012
e5eada08
d608c9e7
0ed5f010
dded20d0
1df50a21
1121e8f4
f80b1ffc
e513d1e7
d11012c5
1f071213
25d90d1e
dae31eef
fc1ff907
2513eff6
f429f105
eaf511df
1cee1400
e822e117
2319faff
edf6f72d
e204c305
1c020504
f9fc16f9
df01cdda
32f0cef0
e802d5e9
ebf6fd2a
0409feda
e1ed0ae5
12fcfaea
ffef0630
d72f2307
1904fcf1
10ff0df1
f2ed00ef
20f8eaf0
fff7e612
e62f28f8
fceb161f
fee7f8fd
ffecff03
11151209
39edd4da
f9240610
04160aee
18141f07
f12013ff
e31c112e
01312b01
da22f004
f82a1e21
0d25d90b
fbdd1a04
06dc42da
04e2d7eb
f00316f9
f9e3f016
18d71bf1
decee21a
e4171302
fff6effb
cf14dfe0
ea1c0ce6
fe20d216
1de0f105
1211d71c
d6002b1f
16fd2813
1ad03519
fe0811d9
dbfde9d7
1c07240d
091610f8
d6cf0402
f4d3d5f7
11f9f3fe
f1deecec
01d609d1
e8ec1e31
f0291f0e
e9f1ed17
060fe30f
0615f0df
17dd2021
0bdfe71b
f6ecfdf4
f5eff61c
f7dafbef
1cd2eae3
1ef10dfb
ee1b0d0f
eae62612
0dda1b0a
fbfad3f0
02f2f20c
00ebfae1
ee07f710
da0fdbe8
d80401fa
f60fe4fa
05e3eefb
15020308
ecf8f20c
1cfe0007
1a171ce2
12241b01
08f0281f
1bd402e3
edef1fec
0a111b04
e4e4d80f
eaf4eb0a
ee22fff9
e1f320f0
f3e12704
0519d9f1
161307fb
ebf82502
1400eff4
03191502
fe20e1fe
ef0ef1e9
da1ff737
030ee5ec
d70904f0
f0f0fb25
fd10210e
e4f1d0f8
f6fd101a
fae9dc0f
ee011327
ed100bd0
efee0be9
eb021cf4
100c0320
2a0d1ada
2e24def4
f6070ee7
0cf8d8e6
1114d3f7
dd0422d8
27f2fdd1
141127f8
e625f2df
f513f516
0816210e
32e91ee1
d922eaf0
efda0a12
e6ff092b
f6ee1f15
03cbd402
da010e1a
0506f1f7
10e3dc02
f5e7050c
0fed1d14
04f7ee04
fcefe4e9
21ddea1b
e31cfad4
d90a0dfe
1ce2ec08
f5131400
e31815ee
e90705de
d7f61b01
f6e702de
1635f00e
fd120801
f800f614
16cf16de
0ee60906
0efce50b
30ebf12e
fe06ed11
14f702ed
fbe0220a
ef140cf7
21ce15e7
1a051500
04e8031c
180bd6cd
04f807fb
20180606
e21ffff2
e0191209
f9e51f28
1dd60ff4
0d13e4ed
04012606
29ebf6f9
e7d3d8e9
dc1703e6
e5cdf705
02f20ad0
fdfc33e5
e916daf3
c601ff06
2712fbe7
062b18fd
fadcd6f9
e4ecdade
05ede9eb
e5e5e9f6
1cf114fd
e128f1f1
f518f2d3
06ee220b
1a2a011c
2ce4e6e2
1aef07f7
1ef512f9
f60dd40f
f6041205
17f4caea
de150910
f81919d6
fb0318e3
26f83d17
f315f0cf
19da08d4
e20d0211
dfd5290d
0de510e8
e904de13
0ffdfbd5
e005e209
e2fdecd3
fdfafc18
f0f405fa
f9fadf1d
e1f4f9fe
fa350ed4
0deafbf3
061ad81b
1911faff
f5faf2da
0ffc18ec
09071203
ddeee7e7
df1208e7
f31ff61e
fe2d130d
f9d91815
f4f8231e
411cfe05
dd170006
de030205
06091d34
e5fdfb20
e1f8ec22
efefe1e9
130ae905
ee1b08ec
161cd3d3
1bd4ea11
1e1ddef4
e700ccde
3dde063f
050d16fd
e4e7d324
f9ffec1f
f9f62eda
1402d114
d404f4d6
04d8d916
2fe1e91b
d5e6d31f
11011415
14daf71b
fb391609
06da0b0c
ead9e4ed
eee3eb09
e8d8f812
111a0e0d
f60af7fe
ef240621
1d080dd9
d20c1923
f3effff7
f80df7df
dec934f5
e404e7f5
e9e6d5dd
34dbd914
0112e1da
fb17081c
0cfaf6eb
09ee1311
fc21181b
180c1e11
16f7f7f3
300c1707
fee21f0d
efeae106
011ce0ed
faf6ebdc
d7f21def
09e2eedc
e8d4f1f0
f7e7dc18
26ed1428
fef50a18
fecd0700
01d5eafe
d7eef1d2
ed02e0fb
e4ff3b1d
0d080f18
060e13d7
e12011eb
160cf21c
1ae41310
1b05efcf
e1e8fbfe
e5e611e9
e1e600e9
1e00eecf
1816efdf
01f40deb
faf3010c
0618e809
e91e2f0b
0314fdd4
1ce0f8fd
0d020ff7
fadce00d
0df6f8f7
061ce300
e40ee3ed
16dcddf7
e4e71c0a
0a12ecfd
d8f61b27
d0dee3e1
f6f2f7ff
0a22f719
d80deb2b
fcf70805
e213f31e
0c0735ec
1ce9f507
13ddf706
2604e8f0
1506e1e6
ec0a1f1d
e312d3ec
c9ed0de8
13061724
e2e1d9fb
01f4ddf6
e3f109d2
faebd709
0ef6f0ea
d3e71ad3
1904dfd7
10f61df5
0329e20f
deedd6f9
ef120ed2
1b01f0f3
d8e8f921
ebeafee1
de00db0b
ede80b18
1ddade14
1cf2d4ed
ffd20927
ddf42b1a
e20212f5
1feb02f7
0ef01a1d
2208fee9
fdd1e5ec
18e514e0
fbf71ee5
1c132a21
21f31215
1eeefff0
000ae7f5
0fd9ed1d
21000bc9
e4e612f7
18f5df12
db1de5da
1d04162a
d81f440d
1929e9e7
0adfe7db
2a211609
12d8060b
fcf1f619
0ce119fd
e9122a1e
001e0204
fce42d1e
df29f804
180b10da
d6ee1609
f7fe000b
20fc09fa
1711e9ff
f5f01ddf
f7f80b1e
09e60eee
140af5d7
0afbdb23
1114fde7
f111ea17
dde20601
f3ea0005
ec02d713
fed9fbe9
e0cc1ae2
e2e8f4db
121813dc
ffe1f1fd
08090d18
230c17f3
2335fcfa
fbd816f0
e5e3ecf4
1ef3fd04
efee1bf2
12db1c24
e614ea1b
14ea1111
edf5f9fd
1317ecec
05df1600
faf82c1b
fbff0432
0e173f01
0ad8d014
0cef05f2
1104db25
1f2f19fb
d113eb1e
f122e30d
ef0428f4
0806f31e
07d9f22e
0ffafb04
f21cf31a
00e539fc
19dff00f
06002028
fd290fd9
1008e30d
0b1e0dd0
27da1822
1d061020
dbf1d4ea
f513fce9
cd13fd15
e215fcf2
20eee7f9
f8edd814
dd12ecf1
faf1f232
c73bf139
ee12150e
0b1e37e8
0d0ef8f2
25f427f4
2d0ae44c
f4f6f8dc
0bef2709
fa361901
f31fe6fc
f20f1d24
f90bff06
181f0130
2412f415
1112f8f6
03e1fee4
30192134
e2fd10ff
f8efe6db
24c0061f
09f219f3
f6f416eb
fe16fafe
23e0010e
061bed1e
eb315208
ab2811d0
1c03f531
0dfc011b
0e070309
c8db0723
f119d4f2
f1f4e2f4
1904db02
1c44f8da
fb221c23
143b3e27
05e2d615
26dee41f
2c2ff1f9
ea43e9e9
0540010a
24520c12
efde38ef
1e1cebd5
09dd1f39
fff7121c
2f1be32a
230d1700
22f10a42
e40d1ee5
f335342b
37fb041c
06e421e8
f4f81317
1e090df0
eaf812de
e50ff5e0
e82df511
f22125d8
fcde12db
46282afe
1210e324
3b031737
0c480316
e71bd9fb
1d0d4ef5
f81df2df
23e50ddd
72c1e830
45e8fb21
e8f816fd
e0f723f4
ffda1fe5
0af9f603
e6eb14f5
3c37e507
4613d608
eaffea12
5203f30d
f60216f2
e6ff30fb
e423d824
0eeb0f00
1be5f7da
04011f0f
110dd2db
07f40616
0c2c071d
f7f00df3
fa1ddffc
f92e3320
65d922ee
fb35e8dd
f80604fb
e5fff3ed
2efe14fb
181cebe5
fe40e001
df3cfb26
170f2018
f60ff9f9
fb090afb
2dfc261c
131703f5
f0f2f9f0
fe42022d
0b0bfc01
07fcd9e4
02f61d1a
fd09f901
422c08ee
ecd922f7
2919f2ec
f8ee1b1f
0d2b231c
1921edfa
1b260109
1b292411
1218faf0
e2ded401
cae22419
e1f4eafb
1010e919
eadf1019
f50b11e4
0732e013
3507e326
f82b08f0
fb31ebe0
19fa40ed
e3011425
0dd9f90f
06cc0709
1f1408f6
f3ebda05
16fd2107
fbe6efe6
f5fbd732
e5e51f2c
0312ec16
e13010e8
20fd0314
510afee3
1121e930
2607df16
03fd01ef
20f0f2ed
fce5d623
1a0402db
241218f0
22190f04
0619e61a
19ec26d7
0105cf1d
2a1c06eb
1f0c01f0
fc21ed1a
3ce51ffb
d60efdec
36e60112
1ff01dde
e0e1131b
0d310a05
e6000bc5
1fdf1c0f
dd1ad8f7
fbed2cf4
fb1de105
e61a1def
f418ed13
ebe8edfe
2254fe00
171902d5
e80823e6
da14e71e
20f0f8e9
1119fee9
ffd9081a
1a142f18
0403e7be
16def9ef
cecf10f8
db1b020a
15e301e3
e3001515
f91df330
def90403
ddd5ee13
f9e9d80a
e9e306ff
0d09eac5
c0da200d
12f1141f
e522d710
26df08ef
f8dd36e4
112609f1
eb080c06
f8e113f9
100e1ce0
0be409e6
c1e50034
d6e1dafc
1a0b2704
23f326ee
080cf30a
15e00818
f6e51ae9
230a3108
fae3de1e
edc90011
0ae214eb
02f2e012
f317e60b
f5fd131c
e314e1d6
e80838ea
c20f05fc
ed0c0704
181b1719
e302e619
100be211
26f803fe
05f0012f
060c0f15
f84c2414
0719ec04
1d112431
f1c9151c
0de4f1f4
5919fa0d
dcfe13ff
072408e4
c424212f
d8f14025
1f341bdf
d6e4e3ee
dfdb120b
c9f51025
f5f0fbe5
33e0f31a
d9f5dd18
102ec423
fb211306
2eebf3e5
0d381d0b
12dfe9fe
f9f2ddd8
26f90dd5
dc16f113
06f521e7
caedf8f9
1ae73615
1d12fbea
31ea1611
ae1c04db
f713fbe8
1dde1b02
e31cddff
2ded0bf3
6ef21ff2
2316fb06
f40a1bf7
07d40f07
30ffe00a
0bee023f
f3f30a09
0e390c41
3efb0b23
ef1cf61a
ff00fee6
f8faecfd
0f1f2eeb
f9e4161b
e52f1dec
e01c0314
e4defa20
cfec011a
d6e0d7f6
ddf4be30
f40dfb1d
d825ddf1
2a2c0e27
42ef1e0f
e14ef713
f3e8111f
e415c718
f308f203
d6f7dd16
fb241010
1c2a4dfa
18dafc19
e1d9e73b
011fda29
063c0cd1
d2db01ef
dd170aec
f819f4f9
fe0f3207
e74e0ff7
f615e606
e311d208
162bfb23
f12b3cfc
18191a0c
2121e0e7
f353010c
07f0f215
4adce514
e62037f0
e5f4e7ef
e7021508
081008ef
fff7f2fe
e2f1102b
d0fef6f5
37e80bf5
f7410b0c
0ef4f128
fd2e07d9
201021fe
031d0bfb
02281efb
2901fbec
1fd3f4e9
07fd04e4
d5ed02ed
f2de0cf3
0ef21f09
1edfecf8
bfeef909
02df1c11
201a1f17
18e21cff
2008fbf4
e5dd0f1f
1a12f4ee
10e6f100
fdeb0f24
f6ebcfea
e50aeb0f
2af7ee14
e2e0f5e8
04ef152e
191dec16
18f3010d
f2f1eafc
1bfbe00f
fb111111
36fafcf8
fcd9ef08
07e40bf6
0b05e6cd
0d31fa0f
16cdfc1b
150d2b12
eccbde1c
10dbff0f
fc1e32c8
2a081911
0ffc3025
ce19061f
10e919ed
e6f5031c
1fe312e3
f514e4c4
08001bdb
efe8e219
f5e7e0ef
21c609ef
f2000909
ca22d126
fafb0210
da2724df
0b0cfb04
fffc16dd
25eb02e7
0df70d2c
1eef0fd9
0900e5ce
2fded4f5
06011711
32f61a3b
d613e0e8
06290c17
fde10c1d
f81af3e9
182329de
17ed2a35
ffea1010
f4160fb3
ef012322
4a042712
bd12fd04
dbeb0b22
b909ea1b
361e31d7
eadd10fc
ed1f07da
2d280f1d
0bf3e9e7
1fea0aea
0f0d24fb
201fdffa
fb1de2fe
21ec2bf8
1411ed16
0ceeec09
0ee6e215
1818cf03
20f0f8f8
1b1edbe1
dd20dffe
2229eb0f
ef11cb13
001a1809
ffe8f608
1e4502ec
1cdcfc05
d5fd0912
f014de0d
02130537
16e32513
f50b05fd
f02a17da
ee3900f1
f0112001
d247e7fa
2621e805
29f027ca
e11509f9
ea1829e5
260cddff
260be51d
0143030f
f0f1e60a
ee0fef0d
c92313e9
02e2ff10
f7f9f9f7
340f1f17
0efff31e
e413fd07
d6e901ee
18d2eff5
1d0a0b15
340c222c
d143e01d
1b00f914
2c14c310
072724e7
3bea1019
3fe3ee19
1e0ee9ed
c3111df6
08fd2e14
08e4e4dd
08e1ea4c
1615012c
bd05ef21
f20a2cff
09ff0b0b
1efbfff2
230a181f
ecbce908
ecf30204
2023f81d
15f50705
e23813ed
ebfc0926
01fafc22
b1fe1503
d5f80c08
e30f29e2
27fe0757
2e1df3d4
e91fe5da
defefcf6
e915bdd7
460de037
e7ec2610
fb1513e6
d9eae0e4
fe03f13e
0509e41a
f0e42327
1ef1d6db
2aaf0add
d22ff316
ea20e522
e5ec1703
f52616e2
ffff1305
263504de
eb2909f8
10e006f0
f51c06df
eefd05f3
031efe18
012902fd
2d000a12
d54df806
16ec00d9
16feede4
cbded6db
f3041ffd
110800e8
c4f7e5f4
0de73320
f529e5f8
13c73d0c
d1faf7ce
dcd5da04
1517f424
12df0fdf
0a250e12
26d6c5fa
f5da28fc
f8e6f9da
ed19d4e0
121c21fd
29e60545
e6f02337
db0134ff
f31dfc22
e31c1f0b
5c0e0a1e
b9f8e0f0
07e4db1c
0fcafce4
e1fe08e0
e4fb0cef
dacc040d
d20ae8de
1705f8fe
dbdfe20e
edcffdd7
fad4d7eb
07030a18
2ae92313
e61df906
101320ef
14e1df05
fce3f304
22de21ca
e71df804
f5d80d14
1a1102ec
ee0604f5
3b101e14
e3dfd9f3
fe230ce7
edc61608
240915ec
e6eaebf9
060c1bd8
def815e6
12d4fcfd
12d82c0c
d9dd06e4
f8230b01
dee425fc
1ddb1104
e1e72b17
edf50be4
14091404
20110a1a
12fef110
04f00122
eace01f4
032213ea
e41dfdf2
f1040bfc
0fe90f00
0e2eef1a
11f1e7e4
0edd16cb
eddefdf5
0e04f31a
06fb06f2
dcf3e4f1
13ee010a
081a190f
15eadde2
cfdae204
10eafc09
0cefdae5
f2fe1401
f6d00f17
18e32818
0617e409
06dd1001
dd3b1102
f131ea09
210ff7f1
e6f8f1e5
f701f6f8
150807d7
e7060efa
02f5f509
1fd70d05
f00b2ae5
fdfddd08
06f102f7
2001ffe0
16031dee
02fae4d6
0014eb15
e3101601
f1e2f3e3
e3f313e8
f91df9e6
eaeeecea
431a1609
faee080e
e5f61d23
1afdedf7
452fe2ff
c91ae119
fad3df10
0cf62df7
19eb1529
1ed30f1e
fde6d711
1827261b
05cfedd6
fe10e106
0101f209
ff2ae5e9
2b0ad703
e3ef2a07
e50414e8
faf9ece2
f9f5efdf
23e7fbf8
2720d0d0
0c4eff09
0eebec0c
de38ee11
29d4e0ed
fe0b14ff
1c0a3101
20f310e5
0ff9eff5
0d0516ce
1815dfdc
f9e11c01
fcdfd229
fcdfecfe
1cfdf9ea
101015f3
3f07fddb
dd040129
e8db1be6
11fded18
08e5e0ed
fd0bcee6
26f0edea
170af4df
24e918f6
e9d4e419
e90eff06
e6e00f1b
3605e718
18f1e20e
26fa1cc3
050910e9
05d71ddb
ed202112
30e3e1df
e4d22afc
f1cfe7d1
1e08e7be
20ede407
ddfcfb28
00fbc9fa
f4d5fa12
f81becc2
fbe2ee10
d9ec23f3
0a09fefc
1332f3d2
f7fae8e8
f1dbe2ef
09181910
e9dde02d
06d20bfb
e0ddd8ec
e5e7f520
22081126
22f513f2
11e0231a
d4ec0001
33f6f3d9
2e002a01
0517dde6
1cf7f9e0
44e8fa02
f3e8da02
1d0d1bc9
0733e6e4
10f3f7f6
2803f2ed
eed6d7fa
e91020f9
0f25f009
e8f211f6
e5dec7f1
15fae7e8
ecf0f906
1ff61be8
e702c820
d3181cf1
eb0de5c9
221ff904
eaf0e2de
dd3007e0
c714fd27
05f1d8ef
fe1bd9de
e709e611
101aecdc
f6fcd8f4
0c11f8f7
13f10904
e7e3d1e2
d90c12d4
09eff019
0e1f01f3
1fd038ef
10c807f3
0b17d703
e4fadee7
e7f0020b
0d0d0b00
c9e30cb3
1ce1f104
e1e91a02
0313db0c
09ec04f3
1d28f9e0
2a17eb03
f81deb12
10e0f0fc
f510e5e8
f211f417
0c251e24
e5031b00
0c1b3118
09f12f23
fc03fd04
1919df0e
f6f2deed
09fa2020
f7e4fae1
13201b1c
d8f3dfdd
fce6c726
160ffced
191e14eb
08fff1f9
d32702e0
edff291e
03d7e6eb
dcfdf508
2aec0f0e
ea28f6d3
faf30702
06f6f21c
0917f9f7
dc39e907
def713d5
e71502df
d92700f2
0d0e0f1f
1b03dcef
040c1810
08ebf613
0be81b1d
19f73611
e601f81c
ff001a08
dbffe1d3
0af51e15
f5f4f313
1620f4f3
f1e6f6f9
1df2f1f6
eb03ee07
0b16f904
e3fd0f0c
0cfe00d7
d4d2fef5
f2e6fcde
efeafce1
dadf0ce7
f9141e14
eed6d81d
1a121423
0addebea
0bf11be2
ebf5d71b
edfcf71d
1004d5d6
01fec90a
f20b2218
db00f807
e41d1022
e021dbe7
2e1316f4
0a1d2d20
061cd80f
1ae105ed
12fa072d
e3f7e0eb
fdeaf7d4
fdde0a26
1dfae70f
ddd116e5
fcfc2807
1e0df3e2
3607e9ef
e703f20b
0f0eda02
0eef16e5
01190bf9
e502f7ff
f306e9e0
c624fcf6
faedf428
150810ff
1cfa1314
d6161013
e4180fe6
141ee520
e205e4f0
09ffda10
1fdb1408
081ff42f
fdf5100b
e9d3ff05
190bec04
2ee3ed08
2de4f6ee
320211f4
2610f821
def016ed
f5ffe9e2
0e21e906
ed21e91b
11171bee
e5d5e5ed
03da1fdc
1a20d904
1103e5e7
141518fc
f305cfe3
0313dadf
26fe1919
e418e41f
dddde0df
ed1ed9d8
141c1cf9
e3fdd805
ff17ea11
ef051704
dc1e3500
fd17dde7
172fd117
fe0dfcdd
f920e31c
08f6eb1b
0f010000
3c2bfde3
cb03e8e6
1eeb02f9
02f0180e
04d7cb21
edf9f711
1df706d6
0a14023a
170bd31a
1408e5fa
e711f0e8
01d8f8dd
3710ee15
23fb12e3
0d05e5ff
01e3f115
fb00fb13
f6fc1006
20091dfc
1809f413
f510f5dd
e4f0d608
02d8041c
d507fbed
def639e2
23301cf8
e8f7fb15
0e08ee07
ff1310db
dce5181f
eb000b08
eccb25e1
25fd02fd
0e1121f3
31dd02fb
cb0f1714
e40b262c
04d8fe18
ef11fa0d
16232617
0801ec04
daf9ddf6
16d3e2da
edd81703
2f2921fd
e6cc1ce6
f60018e1
0f21121b
130a0405
e81ae8e4
f60cd8dc
13df0edf
05f6f1f3
fe0cfee1
f9f7f5fb
1bfe2621
00f919fa
fe2c0ef3
211fe7f9
fd312ce0
18d9fa1c
fd1c1624
3ae81a0c
1a1ed7eb
e910e703
1510e71e
e1f7ecea
1507103e
e72d3629
fdf3e819
13d538f5
fe0400f1
fee6e200
1ce60f83
1e12f2fb
eaeb070a
0f07abed
ee0b1f2f
1bd7ebe6
daeb24f2
d9fa1218
f41107f5
12fa2e37
fb3e30fd
eeecd805
af1625fe
09d3f42f
19000d05
d6011d1b
fc240bec
0fea20e0
f3def5e5
e80ae206
e51bd915
f4edeef5
24e10400
2d010afb
0906ed01
1d312327
1dfb150a
d6f91903
fdf413fa
12f2dbd8
fef9ec1c
0c33d519
0bf2fdfe
10ef01d5
f0f4fbfb
ed0e16da
ffe016fe
fe14ff19
07b71705
fafce31f
09fc20c9
f4df02e4
12e7ed04
081f050b
fc03e01e
11e7f8ed
0eda193b
0440e4e9
fef821f1
ff2202e3
defe0b1e
32f412f6
fb06170a
38f9e125
f2210200
f8f2f222
e420eb31
f9180bfd
e5e4fe05
e3122f14
f5231510
16e7fce0
3deb2102
eaedf40e
feea12c4
f5162721
0e18f4fb
34e5c31a
290d141d
ddfa0418
ddd925dc
e527fa02
f012f421
1ff71512
b60a06e2
1bec123f
c91b1709
05d4e030
1618e308
07e12a10
fc1816e5
02ddf510
fa06efcc
1d0530e2
12e6ff1a
fefadbe4
121914dd
1a21ec26
f5ed2724
0733eb05
15f1e3ee
07e9e7f8
2cd908d7
14fbfa14
0a243705
11fb1616
dc1401e1
e0f001e2
24f1f002
0b0029fd
30f1fcfc
0f290e21
1ad8d5d9
eb11fa12
d9122e05
1505ea09
1f16d429
f511ee17
dde0ecd5
fdfdec07
20da0c2d
16fcdc22
1b153a0b
f6fd0318
15271305
230f0300
35281a07
01121a0d
f913001a
171500fc
f41ff108
fc16f1b9
fc2009e5
f2fa05f3
e8f5f006
1af60fd9
11fb1ffe
f81ddaf0
12e7f3dc
1e04e6eb
2cfad6ee
f0efe918
ea0a032a
0eeb16fb
efe70602
07f5082d
ebfdedec
ffe827e1
0a1504f0
f522f32c
c421dc2f
12ebdd00
2336df13
e1f813f6
dff90ce7
14dd1518
02fe31da
f3edf6f4
2404e51d
1417270a
0bd70fd9
29e4d909
1710062f
f023fdfa
de2bef18
12dce1e6
2d0cf0ee
0deae703
fbf5eae4
f9f2fd01
03e7edf6
f5f102fe
dfe71d1b
241335ea
32f5f4d7
eede1129
000de201
0add1727
d8f529e6
f31701e8
e1fbe1ee
21df070a
dce4d613
e8e2e7f1
f7150520
1805fc09
00151c27
e1ffbef4
dfeaff11
140216e3
03f2dcfd
030ce10e
e3f6ef03
110cf31d
faecf40f
d5fcd4ff
1fe00802
ef08e018
26d105d5
20ece6e6
cae0e3fa
efd22ce7
effd12f0
05f7d90a
f9ec10e4
17e20118
060221f4
1bf1e0ee
05f5e3f2
08cdf0f9
08d9e401
09e81506
d5fbd1f3
01ce1519
3c1e00d2
21c8f8f2
e724dedc
09f8daf7
fde2fc00
dff1d810
db13f641
ddddf220
ddfafef0
fce3e8f8
d6eff31c
13eae2eb
1eef24df
facef2e5
cbded8e2
f5f6defd
baed1f07
d9fae2f6
17ee0fdb
0a1fd212
15dadbf5
0907e3eb
fffd130d
2df60c10
07d2efed
1ce3dce0
19e1ea02
160c0edd
1809030f
d80219e3
14ed01eb
dffe20eb
f4110b14
f100d60e
fffddfc5
de07f0d7
09f112e1
04e7d1e0
efd80e02
362224eb
eeffd9ea
d8f7dd0f
02dcd9e8
1f1c0b16
f0e90f1b
0be51c27
1817e815
dfe60c04
23e81efa
e6f904e7
0cf201f6
08d4f018
ea1b190b
f1d30830
f7f204e2
151b19f9
1af2eec4
19ed26ff
de1fd2f1
e2daf6ee
deed0e09
eb16e7d4
14f8de06
e1d5dcec
ff0614da
22c31109
eded0dc8
dbe7fbca
0513dfeb
c707c30e
feee00f7
e0e00ffa
0600e01c
f8ead915
11e3f7f4
00d60d0b
e5f3081d
0ff0e8c4
fdcfe029
26110cfe
f6ddd9e9
ede000c6
070907f0
e607d30b
1c07eb14
0cf6dbdc
14d215fb
301ad51b
1ee0fff0
cce7fbe2
1822e0fb
0c14eccc
f4d7061d
e20207fc
11d50915
e3f31ad7
e220e918
061cd8e0
1311f3f9
09dc09e9
f718ee05
1512ebfb
0ce3dc01
f4ef01da
dbf7f1d6
f7dce909
d0cfdbfd
dae0da04
09f225f7
e4fa03e4
e70a18db
dbf515e7
fefaf4f9
0615c7e2
0d2a0402
13f5e50c
0224dbef
f0dcd9ef
1efaded5
ce16e818
ffed10c5
071713d9
e405f915
11e8ebfe
01f2e2d3
08eef103
0e0bf8ec
08cbe911
140f0e02
0deadcd8
dfd41ed2
f2021ecf
191ddc03
c0e9f0e1
01f51cfc
fce8d817
1116d4e9
0f11e41c
16d21bf8
d20f04e2
cd20e904
08f302e1
e8fb2308
daf3dd10
d0d4e418
ec17d50a
17e4ea17
df191204
ee0cff18
0ef2220f
e7d3da17
da10f71d
fcd8ff1f
dcebbe21
1f2f131d
fdd816ce
d9f9ea04
d3fbeb13
1a030315
f921f9ee
dd041e07
cee3dad9
fa01f5dc
f5e5fef4
dfcef411
1bc2e9d5
0b01d3cf
23f0f112
e0e21aea
0bd60507
eee40f19
f4e514d2
f813f714
d6d9f5f5
fe0be3ef
0bf712da
f5e7fa1a
e81beddd
f6fcf9cc
0b10eb18
d0e924d9
d9fbc4f6
0cfdc9d7
d2f7d7fe
eb1114fa
f1000701
db1af201
d00de807
f7ea13ed
d60f1b04
dfe8e022
01e208e5
e8dc19f7
d9bde9ff
d009f2f1
0a0bed16
d9caecd9
110bdd19
f7fd210b
1318201a
f7f0fa0b
0eedc8fd
17e60ef1
0f1cfbe1
d1f40be2
f6cf3a04
ffdf09f8
02142607
dbe618fc
d9ea1400
1300dbe1
fbe4f2ec
1fce08f2
df0fd414
f8170819
d124df16
1408e1f8
03daf3f1
1602de0f
00ddedf1
f2f1d8e3
cdeae216
fbff010b
d306ebf4
141615f7
d01014f6
0e150f0d
db0a1d04
f7e22619
e624fe12
e40c09d5
23e60ae6
e0fdea18
da0a0617
fefa1e0d
e52d01f7
e4dd3012
02f914e6
f706e10a
d6e80ee8
2af617e2
23f4cbfa
df0403e8
e0defff8
edebed07
e8f2fb0b
3426dafb
ff14fdd5
f80d0e11
fd1811fe
f90a25f9
d4e1060d
fbd0f017
091519da
daecec11
10fae1fd
f212e4ee
1edefaf6
0f16fadb
d6eb12e2
f3e5d907
f8ebd6e7
29fa1f2a
f3df0f1b
1cf61203
d3deecf1
0c0829f2
fefad806
da20e62e
29090102
04fe1e14
0be1e0e4
e6e217fa
04dad404
f0130818
dd1c2f16
eff9121b
df06c911
f914edd9
120f03ff
fa140fea
1e09f713
2223f504
14f31e03
d2d10017
e40e0418
25151ef7
1affea1b
fa10e00d
ea00e206
d8dafffa
f707f0f1
e90d1cfb
1d07df00
16dcd4e6
ebf4f61b
f6e908e4
f3081e20
03c9f8f5
e0f7dfd7
dbdd081e
dc1ad6f4
0ffb12f9
021613f1
28ddfcf6
fdeef605
de0d0d07
f0151611
14ed26f4
0905d6fc
fcf4e400
1710e61b
0ef808d2
11d81308
f1f10204
39c714f5
dfdbd7e6
14e5e4f4
0329e426
e4f704e9
eafcdcf4
1ed9fa16
04031008
12daeae8
f1da05d7
22fecd10
0d01dde8
e3f8e0f0
e41a1c04
101ef615
13f9f512
f5edf109
22f9f41d
fae80411
f1cf07e1
0417dde8
d6fd130f
d8e3f4ca
0a1414f4
ff080dd6
18db1df2
dcedfbf5
e8021be7
ff1318f3
efdd06e8
1fede9db
14f9f5f2
e6f3f0f2
ce10cee1
041be412
ebee1cf9
01f0fde7
e303dc04
dff016c4
140cd8f8
dd0f1ffc
f90fe408
de110325
de3620d4
17fd042a
f6f2eb31
28eff414
2a03e8f8
f422f5f2
df1410fb
fe2dfdd8
ddf00a05
1e072f27
f5eee5d9
f80c1623
08f6db04
04ddeff7
e40bfcac
e705d7d8
e40dcc2e
ea17c8d7
ea19e8fe
0e00e706
e816f0de
d3f3e50b
0223fd0a
d9051b39
c71b2f0a
f6fde708
c519e6e3
e0f4141f
e6fd1123
d4d0330f
dbe801fe
18f905f1
18030efa
f0dc1013
0d07d821
11f9b9f4
fcf0271b
2af7e0f2
e5f6ecfb
171ef0fc
17d7ded8
fdf1eef9
ec0802f6
1ad8d412
d41bf9ee
dff0f615
dedf0a10
fcd1e4fc
23fd1ee8
fee0ea08
0cfb0006
0af5e9d7
edc3dd20
fe1c05f1
ff20f516
0c021f02
0ff5f807
16f6e019
ecf1f5f4
e6e1d808
fc17e00d
f11b02dc
1a250430
0d18ca05
0c2a19f1
fde00215
021eff2c
ec2ae50f
22211be4
2001ea1d
e5f3f527
1910d4ae
04ec1d22
ebf218f9
092607e1
e8ecfdf3
1fee1236
18dae5f4
e32000ec
e22b05d5
1120d920
ffedf902
e0e2172f
f6fcdd1e
06201a20
000fe80b
23f30919
e7ecf7ff
bd200efd
0129e6f6
d60af829
21ebff1e
0ff8e61f
f4f007f2
020e1eda
16f428eb
21f730e0
d718e2d3
1ed31527
e6f70eda
f5d02fe5
040e08e9
160ee018
10190c0e
e605eeed
0b091c0c
2103e1db
d9fdfcf4
1a193a0b
ed0013ee
db19fa16
ebe6f0f8
0b1a2101
fe00e310
00fad9fc
3cff00ed
fcd2c2f2
e7e6dafb
cefd1af5
020ff712
00eee6f6
ec190b0c
13ec0409
2e07daed
f1f11b1d
d82c0d17
1c021e1e
f6fde61c
fc2e0120
150b170d
22fd0f25
100ee9e0
060cfd07
1ae71c18
f7e41beb
de22f1f7
f3def40b
fdefe120
2219e9df
0dd7fe01
e0d1fe05
fe23e904
191607cf
f401ec15
1a0bcc07
de0cd503
eaf7e5ff
d10103de
0d0602df
f91ced21
dbf50cd2
0ee4020e
db0c2eec
22f5f129
fa06de21
ecf0f305
f417e726
00dd0f16
dd23da06
f7f913ec
d4e518fc
fc0802f6
0715f919
02e8db13
0f001120
e923ff05
e9ef13fc
e60a2eea
d7030fe3
030709e0
150bfa10
dffdfc12
f52d1af8
02f90dd2
eeffed0c
070bff08
ff0d051b
2cfe1c0c
eef1ed0b
27f42efe
0002f5e7
d2d9ebdb
ff22fafd
db0817fe
eafc0826
d41e04ea
e5f7ffe6
0505ffeb
0ff4f5ec
e6e6081b
0b2135f9
05ee29ee
01fdece0
06e5fff8
c9e212d5
d8e9edce
e001e0e6
011c09c3
f923ef19
eee6f114
0fe1e0e2
041ede10
f2f0e7f7
e7d3e2e4
fe0916e5
ee1900e7
1b1d0a15
2113c7f4
2af41d20
0cf4de16
d9ebcb04
fee21b26
1bddf8ec
fece000e
de1704e8
1002211a
d600fce3
e1f1eb23
defa3426
e5fb1308
1ef8e411
ecf8dce8
0bc1db06
03060902
22f20909
f0f519eb
1cede719
fad210ef
1603301e
2125e82c
32151afd
16da40de
0d17fc04
eef1f506
e8edfde0
d5ed22f3
f7d0eb04
0cfe0be1
fc0bf522
0ff2d410
00e3df21
2321e1df
f80318fb
1f160d00
142dfc0f
0ee603c9
d4e2e1df
fcfa02f7
25ffe601
04ebe2f4
f618cee7
00d611ec
01ee221d
08fd0617
2202fb19
e6000be9
1113e6fd
36ef30dd
fbf103fe
0f03ec05
f3ed1014
e21910ed
e3f0031d
f302fc27
0924052b
f3f0f8f0
023bf7e5
e119f814
d9e0ffd5
f4faeadc
fd27e219
302b0905
ebfb11f0
cff719df
f518ed12
df20eaf7
2bf907ce
faf619ee
e221f9ec
220222ce
031b2608
1805fbdb
00ecdc36
06edeafd
1efbf1d6
01edf005
14f0ec01
fde0ec0e
29e61202
ecfff81e
fb18e9e9
14eae8f3
e903f9de
32ef1502
f20200fc
25fad9e7
08f5f115
0cfe091d
21070bee
ea04eec5
decdede6
f9dff923
f61f060e
f0dc0805
fbd40706
0d250eea
defef2da
f103ef0a
f7392229
2d0bfe0c
f6d11303
24f7eee3
e907efee
e6020b1a
ddfa0ee7
e0fce6e6
0dd80adc
e8e4fd08
16dde1e0
f8ebf519
21070423
e9e2011d
fde80df9
0331fde2
eb000e21
151cfae4
fee30ae1
1311fcdb
1ce0eb1e
12ea2317
e90a1306
181cbd0c
e7fb1ed8
eaf6fee1
2006e002
1cf40a1c
1b0bf826
09e747e0
02f71e01
eb09dcdb
fe19f2cc
09131313
e516f305
3bd80df6
e606def3
eb13140f
030bfde5
ea021c1e
13e3f20c
ee02011f
dad729f4
1803e0fa
2e26f326
03fcedf4
feebe7ec
0707450e
eb0b07f7
ee1ef826
01140a01
ddf4ecc0
d4f227f5
05f6dbf4
0bf201e7
3500f010
2108f5ef
fb0df9d9
1e4501e3
eafbd8e3
f406e5f5
04eaff04
e3fad7f7
c31709ee
f31c29e1
2af9222d
18cee712
01e7eeff
11db140c
fc1a0218
d9e50314
efeef6ea
10150eee
d703031f
f2d614eb
18ddf519
e8ca22e8
e6172f3b
fffa211f
0cecdacb
de17e801
eee20525
e5f6fad4
e7f3e5fe
f61b02f4
2bf11903
ff01e8e1
edf80fe5
eddde70b
002122fb
141a130d
03e61105
ccf10cfe
0800fa20
15dbe70c
fa1deb11
080b0bf1
0afdeef6
f7201dde
fb221212
0e150dee
dfe1fad3
2adc0b28
f80a0ef2
23f002e4
060d250f
0bdae401
e31aef0c
f3130a03
14d81ee1
f1f90405
27f91423
07050d17
f3df152b
1de2dddb
0a1bce38
1cf41b1a
2f2414e1
f615e7e3
1bdcdeec
df2623f0
e4e1e4e3
fdfb0d0e
0de6e108
01f41ee2
d5e3e404
e20bfee8
0f14d102
171e011d
d910fc0f
0b2aeaf7
e9f61508
0108ec16
0d1dea18
27dedef0
1efbe5fc
fdea01db
1d0ee0fb
02f00dfd
ea0633fa
11dfe420
0bdf34fe
3b13f0eb
172921c8
1f29f016
f8e6e0ed
f10004d7
11471fef
0cfce624
1616e9d8
f9091e0d
dc1ae8fc
fa012706
011ae0dd
f524ecf4
e1e831e9
eb22eed9
06fd21f4
e3f1fee5
edf70a1b
1a13fd11
df03fbe8
1c11effb
e71d0a20
eae3080e
e51902ef
30182df3
071cf2dc
f2fb16f3
e10ffb05
efe4fb25
42f52d01
19ec1e1e
f6f0e623
26e3e6f3
f9171612
051d221d
58f0dc1c
d4f80bf8
2ff8032b
1f0a0402
180216f3
351de5e6
fa0b111a
d9df3529
232aeaf9
1bf50324
1efdf2e0
060422ed
0c12ded6
de0f11ff
25eee303
eb191d0c
3d042527
0c1ef1ee
2009e306
1def0d24
e4f61413
fe09ed25
ee0adb36
ea0f2905
e92ede26
ebf109f6
ff12032a
e8f72316
08ef0924
05272006
f51a0d12
21e5fa26
22e2e215
d6dc08fa
db071d27
f8fbf72c
fef3183d
3a0feff1
ebe1ed0c
05fa1912
13fd1afe
152ad223
43ffde28
0511e8e5
df3958de
fef4edf3
01ec15e2
ff0920fb
1cdd19fa
20221909
e31b18f1
1e05f6f5
1e2415f2
190b0a01
26241cf6
05e4030a
e2e9ec0b
e4191c13
16feefee
0b0d2e10
241ce5f1
3dfe0522
db0b5222
fc173023
32eb23ef
361e0b1f
f80a0b16
df2f1127
e0110810
0cdcfce7
130ddfda
0bcceb0e
2503f0dd
1306e113
fe1df4f8
ee0ee6d9
f2f012ec
0bf5e71c
fd21280f
fc3634e3
23ff1e30
0ff9f202
131e22e4
f11ff015
fa040c1d
1b26f81b
ebe0d629
f4f405e6
f90f0dd6
1fe3040e
e6d422d4
dbcfe6e7
2e05f0ed
cbffff0d
07f104e7
f5fe1309
d014e4fc
dc0a1410
04fff224
16dade03
1ffc2710
dde9dd28
db000bf0
0ef0d3d2
dc0a0b1b
eb11c9fc
e601070c
11e6e4e5
07fcdffd
fa0d180e
071d0301
f90d16fb
d908f0df
26070712
5113fff7
fcd0fbf1
0d04fdf7
f92200d3
23f7180c
040be6f9
12ead712
28e61af2
faf90af6
fad72a22
040cfdf0
ebe2fa25
101e0804
0eec1af6
e117d718
0ce61219
0005f714
2822fdd7
1fef0425
00f8db1e
2a0702f1
190ef81f
f40508f8
eb170106
deeafc0e
d816e705
f9171306
1c17fb10
d2f310ed
fce7f6e2
2e0deae2
09100426
0df6ea20
e7e211d7
09da0606
eb1bd9de
22ffe4e8
eaea011a
14112801
fafbf60c
e10f2318
e7d8fa21
13e5efe4
23e0e9f4
f3110b14
0f03041b
c9faef19
e0f4f513
0424fe28
0bf91206
210d39d4
e5091307
1b0bf41d
11fefbf9
1b141c14
fe2f1131
23120f0c
e412fd05
ecf421f4
f3100120
0f04e218
1bf90ceb
d8f312e3
f4f6e4f9
1d1e082a
f1e7fe18
02eff3e4
2113f3f0
ebecf3ed
10f9eee7
e40de015
0dede400
0ae21f03
19d5e025
f8fafc02
1fef0b14
25f71a2a
120911e4
011bed22
000f1822
0e33dff2
30e4f105
00f4e7ff
36e91fed
f0f3e614
25e50d1f
f93e180f
db141120
0f040d0f
01c8f3f2
11fd19df
fadee3ec
3219f7fc
ff0ef319
140b2d03
f91e102d
161b2125
ddef20ff
fa1fe106
0819f7f8
f7dae51f
23f40207
e0eaefdf
0c0709fd
fefe2812
fcfdf0ef
fff83c0d
f42002c8
2616ec14
e304fa01
13e62306
f7f002e9
28f2dff2
e010fafd
df02100d
4c151309
070af3dd
17dff6b4
09e30100
0c1bfb28
2505f127
3009320b
05ee21ff
0b1a0c20
e6f5000b
1b26f0f6
e102e3f8
e6e0070f
2001052e
f614f9ef
23f4ef03
25311b14
d7050add
06051cfc
0ff3de1f
15030416
f1f60bff
20f112ec
260d0f10
2cefda16
230ae31e
0fddfd1e
f7d6dff1
0ddceafd
44d4e4e5
f2ec2607
d2001314
28fcf4de
f4141a22
e4e82e1d
1d092003
f1f3e5eb
dc25ebf0
13e2e7f1
ccff1dfb
28101010
2ff91916
0dec15d5
21292002
20ff23f5
220cefeb
dcffe108
29d8161f
1d17dc03
f417e41a
38ecd9ee
f403fd07
14d72c01
dedbfd0a
ddf3e1e7
0afb0afb
f4f7d80e
d9f80f1d
15ea1709
1a160b0a
e1e10be5
e6211e2e
f0f4d9f7
06ee13f1
1813e600
ec20f6e4
010317e0
e910e9f3
d302f009
ddd4f8ea
fedbe5cc
05eb0619
ee08f5d5
de04fb12
e11a01ee
01c0f1d9
11e8f601
1824d7de
effa1116
11cb0bcb
13fd0feb
f8f7d4cc
dafc01fa
f0d21bdb
d3ee22e7
10fcef12
f3dbe604
f3db0606
28e2de0f
15f1e3da
f3cdff1a
21eff207
dcf4e1e9
edcde7ec
da090ff5
e71a1efe
eae5fedb
d000f80e
ecdef209
e2182413
dbebf807
180f1402
12e8dd0b
1206d50c
fdfbe9e1
f9f3f9c7
d7f1320d
040a33e4
17f4f716
0202f619
e6dd0614
271713ef
e6e10413
d90015fa
d1041dcd
eafee6df
0c0c0130
f1d8f7f4
02e0e9df
10daf500
e5e61100
1114fb10
f2e6e3f0
250108e8
e63108fb
e7e8f7e1
0ce8faed
1eff1627
11eafc18
18e7e90e
f01cf0db
120705ea
e21c0816
02e801e6
eaedf4e2
140fd5e4
1f02e6d4
f30af1f8
20f8c7f0
1fbe2a0a
0bc620f1
db0fe8d5
e0241c15
08d126dd
db0e1f05
2ff50ce2
18cedfe4
e22308f3
0d25ec10
ff17f10b
1918f0f4
17db1bcc
f6160b27
1b0fc31a
f4fdf8e5
cceef91d
291df0eb
fff9d2d9
eee1d8fd
e020e6e1
f5140814
fa05f5d5
1927ffe6
0806e6de
0cdef3da
0c18f11c
160bfefa
fcfcd4f8
ec1011e5
00f4cb0f
06f3ecee
260b030b
e0d5101d
f3f9fbfe
faf81721
161311d7
0707fcee
c1101a0d
0ee0ee0f
1a00e00a
000bdeec
0dd3f803
ecd3fcd5
1c022b0f
f0d5fbdc
cd1cf2ef
00d716f3
23f712f1
f7190503
0800e328
ef11f1d7
040506e9
f519f822
d507e8e4
d70e16e3
16e7d7de
f803f10c
ddf302e7
d8eafd06
040212e3
d2e1ee07
1ff20822
e901c509
0bbaf7ee
10eed4dd
0ff6e609
29f3f3f0
eb100bc9
e5efdce6
00f11ed3
0f10eadd
eb1ffade
edf6e501
e5fdcefa
15defcd3
fafdd0d3
e9f8e82d
04ef0614
10efd209
0a04ebd8
d7fee5ed
e3e7fcfb
f2f70b07
e3000c12
150cffe5
e1d9fad4
ea1fcd1e
f0e327f2
e61b0517
e4d60212
0109071a
e0dae5e2
10ef19dc
ea0b0404
f10910dc
e8bdf0ef
10c70b18
efece71f
131ae50f
16e804dc
e80ae7e1
c317eaf2
131dff0e
1f05eeef
ece6f918
07d3e509
e9ede4d2
06e308d9
e2190edb
c8120e2a
ead40ee9
fee1d8e9
c2d0dafb
fe1ffbee
fada07f4
ee16162c
15f8f1db
19000e0d
0f08e7e9
07f0230b
fbcd22c6
0bf5e1f7
da170913
eff20915
0900f11b
13ee01f7
e3ddf71d
cdfddbe4
d8ef18dd
1fff24cd
c9eaf5fe
dbd205f5
fdf613dd
1d02fae2
17dbd408
e30820f8
e8f50ef2
ee02d7fc
e1fa0101
dd1720e7
2005da18
05f9fb10
e70bf0ea
fa1fd1df
08fdf8df
150cf913
02e1dde1
d220eed6
1818dee9
e70d0eff
1ff1dcdf
f4ef011d
01d6f1fc
faf2e8f5
e62a1ed7
cc02d316
ffdcedd5
edf8e5e7
d5f0fde8
ccece6fe
f8f1fc1f
d1fa0bf3
1ec8190c
2f03ea10
01e0d8e8
e50ddb0e
10ebe401
d3f31dda
f2e11ff8
16221112
dc08ea12
f700241d
d3091612
033312ef
0d2cfcd3
26e3dacb
e91601de
e3121cd3
11080dce
1218f837
3c1b1c1d
fe0e09e0
f80c2bf7
19fa26ec
04e9fb08
daf1e41f
13060918
f00de8f3
ef0c191c
fe08d7e4
e1e5db00
ff17190a
1cfc15fd
181205e5
f7e712ed
f4da0cdf
c9eb0f18
00f7dfe0
f7f0f417
e7f93be2
041ae31e
eafee314
0bdefb1f
1b0c1c09
07e9fc01
d6f3c708
f316dd04
0ffaf5e1
1f1afd03
13de0500
0eedebf8
efe61be4
e2e91c11
dae9f9e1
f80ef5de
16f6f710
1cde021f
11fce7e5
e0e9efe6
14e502ef
f0d5ea03
2c11f2e9
d6fdd9ea
ef0905d4
f6071905
f1e7ec1b
11f41227
210dfc23
f70e1ce4
f7de24e8
f4fee8d9
f0d81116
fc0a27e8
dc16e714
eaf10ae5
0f1dff1f
06dfeae9
f8f508fa
d11a02e5
2d12150f
f9e522e4
0eed0301
ebd70609
20ed14eb
17e0ea27
fed4e7e7
e3ec052e
0dfaec18
0a12dc04
0b21d608
0e1dd0d7
04f604ea
ff03ef01
de060ef7
ecee0cfb
290202ec
edd4ffd8
1af1d6f3
fa2e2212
ecdd05f2
e6e514f3
ee060ada
1d1817ed
ffd420f1
e3010f01
e00d0604
12fb04e7
eefbede8
000e040f
f7f0d104
ece3e8f4
14f40bed
210de527
23f6ebee
f30df3d8
0ae4f0f0
13e40dfe
c7d7f313
e31cec06
19feece6
0d1afa16
0d1debe3
dcc8e414
260df6f4
1becfb17
1523eae2
feeaf3ed
d4f613f5
ebf61be7
e6eb10eb
14270b1a
28080510
d3150adf
15e2df07
ebfff5e7
e6f206f5
f1e2f2fa
f72ceffa
1bebe5d9
0ef7ee20
f6fb19f8
f9292010
291804fe
290a0121
e6e7e504
1508dba6
efd927e6
ff16f525
2527f8f5
1a0231e2
31081e0e
e912f10f
e20233af
01200511
1dfafc08
211e0ae3
e4d30a37
09ef0cf0
f1d812d8
e2fd06f6
fa2c03ee
1910fd02
e6173b12
f009102c
c812f701
dff6e1fa
2013eeed
eef51fe9
0a1019db
f3031ad7
06ec03e3
181f1a1a
1ffb20f4
e514f014
0cf42afb
10fafe20
eed1f0f7
1d001afd
0018f210
f9001c05
e8effafa
1bd51e1a
1d3b17fd
de17f50e
0801e91d
efe00dec
10f4e6ee
e5dcfe18
2de61b0a
141f2be5
17e80a0f
f6feefd9
031b28f3
ccf5d626
e419e1df
23d3f6db
d8e3e5d4
3de2f6e4
f2070027
0efce0e7
141b24fc
0b191208
d429fbfa
0016de03
e804fa28
31310418
240df517
00f6011e
0e23f20a
1e2e1bb7
0de539da
dee801f6
330602dd
f4d800fb
00fc02f4
f2ff0219
f11723e6
ee09fdd5
07e8e238
eb00d0f2
e505ea2d
0efb15e8
e1142605
cd291509
e70727e4
ef0807fd
fc1e1813
f6f1eaf2
d30ae7fc
08ec0aed
2309fb27
cf162b17
fb40e605
efe119dd
eaeef20d
1df107ee
f9020f10
041701f3
f5fbdd19
240609f6
10f8130f
17f2312f
fef22318
0f0ad806
0612f10f
d60dee1e
173f3310
10160c05
15e3e6d2
ea180edc
0aef0701
041b0a16
1ae703f4
41d5f7d4
e8ce0d14
0ef4efe0
e41bef0c
e5fe1110
ec020009
260de103
e51c23fb
461cd702
f8fe182a
16fe05d5
fc023ffc
1f1a0529
1b15d522
09141af1
12271807
15dddeec
fc37dfda
071efafa
ddd81d13
df21f1ae
e9ef1f12
0606f910
020b0eea
cee42d10
11e6fc1a
142ee3f9
0c0ff2c2
1301fd0a
25d5122d
01320e03
d817fdf4
f7050c13
d2defbd9
f3f5f507
de151315
f713faf8
f94032f4
03362000
d80404ee
ed0ddf23
0c1115e4
d51313ea
0a27101a
15fb2f02
06ece9d0
02e2e9d5
15110713
eb1b1a0e
24fa14ef
00edf2e5
1f180e2a
e0fe120f
10eb15f0
e31dd228
15fb111a
e2d6fc17
e1fe2a0b
f40100f3
d9101007
1a0ddf1a
da1dfbf9
00051afe
2c2109e9
ff03000e
d4e2deda
eb072022
051d04e5
f3effede
192612f3
15d51bde
f8fa131d
011fe22f
f709d02e
f40505e5
ef162be7
fa1f09d5
ef18e9d9
ece3e7dc
fdebd600
f6260613
e0f8ece3
fbeb0104
16f80af6
f01a1dd8
ec01e71b
040900ea
f6e40521
05edeed8
1506ebf1
13091fe9
e4fbebf7
21fdfde9
dce11d1a
1100ff1a
fdf90103
ece81f03
e80be4e0
04da140b
e50902e6
04ece5f0
eb1e12e1
f90cdcf2
1afffdf9
faedfeee
e40e06e9
1ef1e710
fbfbe6df
f5f81c10
e51a1ddf
fd0908ec
ebf0e9f6
f7f0d9d7
0cf8fbe8
fb09d700
f5d80eff
e41edadf
0106f3e2
28ec02fe
ff0008e1
1bdd18e0
06e403f6
ebe2dbe8
e304fe1b
1fd7f21b
eddee7fc
2edf15ef
fc0ee60c
020d15ff
f0dff9ee
0400f8d8
e2fce314
0eec10fe
e210e717
f2fae414
dd031e1c
e4e0f2e5
23f5ebd4
fd180c1e
d517281e
e5eae1e2
11eb0000
e4e8e9f0
e1d814db
f31909e8
f0ff06d8
e6e9e0f7
130d12db
1d0019f4
e52031e8
f913eedc
f415ec18
dc0ad912
0ffb13db
ebe222fe
d9130def
0b20d413
f11203f6
e4f809fc
19091f14
0bdfe4f4
15041af9
eff70417
eb08fd14
1f170d05
d7ffea1d
dae1ea19
0708dcdf
08f5201b
0b060f06
d20d0809
1728e2de
e929e0d9
dbe31ee1
f4fddeee
19e40304
04e908f2
03e7f3f2
de0212dc
e0040bda
fc0e0d1e
f00f1c02
05e3fbf5
f30713d5
18e91905
1e162017
0de6f8e6
14d8fd11
fb1715d9
230d1cec
fbf60f01
101c0400
dc1815da
f1e9f8f3
f4f1effd
e92af00e
1ded110e
1cfe1f17
f2dcf8fa
08d61cff
17f0deec
1411f6f0
e523dc01
1e15e1d6
1b1d0214
effd15f0
2af3e70b
f4f9fcdf
192ae1e5
dcd9f41a
f8e9f7dd
08ea0218
0ffb081e
e701dd0b
f1ddf900
11ed1119
dbf7f0ef
1424e805
f61403fd
f522f216
e9de1e26
1c1ad8db
ea22fdd6
14d61df3
efdeedf4
0df6001b
28dde010
e30fea0d
ee00edf1
d5e215fa
1bf4e8dc
00d90a23
ee00f3df
12f81c19
0c09ef1a
dfe409df
1cf6180b
1210f9f9
190efc1a
d51110e4
0b0e0b05
1a16fb00
eee41b0e
d703d81f
dff3def0
1e10f7f1
24f4141f
d7fbecf9
f10bf31d
141df1fd
0af6dbd6
f2181b25
f0ee0114
da24f6f8
f8e3ef20
d4e3f814
f9f3fb1b
ebea0ade
0be3dcf2
02071de3
ecfcdae1
1e08f21e
f40fe8d8
fef2e9ee
e119d41b
24ee16e2
fdf5dadc
01dd0105
e924f913
e9f210e4
240eeb02
d5e3e31f
101afffa
1a10d6fb
d5dfdb19
f9f6dcdc
ec16fd17
e71a01d6
e9f2fedb
12e51d1f
ecf7e1fe
04f7e00c
1701fef7
1c071805
ff10f9e7
14f4e10a
16dd0dde
f5dcebdb
07e90517
f212d7e7
0ae00eee
d7d917f3
0de611dd
110fe123
d5deea0c
061c0fd8
06fa07e1
d815f003
19161afa
02dedf09
15f61104
1df0f000
d8131617
0914e81b
e7221601
f8fb0909
190405ec
f316fcde
1bf0d5d4
121008e5
f011e713
1ef21ed9
e004f3d4
f71ce2dc
0505e4da
fc0aefe2
fb061cd7
01d7f80f
eb23dbfb
f3e71920
08f90efc
14d22610
0f20fbd6
fed929dd
e901e2d6
f822ea01
df111d09
1ce7181e
e2e5effc
2520e7e1
0d030818
f6041706
1b14dde6
faf8120a
e5022420
f30ade06
0a0f14fe
dcd61109
e4e81f02
e003f111
0e11d410
1ef1fffe
18e713e4
fb19dfe3
fa13d210
fb000017
031de30e
e3ef1f00
1c22dc15
11ecf520
020bdd15
f5ebf115
0ee8ff18
f2dfe6fd
22fa07ec
f913171d
09e71220
d5ecf91a
e0eb15fe
14fce5f4
eae9e8fc
e911f11a
e21202d8
f3f823e1
e5fc1a0f
1df9eaeb
d816d6f1
f8f91109
e72016e1
ee0bfcef
08e9d41a
dfd6eafa
04131312
10e0ffdc
1ae9fbe3
e4e8e60b
db01e41b
d516f21f
08faeeed
01e0d8db
e820e507
fbe7e50e
f908e3ed
18f2faf6
e210fef0
ee07daf1
e00c13fb
141809db
12ff18e9
ef112006
ff0ee909
fffb1afa
fde5f9d7
17feee08
14dfdb23
04ebf112
0a0dda17
1c16f0fb
1310f2f2
ea0c13ed
0e26d9e8
040517e3
01f7e91e
001e13fb
f40cfee3
f2d8f818
e7ede304
f5f00fed
1a0219f2
22e2e400
e4d30e0e
eb01040a
0cee0f03
11ef19f3
06daf60f
ec05efe5
dc1616d7
04f3dfee
f7e206f1
0a1bd7e9
0df71101
db21fb25
151a0e0b
16eedfe0
0c18d8e6
db1ff7d5
ffedfed9
eed21eda
ecefe218
0a1df01a
ece0e60d
1022ef13
2102df1b
12e50012
00fbe2d5
df0518e7
1a1401d9
030e1911
f8d8f415
d8d4ecf4
e4e70809
14db05f8
0c1be313
f4181afd
1c1bd9e4
13f11cd7
f7e01e1d
0cddd6f9
d9120dda
e1e5e5da
ff20e012
e60319db
0d160c09
19e5eed6
1613e31b
f6ff03fd
d5dd010f
11e6d91e
0ce410e4
0a14fa04
0019f111
e110d719
150adf09
f1141ff2
f0e1ef08
f81c04ff
db2b1114
f30d15f5
dce81410
dfd4e6d8
060e19d6
fef5fcff
dbf91809
18120b05
0c1ce2db
0ff5eafd
f010021f
1b290efc
05fbe9f3
12dd13e2
f7ff10d8
f41311da
1cfe0521
20e0d6f1
f80de7e2
f6f60adc
041c10dc
14dbfdea
f7e5dddd
f4f60df8
fbf0e00a
e3ff2212
17e7e51e
f5eb1de3
e3d7d4e7
e9db0c05
02000de1
0af41903
1b0ed91a
17160dff
e5eafce2
0a18e2f8
2a06fbfe
f8fcedd9
e211f8df
01d80a10
0515fdf4
17e0e40c
dbeffd06
eede0a20
eb140a02
13dcfef7
ef1519f7
22fc0d22
e70b0902
1f0708df
21e11efe
e924e7fa
da0112ec
e4ec09d7
e412ebd8
0d06eaf6
09db0111
dc1305dd
02fbf51a
fe24ffe6
081e14d3
f9f402f6
dc1cd702
08e50ce6
f8150ee4
271608f5
fa1302e1
e1f9dbfa
06e7ed04
111018ec
1cdc00e7
16f3d904
151e11ee
edfc010d
f3f40efb
0ff713da
1c0525eb
0619e51d
f1e4e911
f40cf0f2
e515e30c
0b1bfb1e
1fdafc1a
02eef313
03ed0dee
f9e901fa
11f2e2fa
f0def5f6
1015eeef
210d1f08
1dff1cd4
15efdbfc
0de101fd
e7db10e1
11ff1f02
09e3ea0b
d5d80318
ebeae6d7
0d0ff601
1f0ede16
000cda04
f4df1e1d
001ce41e
e3ddf4ff
e4d62aed
06e90fde
01def1f6
ebd9e021
17e31112
08ed12d9
dc05ebfc
00fd1814
e814f619
f2d8e906
dcd40408
fee00106
17faebd6
1ce3deeb
001804dc
eae70fec
0ae41efb
dc03eff6
e4ec181e
07e8ffdc
28f51efa
dce8defc
e521dee3
e9dd20df
d8eef30a
f7f719df
08f712f7
f2e1f908
e321e2f9
182b1512
e41518dd
f81012dc
dadbd91e
1b170cf4
fddbfc2b
fef4fe06
f1fd2104
e816ea18
d9e9e6d5
e9edf3e1
fde7ddef
ecf8e51d
deebffdf
e6e8ef1a
ebf526f3
1bdce0df
16fe1320
07da20e9
de100218
28f1e0e0
f4e4f300
db15fddf
db050f10
ee011ee2
1821ebf4
fa121ffa
1e10e91b
ed04f2e6
05d6dbf9
0cdddde5
0b060221
f6e11efe
08f103ed
18e9f813
fdf0e9fd
ee0f1f21
f8db0904
15f3d60e
0e25d607
dde51115
1a01d6f2
0adf0e15
021a1afb
04dee004
e708f2ec
0ee913e6
200d19dd
e604e804
e9191c01
f70df0f5
e1fed701
e2f9ffe9
051cd5ea
ee10e007
1be8cc17
cf15d4e5
ee00e101
ff04140c
f8f51c1b
d4e9fd19
1fe6f8f0
03f902dd
f31c0714
b8e8e0e6
ee1cd8fc
fcded1e7
1ce90ce9
f5ef0301
0f1ff5f2
14e4fc1d
03ffc6d8
f00af5ff
dc04e227
321818fe
18d8fb43
f7072bfb
f0e327f1
fbde2c05
e5c5f607
0318e4fd
e6b61bf1
05e6fbf7
eb03e6e0
24d6e012
cdddcefd
17eb0430
0ee709f5
18e6fbf8
f3e40702
3ddf2a16
effa12db
1ff8e107
1d07e709
0af3161e
fc00f81c
d6011cff
07e4fbd5
eaf5e904
13cae203
e8f0e51f
110f08ee
e6270b11
17e9f4ea
3902d710
f8071900
1b0f0c00
e106e0cb
e024fff3
00d8f2d6
e5f0f229
edf710fa
db0e0ad5
1902ff0e
d3f611d5
efd80c20
ff101819
1dedba06
f3070f04
f7ea0114
0af5f316
18f3f420
05d507f6
fa0de801
07fe39f0
091708e6
dde531fe
f603e2fc
baefe1f4
d52d0717
d3e7c0e5
e3d8f60f
18f2e530
f403fde1
20ddf327
110701f0
0cefd3e0
09d718f2
0e0a04f9
edf2e311
05e01f0e
1d0eebe3
ee080f08
f2d1172b
3004de04
faee160b
fe140f0a
dafbe3b9
24e30dfb
e3d6fafa
f70eec48
efda1e18
e017ed22
e4f0ced8
03f60df5
c0d90cec
00e21135
310504e3
edd928fd
0fed1f1e
e1d910f7
0c161a14
1f02e5fb
e4c4fff8
e52cf3fd
fef6d6fe
e3f5ff1b
3d0b1311
f9f61ded
d9f2e01e
261a0a04
fde917c6
c3daf5ff
dfff0215
f4f6fbdd
0508ef03
e2deca09
f6f2f90f
1f070eea
0be1f80c
eb13e8ff
ff1eebc9
19ebf4f2
fde50adc
c1071000
f5f6e504
e3e919e9
bdd1e710
e3ed1307
f714db34
17ed15e1
15f1d620
e1f0fff0
d90cfcfb
fb0c00f6
e4f513ef
13f02362
cf06e91f
441bf9f9
ca0dfbfe
ef29bdc7
e1f8201d
f3e22711
47d2221a
efc619ec
da13e3fb
21e8e917
faf00915
43d50925
c0bde4fb
ff2402eb
0203edd8
f9e0d517
dbf1cbf2
02151019
022007ff
e9e51005
fbc5ee29
01cc00db
e1e207f6
fade2438
09baf6fc
d906ecf8
e21615e2
0ad429ef
de030b01
17cff3fc
0416f8d7
05eeebfa
f91eeae6
e4e9f907
0906cff2
e7f10c1f
c3ebfcf8
fc1e1f11
f7dbf5b3
e1f91804
ffde17e2
dae91f10
cde413ea
e9f9c109
f5fa08d4
1c02ec07
1ce41ade
021ef3f4
fe0cd6fe
da05d3c5
f723f612
dc2bf0d1
fbcdee10
0ad8d519
e5eee82a
d3dfee2e
d8d60bec
d31c0c04
e70cf5d7
b30506f2
120cf5e8
ee19f4d3
12edf40d
1ddfe1f4
081ac3dc
2ae1c725
0709cfdc
f5fac12b
0fec0504
04ede4ea
1ee60227
1f3d0cde
e60adf12
f0cee7f2
27e3ec27
f5fe32fe
00011b29
f929dd19
06efc62e
e0a7ed05
2cf42bfe
211f0b3d
eff509fe
eaedda0a
0e17ff03
1a0627e0
e5f8d7e4
1f15e926
cc1d1af9
e6f41bea
1702e628
dc04eaed
e9dc0a03
d9ade904
0be7e9fb
f20d1c0a
1ff3f5fc
0217ee0c
150ef914
0809e2e3
f01e2edb
1104ca0d
03dbc917
c50ad6e3
e7deeaf7
f91518ec
e5fef0da
0108c00f
12e40b19
24e2fd00
e5efe7f3
0b04e629
e1eff1eb
f404dd19
d4250ef9
ce0f0706
fceaf217
fce419e7
edf514fd
c60bf039
0e01ebfc
effedde6
d8ff0616
df04e8dd
05e0fa16
22eb03c7
210924ef
1b1e3d2d
0bf4dd03
2b1ddc26
d435cf06
fa20c6f9
1ef60609
2ff4de11
f5e3010f
11e9061b
22ebfcdb
ebdaf520
29ec27f4
fc0be509
0dc803ec
da23ef13
db07bafe
fdfa200e
ce1fdef7
0124ec56
15fd12e4
00e8feed
00d2e4db
08e90c01
be1cf8f8
fce40df1
da1ddec1
0fe2050e
f8f11805
fefb14e7
e8e3f6f6
1ab2f41d
e2f015f5
e70200f3
eff5f1e0
0f10f3ed
0f12d7ee
f0fb0e19
d5d531f2
0ff6fe20
160003ca
c7dffee3
09f30ce8
e0fdfa14
e815f5dc
fae5d126
dbf21201
e11dfad5
011406f0
ec03eaf0
17f2cc19
06fef9eb
eb18ff08
1409ceb5
0effeb07
efe20ded
03d2ddd4
dc2b1728
fff00c1f
1efaf4e0
e9f62cea
bb0adadf
fc14e11f
f00ce8d5
12e0090c
182aef23
e801ed03
24ea14ed
e3feedf0
0926cb15
09f00309
4eeaf0ec
0f02f217
1cda1609
11d8d1c8
2abef0fc
2411f01f
27fb1100
07f1140a
d723dfd3
fce8d5d1
1cbaf6d5
f31900fe
fcf4f526
fad72220
d8e319ed
0bf60a1a
fff634dd
0c15ed0d
fbe9113b
0208fdc5
eddeef17
0eed0000
ee0de90f
e505070c
f7d4de23
10ee1316
e21cfff0
22fb12ff
e2f7faf5
26e615f5
fcfb1402
0c17e315
0c622bf0
1ddfe512
dffed7fe
0ae1111a
ebe714ee
befaf815
00ebcf01
c903eeee
07ef15fa
f703e0d8
09d91720
17c2e811
f725f31e
0bd4cff5
da151fb4
210ae1e8
29eb0cea
ddd827f0
d81d02ee
17050c01
f214c9f3
1f3f07f2
d70e0b19
eb211d09
e715f5e3
161d08ff
e7110bfe
0b14fdda
3121de22
ff01c91b
f613b417
0d17df13
da1a12c5
d4cd1812
0845d918
0e21da01
05eaec02
fc02fd27
d2eb3c1c
c4e20125
f5111fff
d6f9e711
09b31819
16dfe7e4
00ea3538
0bf62b11
1412fbfc
f73ce3f1
3ee02dde
b81ced12
d1e4eb22
cf0ce304
d708f40e
dc000623
1fddf10c
430a22e8
e0b9e7ee
fbf7d6e0
1114e30e
081016ed
f4051e02
ecff1f13
16f10910
0ffde017
eb12c9dc
05f620f1
19f0c5ef
19efd9e8
13f10eea
eff2f819
e22503d3
f209f403
1d201b24
070419ff
eccbd5e9
2ac9d221
18f503ee
0115f51d
f02bf8cf
e606d6ea
35d7fb1f
d221e71d
e5f00f11
1bf0ede1
dff8e030
052df2ed
ddf7272c
e701ebde
ccf11bee
28131fdc
0e0e3fd9
eaf4d327
f6f1f904
c5edf225
0613ef12
db05f912
ef14e3e5
35f813ee
09241eff
00ed0328
d9f919e5
0bdd1f06
d7ec120e
fa24e210
e8e71b20
da05c7f4
efac2008
1010f2f0
d509e844
e3e8ea02
dff80af9
04dd0b0f
17ec11e6
0e14d500
27fdf419
ea150af4
ebda18df
1311051a
e1fff904
f4eaea15
fde9d81a
fb10fbf7
dc30f4f5
e61ae1f6
101120d6
15eaeefc
fe15e51e
f01cdd03
defdd20d
18c71a0b
f0f3c208
fbe5ebf7
d9fc0e26
f5fbdbde
e1e0f8f2
dce6e017
fa0c1106
e9071604
fb0d03ee
e8fed116
f0dd19e9
e3fde915
19f810d5
e2f921ee
f506eae6
baeee913
dc123814
09c5fb2e
ebfbd001
193011fd
cf3107ef
f9f2ccf0
b8eff0e2
243617ee
033ce3d7
1a0e0e10
39f3e5fc
b21d26e3
0217d0ec
1606e6e5
430418eb
44dbf31c
d614ed12
000eeb04
2fc91a0f
f02d193b
25eefa0b
00ed1625
fbf0ddf4
06dba8ff
e9f30c18
de00fbe6
0cfe41f6
030a38fa
2c25e20d
102921e5
290f0bd7
12fc032a
270dddf8
0afedef5
f5e20805
dcd5f7e8
2812f715
eee204df
03c3f417
f5010211
e305eee8
fbf0d2d2
0f1d1c1a
0cf9f2ec
07ec05fb
baf2dc27
06edfbe3
ebb5f7ea
00dde509
00dc06e5
e5e8e814
f9d9eae1
ef12171a
e9d3f0d3
09ede9db
160002f0
1ca70f17
f6fdee0d
d7e0fdf9
070cfaf5
09121ddb
e7e2f210
03ff08d6
04f9eb1c
0c0b201f
18fefd0e
e9feeb1c
d61204d9
df1b05ef
0ddddad5
fbfa10d0
07f7f6da
fcece0d8
efe317ee
e7dcfe04
f5072412
0ad41709
ea10f4ed
1f120213
1107d9fd
1ceff004
09e8100c
f1f2d613
ddf6ee01
f30e06e8
0300121a
0de71e1c
1320d80f
e8fcf2e9
1905e4ea
ed080d0f
001cfffb
0ce3d8dc
f3102305
d6da1ef9
1aecf901
0bf6fde0
0304d3e2
140fe30d
04f1e211
ff0ce4e8
05000fe2
0c03281a
ecd8fa05
0408f2fa
17f6fae7
e9f513df
f0d7e6fc
1604ddd3
23f20fd1
21d0d91f
fef400e7
1c2efdd8
0402e5ed
0be0f102
f31bd2e0
e61b0ff9
0d1afbeb
23e2ea00
fcf1181b
ea03e5f8
ff0516e3
06e81f24
28ffe4ee
fbfe21e0
0a0020e1
d91feb0b
0ce2f113
c62a12dd
03160bff
01ebe71c
0e00e204
120bf31d
1ffddb14
180f09d8
f7e6ddd9
0d1dddb8
20dada04
ca1213fe
fb270bfc
e817d412
1adc1cf6
0ef003db
c5ebea05
ee0609f8
f4fa07e8
0919fb00
f9201ced
ea0801e2
e517e1f8
1ed7ec02
d6e9d61b
dbf3251d
22fae509
180ef915
de03fc19
da001c06
1cf8dee0
dc19db02
df0316e0
24e61bf8
ef0bdf10
1415171c
fceb17e0
f008f50c
e10ffde2
e303f2eb
ebf514fc
ead4efd9
ddf3dffa
12080317
18d50f07
effdea06
dcdae407
1ae60813
e7e5fc01
09fb181d
230cffd9
0afe13f4
f7e905eb
1014ebdc
e00c10ec
fffcf9df
ed2cfdd8
ee031b19
fd13001c
1e180d0f
e92002ea
060dfbe0
e5f3e3f1
0ede10e4
e0f3e0ef
0ef31e20
f7e4ec15
0f14f51e
d4daf2e5
16230dfa
eeffffec
f8f1dd19
ecdde119
13e0eddb
2b0129ee
f0ffeb18
d7030014
fee61a1b
0b1bf71f
1ada0311
07def2dd
11e015d4
19d906e8
fbf91b18
e20efcd8
070826e2
e6f102ed
03faf71e
06e5e720
23dae713
20fefce2
0517fce7
ebe307dc
1af2dbde
ec1d01e2
0e1917e1
f9020dec
280ee90c
fe01d221
24f0f621
f9f9eefa
db1cecda
defa0318
04def209
07d3141a
20ed09ec
27ef1bf7
112114e2
ed1ee3dd
15010704
e1f3e2e6
011618f5
07e0fcee
dc2127ed
010de2e6
ecfff607
080adadd
0af0241d
e91e08fe
24e11d04
0a102019
0812140b
e90efbf6
f7e1f020
e70c06ef
1404e8e8
fb08e801
e6dbfed3
1e18e4df
f01e10d7
1bf301db
d7edfd10
f40205e7
ff1d13ff
f2faf2f9
1ae9c7d5
16e6e6d9
e9140ad4
01e2f326
e60e0820
12341106
051cfbfa
eed31ae9
c9fff60a
da19f5ee
ecfb0be9
f8fff316
ebeede1a
0eea0611
f8e838d7
28041eec
f718f005
e8030ed9
f9f8ff0e
1a09281a
dedde31d
d7e2f0e1
e7eef8f1
db1f1200
dde717d6
d6f11306
fb0cfb06
edfbe822
f415e6f0
0ef7eae9
190910da
dc1df216
f3d72c06
14d6f8fc
dbd503e2
d8f504fc
d9f11601
22f20bd6
08f1e9f6
0af80614
e9f50918
f0d4f5eb
1af9f01e
fce709e2
23190dd6
0ce40ade
151cdc0c
28d71800
fb0d1314
fe24ee11
1bfa0716
d90214e7
e0dfee24
fed51f18
2020e311
0323e814
de16dfe0
d915e8da
ddf20706
160a0ce5
ebf334fe
dd020ee8
ff1d1ae0
f41ce0db
05e8e0cd
11defbdf
db0ffdeb
01efeedb
18e3e9eb
213c01f5
db15fd18
d4df1cf3
f81ff6fe
efe6e3f2
e0e7f114
e7e8ee1e
fdff1e15
ecf1f5fa
0602350c
1de1e3fd
f41df9f8
0807fee8
0d16f5fb
0716fc19
15f3f20a
00f6f108
f1d7fce6
e4e517e8
2d0b00f9
f8f8d9ed
eb1fe5e6
2bfcfffc
1a0cddde
e9041df5
dedc14e7
01051316
160e1915
edf31bf9
e1d1e020
131ed414
07010a04
1a003e08
f80adcd6
feddec0e
1dda1ce6
1c1ae3f1
f9f7e602
052108de
dc03daee
f91301f7
2202cf06
0bda00e8
25e2f407
101a0008
ea19130f
00e72619
02e6ec18
0111eaf8
e320f914
0632fdd9
10f1ee21
0e120bfe
f0eb16fc
083909d7
1df501e7
07e3fbf7
31e7d8fe
e30bdb02
e30ef0e2
d8131d01
ee02e2fd
ef230dec
270f021b
1f5104fa
00d614ea
f714dad8
dfec16f0
1e0ddefd
0d172114
f5f6d7de
1f02e8f2
d8f90cfb
eddbf107
0ee0dfdb
ec181f1f
e5080000
dee20df6
f8d9ed04
1bfdec1a
e60eebe6
e4151a19
12e721d9
edef10e4
e7e7001c
eb09e5e3
eaf2fe23
f9d8e8e8
241001fd
08e70805
10d5d9f8
0e180aef
19e5e3da
07d91f17
dee6e4ec
e2fb0c1d
fad92e0c
d604031c
00de1b07
e7eafe23
f2d714fc
06271c20
21e5faf7
22d7da04
ebdaeae9
270aecfd
3214ebf4
1afad701
fc1df723
12f904f2
f1fdd2e2
fe00d6ff
13faf2f4
00100cde
ebe0d503
1ff61e1a
edf2f314
e224e124
f8dbe9f4
16ed1815
04fe2edd
da0406ec
dff7f0e6
ebf3f0c7
f5effaeb
f702ecd7
e3fcf115
ece6e20c
04dbeffe
19d5ef0a
d3e40fdc
0f0b25f0
e906e7dc
e0f621d6
e7ee13ef
000c061a
1a1cfa15
de0ff8f6
de0f0d1c
fe11211f
e8e024ee
ebe4e905
ee27f40b
1a13f91a
e4dee8db
d2f6d7e6
0420d2f8
fbea18e5
0b04dde6
da111b12
29ffcaf9
f20404e5
1cda1b1c
05eae10e
fc13d3fa
f0e045d9
e9d828e4
0ee3ddf2
111ae1d3
0cebf1eb
0e1bfdf9
1ff70716
f8e1f0d2
0af6d1d7
e3eff3e8
ee27f8f5
d8100fd8
0712fce1
0ed8ee03
0f10151b
1b1308ed
02efdeed
14fc01ec
092114db
14f7cb15
000c1ffa
1112f5eb
100f08ec
e60f06fa
16e4f506
ecec1ae3
fff505f4
091f05e4
dbf4e712
0c0837d6
f5ed09d8
17fe18f4
f0fed400
fd20ec0f
19f823ff
f9deece3
1a0ef011
fa44110e
11fb1133
d8e2fce7
13f711da
f61bec0d
0ff409da
f7d707df
e6e0fa0c
f50ce1f1
120608f7
1ddff521
ecd9f9ee
d6f2e4dc
de0eeee1
2fdd1a16
f3141af3
ed1c09dc
ef11e411
f5fef4dd
1ce6f21e
d2e30cf9
c60cea14
f30ced21
1f0b05ff
011cf8fa
1ddce220
09ea1aeb
d7fd0eef
1bf0eae9
131cf2f7
0eecf2e0
0b03ecd6
1d0f0edb
15021a05
fce0e3d3
f3efc8d5
e50616f5
1108ddea
0bdee0e5
f9fb1b03
1c0eeddd
1c06ee03
1c19e2dd
1bedfc0b
fd1a15ea
ef2113ef
ffdac825
150f090a
10140700
fce206e4
1d121211
172af711
f213d825
ece0f025
f52a1a0d
19000af8
0007e3f8
f5fbf8ea
19011509
2205ff2b
0bd8f00d
f7f11fef
f219f8d2
3be118f8
083ed4e0
07f7dc1c
0ae4131e
f6f21d1e
e2e6dfeb
e5e0f1ff
19e1ecfd
0c1525e0
152e2101
f9e3fb08
09f4f0e0
1c161709
f6140900
f6f0e4ff
f8f12704
e51d1814
e1de1820
fa0f181d
0ff5e7f6
e9efdcfa
02df1712
f100180f
f3deceeb
1e02d808
25ea1e17
ee00e80d
faf10ff2
d61dfa1f
17df1705
1ccffc19
d415f60d
0ae1d5d6
fe10faeb
02d8011c
f80eee12
07d3cd10
0feaccfd
0e1be6ea
18dcf120
e513fcdd
0be0031e
191006df
10ecee0f
20d70c03
f7eaf927
1a29171e
04071504
ec1a0e09
f0fdf90a
fa0b1221
1ed9fc1f
00fa1b15
18feebeb
19e81e21
1112eb19
f819e7f9
f5e3f4db
ec25ec21
182325f1
e6231109
ed141ffa
1e1a1e1f
e2dc26ef
0421f5f2
0a01d6fd
0e1018ff
11fafa19
dd1c0115
0f20d81c
f10b1cf9
d20403f8
ea01e7ec
1cde1202
0aeff8f7
f2d31506
ddee19ec
2ce7fa13
06ead9f5
260c0ffb
08fe1a0b
0224e7d7
0203e6e7
fced1cf7
ebf1f812
dafcd8ed
f620faf9
f8fd0ef7
f9031d1a
ecd527d8
e0e7f2ff
f504081e
f00a20f3
0624da04
201c0420
e5dee81a
ee0f0ee3
19e10801
eb0508eb
ee280308
f4fafbe1
fc05db0f
11f91115
fbe10902
0522edf7
f9130add
0f020612
e8fdd8d7
1adb18f5
fe10d91c
e42a1016
151be8f1
f2e6f1fa
29dbf1f8
fa151b17
e20eeb1a
fc06fd26
05221b08
121efef4
1efcdd1c
0fecec14
0801e8f4
02dede0f
eb23f7f6
e3da0de9
0cfa06f6
141cf4fd
071322fb
dd200f00
e921d901
1bd8e709
dcfa19d7
ea0ede04
de1cf8ea
ea060de5
180d22ee
2019f0fb
14e31b02
df04daee
11ef0dfb
1901e6d8
1aebe41c
14fa0808
150f0e1b
e30f1a02
f525f9e1
e405fae7
e30ee8f4
db0bfef3
110712e0
e904ece4
e7f8f710
e0080606
fe18ee0c
01fff4e4
1915ff11
030ae523
d81a05ff
260ce708
ffe70005
e610fde9
1c291519
0ed81b16
05ed09fa
0ef0f2ea
0d09d9e0
1b151fdd
1dff0d02
e711f200
f4edea1d
d5021103
16fbe504
e1e7ed08
1fe6e810
da0e1222
1c1c0a21
0b1113f1
16d21207
1a1717d7
f1260c18
161beaeb
e8fad4ff
e4211b06
20ddef1b
f6e80a22
1420da0a
01ecff1a
1526e900
04fcdf13
f9e6fef6
f202dc0e
ee2401f4
08f7fc05
f1f7e7e5
0cd602f1
1c03030f
0dd6f409
070afdfd
d929f6f4
171af4f1
0af3d0f5
e21a29dc
d8f3f7f7
ea210806
d6f3090e
ef0ce4de
ee0eefe7
09f5fcd9
18f11d11
e5071511
1503e2ff
10ffd41c
f2160ffa
2028ebde
d8130415
1f1313fe
06fbed1f
20e817f0
231ce419
0de2de0e
0d0c1111
fd1c0812
27131212
f5e41309
1400080c
f20a20db
0bff1503
0f23f8d7
1613f9f9
110415e5
f8050f23
f4f8e219
06e508fa
effdd7f5
d6e2fc1d
0b1dd7dd
1e1001f0
e50602f8
031e1e00
dd00000f
fc2b02fe
f410fd0e
15101514
fe0115e1
0d16e601
e9f6de24
1ee0e80b
f5f2f0fb
f6eb11ec
16d90505
040fd8f3
010719d5
def6df25
e502fd27
13fef4e5
17f71a23
d90deaf1
f3eed619
0b03ed04
faeaec08
edef1b02
2f13f618
13e2e6fa
f1f5fd1a
f509fc00
04f5e610
ea20ecee
0b19f3ff
e1221ade
180604e6
f21addde
2a1de6e8
f0092213
d8e70c08
fde0f4de
e207de08
14f605e5
d4ef12f6
0df31c25
e3f6eff7
03fae609
26ebe0f5
eb12fc10
e7dff514
0ece16e9
e919e41e
07ea08f1
04dde2ed
ecf6ddef
19de1ce1
e20ef2df
0d18fffa
12e3e1ef
ef100e12
dd25f6f0
07e8f014
29f0ede0
d8db05ec
0801fa07
2ef51218
e5fff5e7
2300e806
081b2220
0d20f9ea
dce51809
0ed606e1
19d5fd1d
e0f013fc
00db0b17
19320dde
19e203f5
d8eb0edf
0908ff1c
de07f910
f616fef6
1efff7ee
f7210400
eeeaebe2
1c0100f3
2a241a20
ff1efd07
f3f3161e
e7d51fed
0c00da02
0c0a08e2
06e7f418
2a03fe20
01dee2f6
0119f600
fa181ced
e4f503f1
eeee0b16
fb151605
dfe20616
f8f3dbd7
1606fafb
04f1e3d5
140bd820
17fffff7
1b1311de
d500e5ed
d6f7f81a
1a170c08
1c12f2f3
ddd2fe08
fbf219db
f1ea1f00
20f0050f
15e31524
0b0707fd
001105f0
dc1b09fc
dff40f12
ea221ff8
100d16f3
001e13e9
0711de0f
fd1819f8
f9e11514
f3dc1210
21f5dcda
ffee14d7
e8e81cf5
010916d2
111cdaef
e123de0d
09eb0e11
e3240c0f
dd1021ea
e90118d5
19e2e1fb
020ef3f0
0eddf3e3
eeea140c
e9e6f715
df1c1e1f
081916dc
fe05f400
ec1b001f
fc0a1ef6
e1e8eaea
e5fffd16
d81003e5
040519dc
f116ffd3
171620f0
fbe90218
e6fde8e9
e9120f11
0909de14
ec1e14f1
ef111de0
efddea09
06231c1b
1cf40506
22e61be1
ddee1fe7
f20713e9
fad8d9d7
f7eafa14
e727e6f2
f5e11bda
1e02e115
1a1101e3
cfe805de
0a1ce206
e5fa0406
2000ede6
d2ef0b27
1efee410
11e4ed1e
e9e9f0f2
deeafdeb
1edd20d7
fb1a07ff
1915e9f9
f4ec1e03
fa1d0408
131812f7
d7020e11
1706f8d2
e6d919d9
011208e1
23171812
1f2cecf1
13dde3de
f4e2dcd4
01e9d5e6
04210eeb
1d23ec11
fcddeff8
1800e40d
e6141ef8
0fe3ff22
de02e6f5
0be0eafd
08d70de7
d81d1a2e
0ffb0bec
ea1a0f08
d9e8df14
1e01ec22
192107ee
eee7dff1
dc06eee9
fc131e06
11f8f61e
10eee802
eff4f8e6
e6151417
190cf5e5
f71814f7
ec05071a
240eff03
f2ec12e6
dbf326e4
1d1dffe6
ee22e1fa
1ee6e0f9
e00e0bfd
da220cf6
081be61d
ef17080b
f8df1ce4
060de80a
0a19dfe0
e61edd11
06250d06
d617e3fe
f01107e4
f6eeeb00
161beb0b
0bd9da1e
f911e7eb
f3ff06ea
03e30e01
daeffd06
f91a1212
e5000801
ec101bfb
dd18080e
18001e0f
f416e1d5
e802eee9
f9e308e9
d207f113
dd09f411
d5dcf2db
07f107ea
0903dbea
d7ed2202
0b18fbdf
ec0cfcdc
f1e91c17
d71cfa02
1c2018f6
ea13f2ef
12e2d50f
ecdfeff4
fc04ecde
11f4080b
170f0b22
e7102016
09ffd4e7
06ea18ee
0fe30fd8
1be9effa
fc03fef3
da1efe06
ece9eee6
1905e611
2724dce8
170bd906
db19f317
f5ee14ec
fa17e904
d7ff02ed
24f4ee01
12150304
d3edebf5
0f1c021b
f912f216
0b2cf80b
051c1adf
1ef61b11
1edbf7e1
f1f81c12
191b1021
102a141f
f821ecdf
d0e4f421
1c03f2e0
1a19fa07
e80c12d8
fa1bff1b
2208dbe8
0cf518fa
1ff6dbd7
e9f2e717
240ceef0
17f305f5
f7d914fa
25f3ddf2
e1faece4
06eaf315
f71af8fe
25dadef9
09f61707
24e7ef17
dbd71b0d
ea111611
fdeada0f
0ef4ff19
0c0b0be1
16fe0902
e1f80ce9
15d7dc0c
132004eb
17ec17e5
f6f5db09
0a2d1402
20101df2
f20eda0c
082102f1
161be606
09da0bff
1aff2324
2625d6f1
e0df05d8
18251cf8
16e50bf7
1bf1f8d8
e8080bf0
03fc1718
efe9e11f
11f0eff4
d1e7dc12
11e82c16
f7fa0301
1a14e016
1ffedb03
1a0f08fb
04dbff21
18f5f4fe
1e1c0cf3
1ce1f60e
e7e7f0fd
1700f015
0af00405
ebea16ea
10fe00fb
20140f09
02efe811
23fbdbec
fdeaeb1f
ef212004
fcf11d17
eb0604df
fc1dedf6
16f31c0e
eee51bfe
230e26ee
0916fae0
0215ecf1
efd907fe
d6d81e0b
0e22e403
180716e1
2618021b
071e0804
dc19fc08
02eafe07
e8ed13e3
0a15f40b
e415f3de
02f405d9
0113f005
d80f1d16
ef080fff
120cda03
fe0601d5
e6f71409
ef0a20f3
1d0c04d7
f517dee1
ed040e12
0df91bec
f6d40bf3
02f40e23
1bd20a0e
fa060403
f40fd716
e90affdf
0dfcbcfb
07dae90f
ebf1e7eb
c2011eca
0af72405
f4e8da36
fdfc2b1f
e7f3d9ee
fbe0cc15
edf8edd3
def6f7ea
f3e6e71d
f7caece8
ee1209db
fcf30af7
e806f7e3
e8e9ded4
230eeb14
0cfe0ffd
10050d13
1103ead5
f90be51e
efffce19
0718f4f0
0cd7ddf4
140911ee
02e9e5e3
f5f6161a
fd05061a
ea0dfdf0
daf3e6d1
eaf9001a
2a16f1e0
e2edf105
cd10ef03
09d40a1b
ea04e7f5
eff7120a
17d90ad7
f317ede0
06ebdb0a
211cfb17
1816fad0
0d001c04
3aeb06ef
06d6ef19
fa0f09eb
e9051513
00edee17
e8fe02eb
eefcdef1
fcd824cd
0ddcf8e5
faf4f71e
03deead4
efc60005
26e9ecff
d90c0208
09d6202c
00f00c1d
29051b05
d4da22e4
f3f91c22
eaf810fc
f301cd17
f5d51a1e
1ff103d9
c2e8f5dc
defd0005
f6ea0c15
f2e40125
f4dc0713
0afb15d7
ff17fae4
fd0720f3
fd0beaf0
faf1f105
07e510ff
181df0ee
e3ef04ed
0adf0fd9
1aebe40f
1bdb1408
1110e2ea
e60017e4
fb091ddd
c91300fd
1ef807e2
100aedff
f7eeff18
ed11f2df
1be41403
d41701cd
0119e208
0ce015fe
e41ae00d
19e524e8
f91b01d6
fed4eaf7
02f511ed
1eddf1ff
240705df
1aea0c00
e9d3d41d
0ef7e4f2
0ced03d2
0bf5f1e6
1b08e8e7
f7f536c3
1a0cd9e8
e3faf401
e4d200ef
f11ddddf
101c2ce9
d01d0502
e62618c6
0a0711e0
eeedca1f
1b05eabe
05d404c5
051526d8
d9e00ef7
c5cf0bd1
d9f308df
e3f7d9e0
f020ecca
d4da1a37
19fceaeb
eee5bff7
e101ef1e
f803e0eb
fe1516ef
fc00e506
091e030e
f705f6f7
0806f1e1
cfd12516
04f200e4
e81b160e
0815d0ef
3dedfd08
1d00eee4
f809eaca
0bf1ef0b
1af62416
1f0c0c06
2f10e414
e3cf17d6
00f6ec01
10131ffe
c806f2db
04dadaea
12d809f3
dfd41122
0515c718
d1f0d109
facfebd1
13e8ebd9
e8ca08de
f9fbfc11
f00d01f0
25e7d6e1
e1fefecf
2210e3ef
d8dae019
f425fbfc
f717e5e5
08cceffc
0b1cc1d4
c603e1f8
10d9db24
e8312415
07b60cc0
d6e3fdf0
fbeff701
0b0f1608
d11ffb12
1207f7e7
f2d6ecee
1e12dffa
1ae1d91b
1af5bc27
f5dbf3fb
0cefe9fa
f90f22e6
d703fbe4
1beb1718
09f0fbe9
ef17e5dd
eed9ef00
db0008f2
e9ee15fd
e9f006f8
13020119
df09d607
df001d0d
f8def6e7
d9da1205
d7ec01e6
eaf7e8f6
0ef3b2ee
e9f4e618
1120d500
11de0bdb
f9d9fadf
0e19e80c
0a200f14
f629e1ed
e2cd0815
122b0df9
24f6100f
fffa00fb
14f60b14
0819e214
e70fd7e9
dfe51506
e9f60d13
2ae1edfb
fa1be3fe
07f30c1a
03fd0b0d
dbede1e5
e70ce909
f214da0b
d4f3ddf3
d4dfe8eb
f2ea001a
deeef6f9
ef12e9ea
fa0aed19
d914d6e8
03151010
e7fbecfa
0ee1e50b
121518f1
16fdd901
f80adbc7
171bf1ef
ec1edc0a
e0e0ea10
f2f521f8
2cd80ff0
ecd1ece7
dae908ed
0615fc04
f50a2403
0f15d208
07dafef8
2012ede3
f9f2f4e6
fb2e1025
f2eb25fb
f1140eed
f01300dd
1ddc29ea
f9f80c00
072608ef
0ce0f7e7
01181e0d
1c2df9e9
0e11dbdc
d1f20f15
00e60fe2
2704fa16
38e9b7fe
de040008
cf07df1c
1bedfde4
e3d6eb07
1bdede03
e0f61c04
faf5ebf1
020b21e7
16f203e5
31ff1a11
f5f1e80f
ebf62c03
0b22e408
0e03e812
e0191716
e1f612dd
28f0d7f4
0502def0
08fcf811
0a0e1d1e
42e317db
f10e08d9
31f61b12
dff4e2f0
e2dce1fd
d11ff221
e9291e05
ee14ed2a
1cf5d115
ed12fd1e
0f1ae4ec
0fdbf70f
1918f70c
fb1425f4
00e5cc05
08110de4
dbf0c9e4
e8fee7e6
2af709f2
ddff0a13
eee429ea
09f910fb
e21a05e9
1a18d8f5
101f22ef
efe5e7ce
ebeaf5e0
2f0cf5ff
d80e0c1d
ecfef7db
02ed14f3
0ce80ed9
eeedffe5
081ee6ed
1102040f
dc19f613
001dffff
f0d1f81b
0617ee1b
dcdc0c17
eafff30e
ec210d10
28fd06e1
0206bffb
f0e2f4dd
fcdfde1b
22f11b0c
1bdefc19
eff1dfed
14d6fe1b
ea0eea0c
10e8e302
09e5dffd
100e05dd
d503050b
ef1504f3
f5e1ec0c
f414dfe1
f3e1e1e5
e5e0d80c
03e50a13
e4fbecf3
10e0e7e9
02e3dbdb
370dda08
2809e5e2
f7e303f8
e200d520
221401ef
0611dce4
e52402e4
dffc171e
f02720de
19eed5fd
1be910f7
0d13ecfd
e403e8de
e3fd0504
d734cee6
150aedfc
ee0121e4
f8f6fcef
e5f20bdf
220adcdd
d4dc1515
e0000406
1426ff12
0a0e05ec
f32421e9
dbdcf0e7
f92a17c1
1d1a1622
da15f834
3a10122e
ebfb1511
0006da29
fde8de1e
082bd6b7
e5f90533
061d35f6
fd04fde8
05e8200f
1014df1c
0ef4d1f2
0ce831a9
0a0311dd
16dbd11d
1518c1e6
22e32a30
e407f910
02fcfb1a
e80eef11
25301406
e619280e
c121030c
eb0df00f
a013fafa
fbd1fbe8
e226eb16
f6170104
14f7dcd8
03e90ee6
0e0aec09
efe517d6
10e1f4eb
d8e002ec
04052f05
f113d81d
c4dbdb0e
1a2b2529
18221f01
fe1d151a
f1160cdb
0f0cf7f6
effc07dc
dfe7de17
e50c1a1b
0613050e
061ce6e6
fbf9370d
1214de13
17dc2cd6
15cceb00
fcfeedf6
dc0316f2
fde410f3
041cecf0
f1d1e7dd
d3fefd1c
ff0708f7
e9e80d1a
f21309f2
d4380ffe
f7f2e406
1f12fa16
f4deebf0
111b3013
00f0091e
06f1ff01
fbff1a31
fcf60213
fd1d0dc5
fae8fee8
0237fc08
f8311ae7
19efe31a
2804f736
2313011c
110023af
d3031112
28e4ed02
3623aa0b
2206f32f
03d9e7d4
fde304d9
b82ad4f6
e8f001de
0adcdae8
b7f62314
fb20f92a
c50d30eb
09f2f012
dd240b1b
cd19171a
eb30e603
101b37df
e3f231e0
e5ee2bef
f104ec26
1df4e6dd
07122a0d
2be00807
06060534
0e26020e
0c10f513
19e3fb01
f614e6df
eef5ecf6
000736d9
eb21fd18
e8d8e8f5
0ef8e602
192ae311
fade06ff
13dcf1f1
f2f00a23
f5bfc925
17f4efdd
052fe8cd
dee91ae5
120b0d0c
dced0f13
f520f104
4322ff45
d1e9001c
dbf209f3
fa2117e9
d926f4fb
0229e601
f1140cf7
16122d12
330beff6
f4001215
1106f612
efd7fb10
15111ae9
04f532d5
e3312d18
2214f616
0003f7e8
11e5d52a
fb17dcfc
d6f3e505
f909e80e
efd9dc3b
f800b6ec
11e2eb32
0ffb011b
f2ed20d3
fc1ae73b
2823fbdf
f8fee808
d533151f
f01ae43f
ab340535
0cfd1900
ea09f727
e8cff125
f402e7f4
0eea37d9
cbf7f40b
11171df7
fb08ec30
d00d1101
29cf1a11
221b0914
0201eb04
172e0d2e
dbed06dc
e5e40714
e6f1d2f0
1008f829
e9fa00d2
d7f60f11
d7fee2e6
f6ffddde
dce616f1
0deff60e
eef00418
01eef320
19ddc500
e91fe41d
e6fff0bc
0e10f2e5
db0c0d08
f00e2020
fd1a1ada
fb0dfa30
1400def6
e319ebde
fef8fe28
ed0cd911
0e17e1fc
28d5010f
e21cdbf3
1b1fd826
e7e81f09
060fdef1
1607de1b
01db0617
eb1920fe
0afd1ce1
e6fc18f7
dde2e618
12dce5f0
1efcdd15
f3071bd6
f10a1408
0d12190f
f0e613e7
dbeef3d5
2019e0fc
12ede5e5
f0e80d02
fb0b03ef
fee713eb
fcf5fe21
e6fe24e2
1fddd814
e7d803fb
e90e1af4
d3ff1f0b
db11f4ec
f328dcdc
f60e0611
f609141c
1f06eaf1
ea23d909
e7fd21e3
eed40817
1514f0e8
1823ec12
1ed30d14
15e2e3e7
1e1be2db
fbf20f1a
ed1bf612
e30af9dc
0f0bd620
00190aea
f9e9db0f
2b1adee0
e11be9ed
e8fcde02
22ef021a
271613e4
f8e2081a
dde6ef12
fd0bf6e4
02d81ff3
de1f0be8
07d90d05
ff0ae0fb
1b0c0d28
1919f5da
0824ece2
df040e16
0ef7dd0d
ef01e411
1110d80d
0ed8d5fb
fb2615f0
0102fc0f
ee011112
f5d5faef
f91415fa
1b180d01
eb1518e7
22dd1c0e
e0f00305
0cee0b14
fef5dd07
18e9fa05
0df3d4fd
f2eaf709
e4d5fd09
f200131b
eedb0d18
ec0d08dd
fa0be51d
12e4d7f7
f21614e6
fa0cf5f8
1df80a0d
031f0ae6
d80315f1
f115131f
e5f6ff13
0808f0df
f908db18
02d5e8fd
fefe1c04
e307f1e8
14151116
effb19ff
e9d7fbef
f9191aff
0ed50a16
f912dbfd
f50adce9
e8d8120c
1fee15f0
ea1302d9
0be62209
0af816ef
f4fd200b
dbd9da17
07eb0b0f
0eeedef6
25e7ef0f
dc061be1
1ef01900
e21ef8e1
09f7f515
def41d0a
dd1fe5e3
f206e2da
0bff19ea
f014e00a
03f0dbea
0a16dbd9
0de2fef6
d601161f
11fc0701
0920f8fb
ee08f4e9
0325d9ea
1805101c
ec131b17
f9de04e1
26e5f11a
e9efdfec
f9e10713
e80f05e0
e2e4e9ef
011cd82b
21dc0518
d912e2f5
d70af90f
0306f20f
16dee1f8
ead5fde7
1bf3e1e5
d913f6f9
f914e7f9
e0f7da07
fa11f9f5
20fdd608
f601011a
f2efeaed
f4131910
2206191e
1b13e316
0cdfdeda
d4f5fbf7
e313d6e4
fb1ae51f
151d0001
f2000707
e7191c16
dbda1f07
15101afe
fe01e712
2402e2d4
1814f01c
e90ef0f2
f408f014
e4da06f5
ebf0d3f6
001ff200
08dceff5
03f9e607
14f2e000
10e51aec
f3e3f403
160ed6ea
0bfc1814
d81d0818
0cddeef6
edf4e4df
20e5e2de
eff3d6ff
defce9f1
dc1cf2d8
e3fb1dde
270d14e6
fd1fdeeb
de1811f4
e1f01d00
1624dc02
18f9f61b
e5dbfafc
170905f2
f0e313df
f2fe1bf0
eefef6fa
ecfbe2d8
ef0cebfc
fa0bf1f0
e90ad922
e0ff25f1
ec0a06e1
f51bd6fb
e90ff6d6
da1202e9
081eece9
19ded612
1efe0b07
fc18d6df
081e07e2
16e1f4f6
1508f21f
e7fe05f8
ebd9f4e5
092017f7
e1d6181e
0f1a0df5
0aea1510
e51be518
19e11504
09e1f8d7
17ed10fe
fcd7eadc
f8e6dc08
f1e3fd02
04fde811
e81b15fc
1e1406f8
e215deef
f8f6f013
061606eb
0c03ddfc
0215f8df
f7ebe308
fb0d07f1
da23dfe0
da211b1c
e7ea15f5
e0fe1307
0ef207f7
1aef211c
19f91a1d
ec10ee00
11dee318
f5e4dafb
00fffc02
09f10e11
da1ed413
dc28fbfa
19def8e5
e617d9e9
03e9f4f3
0ff8e8da
e716d823
002a23fa
16f1e818
fe0526e9
f6040d1b
f3ecd810
f2e6dd19
1cdc210a
1bf8d9d8
1c0512f5
09e6161e
210fdbf2
031de2f4
03f32710
f901f9d9
e9dc1cf6
04de0ee4
ec0eed02
0c151bfa
daf5f6f2
0def1cf4
11eadc0e
2c1ef8dd
fde801ff
f9f720dd
fd101a13
f8f102d3
f920f4f9
ed18f805
f31bec03
f0fdeed5
f6121514
0715130e
f0daf603
e1dcd7e9
e3d60df1
f6e70507
0ed7e6e1
1b0ff618
1917d8f5
fde2f8ec
0dfc0702
f306ebf1
071701fd
1f10d6f8
f3f2d502
f4edfd13
020dddf9
0ff41319
fb031300
fb10e320
03f6101b
1adef9da
eaec0fe1
dc16f3f5
ff170c1e
d9da1fea
d81cfd1d
d5250f03
0c0119f2
05f8f206
f1fdebd7
df28dede
d9fad900
0feff0e4
e9e2ec07
e0080406
ffdc1800
e4ef19e1
03170924
1f1c1e0a
e202ee0e
faf8100b
1d231bf5
05fc1726
e1f21c06
f80a031e
17e81c07
dbf706df
0ad5f400
1f030e17
ebf1d617
081f1bf7
e40afb15
fa0e13db
0dff10e5
270a1b19
d2212408
eaed12ec
11f30dec
04dceee4
15deed17
2012d7ec
fa031bea
00e3d6f4
faf1f504
0ff9eee1
f3f00112
f21715f8
09ffd8fd
0b11201a
d70f16de
110cf3fc
e505e7dc
04d5eaea
11faf017
150d12de
eb05ee04
110bfc07
d2150906
e9e41403
1ffa02d9
02ede9e9
02d7ffff
17fb0cfa
e7f01100
eb1813ec
07ff04e0
1002eadc
14d6d3d6
ea20da15
dbf91200
0b07041d
f3e2d7f2
14df19f8
d502f91a
1113d5e8
e5f6f20f
f609181c
ed0120d8
f100ec0e
e2fc2dd5
17fbd81d
0b1e0fe9
eb1cf019
1303f6d7
dbf319d3
d820e2eb
ec140e04
091bdae2
1dff1901
fcf020ef
17e61003
feecfbed
1503e51c
00f20f12
f4dff210
d6fc0315
f4120b00
f81a0901
f7df130c
1ef4fb0b
f5dbe71c
0617151f
f6f2f614
1f10efe5
de04e109
fb081806
ee05e5e6
dcd7fdff
14e4db12
efe00608
21f4d9e5
0affe81d
04fa08d9
f2f7df0e
ed08e91d
091a06f0
e21614db
ed1509e9
faec101d
0201e8fb
02f3000f
ecddfefe
f017f31a
04e81dde
14e900d8
d8f72b04
e01a13f3
101fd618
1114d8fc
e611f9ff
1ade1918
ffd805d9
0dee19ef
0fd91300
f813d804
ed11f0fb
01e2f3fc
f80714e2
08f5042a
ee11e4f4
e5e81cef
0607e80f
e627da08
0a13efe9
13021d1c
fe100805
dd0cd3e0
070ff4ea
e0fee3e1
d6eff4da
f8dfece6
1a241017
e823f513
e7eb1fe9
e5fc1003
17de0011
ec1cd817
dee4fed8
f3e0fdeb
0efcfaf0
ebd9eb20
dbeadefe
0b09f1d8
0f200603
1b10fb0f
e01cf8f0
f9e609e7
d7150b20
18d8f8ec
16f5e8e4
fef40712
f8f6e7d9
0def0feb
1bec1713
08e2e9f3
ddfc0fe5
ffe9151b
e7f5ee14
1fd71df1
dcedf6fe
15dcf7fb
131befe8
ec08ddd4
f4fdf9f4
041e24ea
1303e8dc
11edfd20
f3ede8f1
f91001e9
ec0ff7ef
e5eddf12
f8e11b00
fdefd5d5
030e0bf7
dc0fff10
2ce51c1b
dff2d7dc
e8f70e1d
ec0212ea
0a21f421
ec1e1cf1
e3d6ef05
fef6f4f8
1aecf3fd
17f91ed6
e91c0e20
02ea11e5
1c1f0016
fc0d1419
0d040300
020ddddd
e8e91adf
ff0b21e4
12f4ea1f
2207eb14
dfff101e
0b0ae5e8
09f5f0f7
11f8ee11
d7ef060a
21d5fa21
0e040a0f
f01d0a0f
d81807f9
0f19f521
1312d6d8
e40008f3
180e0cf9
fe0f20d6
ff161820
de1c18e9
0bf31df7
f0fe0bda
ff060921
07ec0805
23e3f41c
f107f6fd
0aefdce0
f710e3f6
00f907f8
28ffe50a
070f25df
e3fa11fb
0a070323
2019150b
23e6db1d
e2e5eadf
10f81aed
ecd9d416
d921f3f9
de210ee7
1a1fdf1b
ed08f706
19fe0cf9
f4dce21c
f11dd9d3
1423e118
17141a1a
dffcf004
f0080618
0cf5021d
11e71cec
e724f7e7
efe7f8ea
1f092c1f
0fe20334
d71ce6e8
cf200d1b
10ecf4f4
fa0ee9dc
f324da0a
ebe112fd
1ce1f648
1bfce0ea
fcf0191b
0e100bdf
1a23faef
1f24e202
0cda2611
dbfb15fa
24ee2c08
ef0c0722
e7efefec
e6d30307
eb0021e2
e21e2c21
f9daf6f7
1934f815
1d03ea00
f721231e
061a02df
ecdfe7f2
ef033c15
172c11fe
091130e3
fff0d005
e4fdf3fc
27ef130d
df040fed
c6f8061a
f7110a14
f5131cf9
010c2831
30070feb
26e8d709
f7ecf8f8
241ade29
174103fb
f50ff8f7
e1d8dfea
0806e0d6
e80cff05
e3040cdb
16ee051a
02ebca16
04e2dee1
e112d5f2
08fa34e9
ffea19f0
1af8f4f6
1bece4ed
12fdf5ea
1f17e3e2
09d810e6
021e09e3
05fc29fe
f6e71218
e60efde1
26e909e6
06dd1031
dd27fe04
d933dae2
150ee5f9
de07ed12
111c03de
0a243d2f
17e5e73c
11160213
ee191820
44091237
f716ecf9
e001f1ee
290f0e07
ebf9f908
31ec2de4
031709ec
f40de0fd
1bfd151c
caf300f4
f9092307
f6111108
da1ffe04
e7f911e6
e93621de
df150cf3
f1fae7e2
dce33304
202cd620
0ae31011
2deeea10
22e81adb
f01ce11a
e9091f1f
d400e8dd
fffdfd1e
fcfae2e3
1712f0f2
e71706f8
d30cf410
2d11fe03
211912ec
fe46e319
15f1d80e
f2f4e40c
e30cfe16
01d0f2ed
f7e0cf1b
fa10f118
05eef1e8
0ed6ecee
07191e11
26f12224
2d0e21f8
e3ebe825
f801e20a
e3e9f424
182af5c7
e3e8e2d3
dffbe417
f71a11f0
d80129dc
1219ce0a
16fae1fa
08d70a15
f1fb040f
f53cde20
231025f9
d4011009
08071802
05141429
eb01012f
1b13f6e9
06ee2404
0be40728
ea15e4f1
2225f3c0
18f0ee1e
0ef808f6
28221ef2
e6f2f30c
1ef3d504
e001fcd9
d9e1e00f
e41ddd0c
180adcdf
222411f2
1230dc07
ee311611
eafb15f5
060ef0f0
e4e3f7e4
1332e0d3
0b0a0613
12dd03ea
1c0cdef3
f1f5ee0d
fe1505ec
08f0e71f
14f40e24
22edf1de
2a032536
0810d900
f4e1d82a
1dfcfcfc
fde11119
1a441e0e
e6e4d8ee
0cfff811
d9f009ed
e1d22006
e904cbf2
19e8f7f7
f8ed0d06
05c0131c
f8f8f6fd
0b2723ec
39e3fe00
280b131a
06dd07f2
13f81101
2c1b16ce
eb1fdbf3
2210f4ec
f23f07fa
fc2205e4
de101403
061121de
060c0bef
1d1d16d6
0817040b
fa07f72f
d01c1ffa
fbd3dd1c
1cdef7ec
0ece20f0
0a17ecf1
fa10180d
1cf51004
0c180fd9
e0f8dcd0
defa1905
ff100717
01101f0d
081727fe
f1e306ec
cfe104df
ec2a0fdf
f60b1116
00dff0f3
bf31ea0f
fb0602d7
0110dff2
e10bf9e4
1d12fef3
0fe23525
f3fc20ed
fa1ffc09
e717051c
0e23101f
e9fbf71d
efedecea
042616eb
2718e2ed
edd8e9ee
1b26240c
2b0c00d9
f010de0d
fbf5f6fb
20f4d8f2
fb09141a
d315e1e7
fcf5deee
fd1c19f3
eb04050d
e5df24e8
e80525db
fbdf01f4
e3fe190b
1e141a25
2ee3fc00
17dc1bd7
06d322f4
efd5f7f7
d50bfd0f
4c20e30f
0ed712e1
ec1d0827
e413f10f
f101ff09
ff24d821
0a221cf3
08df0027
1f13f6c9
de1effee
3120080d
ef0e0308
e918e9f9
dbfe43e7
f3daef0c
08db0008
0b02171b
3012fa3b
db1be9f0
e21cdaf8
f3f01419
15f4fb0d
2511ede5
01e7ffec
e3f7dfe9
f2e8ffd3
fc25e510
e9faebe1
ebdb180d
c5f307e6
1c1e20de
f22df508
f4f0f207
def50716
19000519
1d00f6e4
2bf0fbf6
ec0ede12
2bd3110f
02f1fdf2
09fb05f3
e31b0d0c
01ea0c0f
e80afd02
07282cfc
2ff6ed1a
db13f1f5
f2fd151b
22f2e0dd
e1fa1fed
092dddf6
dbe0fbf1
ed1c13e1
1109e122
f116160a
1f171407
03dad830
12050f0a
db1628f7
fb042ef9
34ff0ddd
f01d05f9
f618e91b
12e9eade
3a17e50a
1714fde1
f92cd904
df46fefd
fa42fb0b
e6110e01
26d6f5f9
11da1526
ec13e506
0035eae3
2fef18ef
0107f4e1
270b12d8
081b3501
250abd08
0ae506d3
1aed0607
27f7e139
efeefe1d
e82e01e7
0f221905
1108fee0
212d260e
e8dd04f8
f00303ef
e81100fd
f0f41515
f11005ee
181308dc
e830ed21
d52ce6cd
fa25df22
e9281c1c
0c04d505
0bf030f4
e030f1ef
25e213f4
1cf8fce0
3a20d30b
061e0a24
d9091b0f
20ee0eea
1df9dc0c
f5fc0103
240d091e
160617e5
06f50dec
17041319
eb2523fa
e6fe2a00
e9f4dfef
de0423f5
e7e322dd
16f0ff17
191ecf1e
e00a18e4
dfe31626
10efd606
f009fef5
20300810
44ec10db
f9f71500
2ee5fa16
ed0e1921
1211f913
fc06e2fa
02ecf4de
0a2005d5
f50902fb
01030930
f503f30d
f307f505
12031016
23150417
1d1aef3e
d5da241a
f409ee0e
17fa1aff
e5ee400d
f0031cdb
f9e50907
2716f7e3
d9f8210e
05e40dc4
d30a20f7
e2fecf20
26feddfc
21fad802
dc0107df
00ea4de1
c82417f7
d9dae8d9
ef082117
0601e1e7
e4fade05
e918fbf1
e1e222ff
ec15f829
e0e2d014
1b18ec1b
02f30df3
121206ec
fc11f619
fbecf827
1c042804
22d21fe9
0911e4fc
d6db271d
1bec1a30
ece5041d
0b0ee0d1
dae3fefa
281ce4de
e6faf0f5
03f2fce2
18dff804
17f2ece2
121114f9
00ff39e6
10d8fde4
040ce8e9
01041810
ed001025
f6090004
14fe07e9
fd1adefc
f5d807ff
130af320
13d9fc1e
cffbebf1
f30e221a
d8d93024
15170f30
2012240e
fd060b1a
3905e50a
22f5e017
240b07f7
ff14031d
00deebe7
151aeff4
eef03ee5
1afd471b
d61ff409
e90905f0
0f0a11d0
d3f8e317
180518fc
daf6f108
f6ef0dd7
2e0d05e7
fa101d06
ed081af5
eb264bf6
d403f4fb
14e8f61e
fe141706
ca0d180c
02eb07e7
f321381a
d900e91f
d126e6e0
ebf6f12c
03000f1a
39082008
f4e120cf
0bebd5d4
0cf7e7e3
d6ff34e5
fd0e2206
22f3db25
e419e01a
1c3c110a
f9fd23f9
0be5e715
1424dfdb
e7e9f520
fde5fb0c
01340fe1
2416ed1d
0b06dbf0
20d8fc1a
e5013e0b
160f160b
d81bef2a
14dfe408
0b27d7f1
2cff361f
3c081cf7
ea25111b
1c01fbdb
eae5e600
02e90228
060afcf5
f33e0be0
f2fc052e
f203f22e
05fdfd28
fe110e15
2113f31c
171308e4
16ebf6ec
0118ed26
bf21e702
1243ffeb
e0f925f8
f5fa3bfe
1fed04e7
1403fa06
1e09e816
e6ef1b1e
f12ae4da
e404fed9
16d5f8da
04fe1d13
061befef
1cea0e05
02dd25d3
dbfd17ea
291e1203
fbff10df
d3f23ffd
f1360e18
0ce8f422
042dffe9
fdddfbfc
0215cef3
ef1309ed
2b222df8
2ae9f5dd
3900f917
f9fc14ed
161e380a
10e81cea
dcf5f8ed
13de091a
dc2b1e22
04d50ae5
0fdad502
3bdde7df
09e42ae8
1eccf005
f30dfd1b
ed0bd0e1
f2f90119
1ded0f17
e2e510e4
1de20e01
edeb131e
14011c20
1a0bddf6
0129f425
1611fc13
ecf1dff6
17201427
d419d8fd
1516e731
e518dbeb
1e24140e
27f0f2fd
05c70aee
e5df0c06
ebeb03cd
1ae2f1e9
e515ffe7
e30de801
1bc81bdc
ca14ffe7
0bf8052a
1de21a00
09d4f6f0
14000e0a
f21fe505
c1fe2de4
e6f3090c
fc19ca0a
0801dd12
f906e2e1
ced4ebfe
fbf9e9cd
dd1bf911
fd120011
0ce0f108
fa081a05
3518fceb
ee03d11a
fbdf05ee
2def02ea
1bfc1602
eb1003d3
ef1ff9e7
0ee8fe00
d7efeee8
ef08110a
cfebd805
0ce5fb2a
f419d1e9
da08d0e6
ea06edd2
fa04d8d2
1aec1add
d7cd02fe
ec1b1906
0607f7ec
14f7d10d
e6ef0cfc
e0e404dd
0bfafb14
ded8f8f2
1920e0e8
04d3ea0f
e217f604
e8fa14ec
02f429e8
e70e0503
15dd0afc
e1170800
dbfa1cea
ff17dbe0
1b1600d8
f5dcdb21
0220ec05
eae913e1
08ded8eb
fbd6f0ee
facfcdf3
f3f41fe5
d8e0ca02
fc01e9f4
fed418ef
13080e17
ed10d3f3
00f21027
11e3041e
14f90726
2605d7df
ee0cc716
e6fe23d8
e2ff081b
e6ecda02
0301e030
03d902cf
eae8fafb
f1040ebb
f7f0fed4
f813f5e0
20fbf6d7
e6cb00e8
0ee615d6
19f6fde0
ee0e0cbf
fcf805ff
131c08f5
f2c6f6be
040b18e3
0becee0c
0513df04
15f7e038
fc05d2d9
0eeed3fc
d3fbdbf8
c1dacded
17edd1cb
1ecf05d2
2a04dbbf
f9e4031b
0f05d702
f405f1e0
fcedecd1
1b2bed21
0e0df1e2
0536eeed
141efe14
1ed51d12
35f604d9
d2e8e2ed
ebec06f4
d53e14fa
1ff22014
0beffcf9
f3fcecdd
09d6e3f7
24041019
0b0ffde9
c01a061a
0d0dedc8
05d4eafa
f7c7de16
fc131deb
1ee2f502
e0e511b2
0bedcff2
c905df05
d70e13d3
0fd402e8
02e313c9
11d0e146
ecfaf406
f0ebe520
1ec1de20
e615ccfa
d4e11bcf
e0191605
14e9e0fa
f3f6e42e
f6f7d6f1
fec72bf2
1df61ed5
df15d3de
28e9c2f4
35e0e0e7
d3dbe0e1
00eb19ee
2405d402
daddebee
1c16dadc
18f9e5bc
dec9d7b8
15de19bb
f4011cff
04e2b9ea
111bd10c
ddffceec
f9f4fbf9
15cf130e
cfd0d61e
e6ee11e4
1516f8ea
1d05e6dd
c9c92602
00040e0a
030cdd07
02fbead1
e2e5f418
f2e8f6f8
1c2e1f1d
0ce91ad6
03f41bdd
0201f2e8
dee7d906
e3d2b102
144ee5f0
11c50d0b
25d0170d
0c20f0f0
0d0d1504
fe170b1b
1a0214fa
b3081cf6
fb1101fb
fddddd0e
fc05d0de
0503f3d7
20cfcbd8
f1e40cd5
ecdc0807
ee1109eb
ecf718e7
11e813e3
d91dfc01
17ea1dde
00e51c20
dde6db09
15ebed0c
1c05fc1d
06df1eff
e4dfe903
db06d42d
f3eb2629
d3d009f8
f1e0d7e3
d7e106c9
e3030c1b
f504e3fa
fcff1312
0fd231f7
04f1f014
f104fae2
ecd9e90c
ed29f1e5
14c4191b
121ee913
081821d6
1701f6d1
0debe1e8
df15ea1e
d8dfd6fb
fbeceffd
1513fded
ffea11e5
1b08efde
ead01a09
1e0322ec
d9d1ea05
08e6100b
e9e6fcce
fa0707e0
e5131113
2a19f2ff
f2eddef5
08f6fee8
fafd16e9
0b1ce41a
e7e5d8f4
e400f7fa
0af6dc19
16241bdc
e3d3df05
fdd619ea
eedaf8d5
e6f00ad9
080b26e5
09ef0022
0af20dd2
e5dd0e15
1e04dbf6
eae8ddf6
00eb05da
21dbfd08
fce60605
092be20d
06f5e007
fbfae7fa
02e71be4
16ed23ed
11eae306
1007dcf3
2fddddf8
fed703df
ddff1a17
17f01817
e8d2fe19
fbcd171a
10e203ff
12e1d4df
fef830c4
d306e4e6
ed1ed8ea
00fc05da
11d100e1
fe24fa00
0c08cedb
e9d00de3
e609faf4
2206dffe
190bfbd2
f91ee2fc
fddf1912
d5110614
f116f903
fd0cf502
090506f6
d3cdedef
03e3eee7
25ddf8e7
12e7dd03
fbfce3cf
060ae40e
ec0b0409
e608e0e4
f204e8ed
141505f2
1f24eddc
f60ee516
df09d819
f6ca0c1c
fcd50cf1
1bd51cf6
20fcf5d4
e204dff1
01ea3bed
d907e906
01fbd4dd
eafe02fd
f1020301
110cf603
0e140b1a
1b0116f3
0dd11c10
e51bd723
fb19e4e0
f5eb05f6
2ae9f9fc
f71716e9
0f1e01eb
ecd20eef
07edea04
f6e108f3
f502e9ee
fdf112ea
0502e907
ef16fef8
ffdafd10
111e24ef
e211d8dc
ee0ff50a
ffee14fa
00dfed04
25ef0711
e811fb0c
0ee0f3fb
2ee71be5
0adcfdea
ede3f6ff
26ea0ad0
021ff2d7
e3ea0bff
1b25091d
00ea0ede
fe0807c7
d51cecdd
f8e5fdec
ecf4e7ee
fd1813df
09f5d0d4
22e4e5ff
07ece2fd
daefe7f7
ff01ece3
25e8e8fe
22c7dcfd
01f023d7
06e1def4
0a02f4da
dbd9fefd
0c15fdeb
f8fee6ef
f1f3f8ef
1304d1ee
dbefd916
e8e2f7fb
e513fa0d
0cd6f028
110cecfb
0fe616ca
e1d001d5
e4070fd5
f415f3d9
e3fa14e4
05df25df
d6e8e2e6
e5f3f0db
21e5d5d8
fb1101ff
e21102e6
0a06150c
0bd9e506
cc121d05
f4fa1de3
e83f14f0
f9f1d51f
e7f81400
fa25e3bc
190f1dfd
f5192a0e
17fa05e4
07de00f2
19eb0937
f412e2f6
e0ffe816
0714eb17
f318f220
26e8b3e1
15d4f201
fdd8f613
27e02710
0bfc0c05
e5182c1d
1af5ed01
f7fdfd05
ef19e0fc
d90b00c8
e5feecda
d5101bfb
e2ff1d1a
f2f2f31c
d1fd1ed8
eafd1422
f5110c11
f9e8f4eb
fef8c503
04060ce0
02f8d7e6
ebd6f609
edf30305
e0bbe7e4
19ef090d
db1bef0e
e5ecf3f8
1d0b0f07
0802d215
d2faefed
03e2fee8
0b0506e6
f2fdf1e8
0df0d4fa
33e9fff9
090f2914
d71cf609
dd1f15fb
ee0cffec
0bc307fa
07f412e9
061a1ee9
fc0ad7ea
e5ee05e5
100707e8
e80ee51f
08fafada
dfe8ebdd
fdf12a07
e0f0fa20
26ee100b
18f2eed3
1ce6e8d7
f0dee705
0df718f2
dff30ded
e62cef02
f9dc1612
0908e410
fd1f1b33
120aeff6
dedcfad8
1221060a
f014d3e0
fbd6dfe7
d6e52cef
13e3e8da
29df0d05
06dae9e1
e30f18f1
fe0bd8f2
eb21e4f6
06e60b09
df171b05
e4d90ef9
f3e114e9
d2d626f5
0b1af6d0
f00d250a
d4fd0f00
01d6f90e
311b1017
1714d609
f0111208
12f1e914
1ef4fce6
2809fdde
eef9eada
0e01f3de
d3d41618
f2071a12
d60bf111
fefd0f1b
0118f9ea
dc1ce30c
edf910ed
e4f6f1f3
0719f1f7
fadc05e0
f824fbdc
f9d7d8d6
ca04f6d8
d9101d16
04ec01e9
16d8101e
dfd527f1
f821f32f
1e1b1f15
1a101127
000f2804
eef7c1f9
0624f7da
22f3ebea
ee000101
2c26f0f4
ebfb2217
37faea0d
ccfce42a
16e0fef4
10ea14ea
1809f107
11e303da
e51a23e3
0500e8e7
04030310
e7e81419
daea0e1c
180dd70b
f908fb15
08e202f3
dc08130c
edd319da
f3f0ecff
d8f1fae5
32f0f2e6
07f5061b
09ef1a04
f20bddfe
24cde4eb
030dedf9
17d9f51e
0319dade
f820e60f
ebf9e706
05e6db10
23dff0fe
fd03ff16
fb15e0e8
13f1d618
34dfdf15
eded0c17
d7072017
16f7e620
fad51413
c718e8e9
e7f1dfea
dffb1c0c
e223fad8
d706cfcf
f11002e8
20f9f4d6
161406ec
2d100321
df35dfee
e40d07d4
ef050802
f3d6f3e1
19f2dd07
02f40d01
e3e32d1a
f9e6fb1a
16f902ff
ebfef017
1de1f0ed
ebfc0fec
12d7240c
321edef6
f1f3f923
192a0fea
d41e27ea
2839e2f9
f2f5e828
e634eccf
1cedfe25
e8000f02
f4fbeffc
08ef1c05
29e21601
11f920e1
d72821d9
e51b002c
ffe603e7
2825e6fe
08e4ef17
fd22fdec
fd112807
fe0bdd19
fb151ce4
2bde16ea
f72dfbf6
18f80f0b
0138e0fa
f415eee6
0601e107
f40a181d
e704e8ea
16efe4e3
1bdb09fb
f1f02913
03fc1b02
0a2004e6
11e9e7f9
eafc1419
e3021009
30ecfbdb
0ceffa05
200be802
14f42309
dc27f9f3
fa0feee5
070df00a
22dd04ec
0fe5c9da
faeaf9e7
efeee6e1
20dd07e9
23fd1df3
e20609e7
0724e0fa
1b0e00e1
0519141f
05e22226
09dc1813
0cfd24e2
0cd9f4ed
df15f8e2
d52005e4
dde7f40e
191ce21e
eef6290e
55f8f727
1f25f6f7
1822e2e3
da1109f1
491ff1ee
e8ed0927
f5f6dedc
d9eb53f6
1d0ee010
3af0ff08
22fdfcf4
faff12d9
e3dafcdc
df030ff4
fa1e2b34
0802d52d
5b180102
03e737f6
fdebe808
ebecf0fc
ee03171a
1e14261a
0cebe405
fd621902
00e30014
dd2c1d00
0e1ef6f5
de01e617
f10b2c1d
2528eb15
17fce923
06e9fbc3
fae2081f
fae61c24
2e23fcea
06f61106
d506fc15
010d0323
10efe422
051511e4
fe1cf32f
2110e8f6
f4d80803
104ee9e2
ec3dff25
130fee1a
d5ff13ee
18e82111
0c01fc18
2501dbfe
4e0d12f2
f2fa16f0
18fb26f8
08f94118
e0d60318
e4f90414
0ffedffe
07e337e9
f1dd03fa
02e3f0de
2b0be018
05fa2cfb
ea1ecf02
0cf7e6dc
efe80ee9
25eff714
1ffaebdc
f319fde2
3e011cf6
df1df821
e80c1afc
06f332eb
e01603f7
3f29f806
001c07ea
fe2512f3
ebdde80d
fb191512
460d22ec
fa030313
2aef1723
0417080c
230c1917
e6e2de12
cfd60a0c
02ee0009
27fc0505
e72cf601
23e41afc
da24ec01
e822ef17
e30c03fe
e41e19e7
d6fd1c27
15edece8
fd02261b
2b171b23
dcd507ef
f1f5dded
eef21218
e30f1612
1407e705
ed05fbe7
f311e621
000bdf1a
0ff71c21
22e80709
1b32deef
e835f60b
f4ec1516
edf20402
15fed8f9
0f05e216
1fd61025
301cfb2e
ed01edf2
dffe0112
05f74aff
dc111adb
0b0ff705
1d07eeeb
1618291f
30e4f3dd
1c0ee323
2cf3e6f4
17fb2d14
e905e91c
ef20140c
09152212
11fcebf2
eb11eee3
dbf80e01
dd24ef0b
c4e32421
d2eadfe8
e2100212
e0d210f4
dff515fc
de07260f
0912ff0c
03d90501
dffb42fa
381f10df
140ee0ff
0d1afb01
1ed8112c
ebf427f2
f7e2ff06
cf2bd822
1e00f41f
d7ecee0d
dbfa1303
f9051e20
fb05f4e0
ff0af0f5
ebdde111
182215f5
f321f213
16e325ee
13ed0d16
202d2d0b
f8d2efe6
171704ee
14f11dfb
de010614
02210c00
141e151a
1c0df108
18090b12
0fe606ea
04e8f3f2
e8d90fed
f80a14da
e8e8e42a
f219e2dc
0afa17dc
0eeefef3
13260201
20e4fdfd
11f5e011
293cfe1f
40234edc
dcdb25fb
ee0405ff
10f4fb25
091c0614
43fde622
10f3e609
e73a1a27
f61529ed
0311ed30
07fbd816
3bede405
2cfb2d04
f31615f0
d7e70402
0220f9f0
e3ea181b
ea1de1d6
dc1c0f1d
ef23e6e5
fd03ecdd
f51403fe
10120c0c
f7f2e2e0
f8f5050a
1f233627
0409fae0
021ff4f0
df0810f8
ef1cf9fe
fbf108e8
0709de0c
dd112a11
0afafbfc
ec300dd8
f4fefa23
f9082036
eae51fe2
f2ea0113
e703ef0e
f72a101c
1e070b08
17de00f1
e816f114
0ae7102b
1eece3ec
06efea08
2103fe07
151e1126
162cf7e3
43ded91f
fbdf070b
db191005
14ef17ed
ffe1f716
e115f9e9
e5eded20
23e00605
21f30b03
27f7f6fd
e403f1f8
fb092110
e0f9f722
141fde05
f9142f22
d71ce2f2
fa29dae3
211de8e4
14e9f014
01ef1315
f1dc22fd
12efdc00
111222d2
04091af0
fcdffe19
0c031cdf
2df0f528
210b0a0e
f7322413
3626fa32
d3ff2f09
d931faf5
e3f9232f
22e2d212
fe110f03
e5f52b17
32f4f339
ecf515f7
0c0d29d1
090d0b2d
f6ed12d9
071cee21
16e70a13
020ef316
0f0f0ae3
df271eda
1b26061c
27080a25
ed170611
0a0fda2a
16351b35
fb11f421
e51ee6f4
e00f0921
fb030dd8
19e5fa0e
19cafbfc
17d714fd
09152113
f91c0e1b
f0f31cdb
2d0d0924
ffde0419
f2e8141d
f71ce423
cee90506
fe1ff202
08d3dff7
19360af0
f110dbf1
e5efe7e5
e813daf1
ef120a0e
f11f1d0d
e3d1e606
f7e410ee
e307eddc
1ae3c9ec
222f37e8
14f2f4e7
f428e30e
fe12eb1d
1b10eaee
ffe0fde0
31f8e80a
dc0e0a01
073d1eeb
f5e6fb42
1404df0f
fae70531
f00d071a
2314f109
06231d0e
e51df502
0de40bf3
e7ddf5d4
15151ce6
16f613d3
dc1ceee3
e41b05ee
0b01f8ed
e6dfffec
f6293bad
25040ddc
ef08f908
e3f31801
16140831
e91f05eb
d10038d4
e2191b0d
fd0515e3
e8f11a3d
0b1e0e0f
fdd9f0eb
18dbf322
c7f40cf0
d51a0ff8
f7f4f42e
07cce8ef
1ae51a1e
01f2e006
131f0cf1
f803ecf5
fe29e8ea
e4e3ede8
d111111c
e0edf41f
de210f26
ec1334e5
ede10ef3
00091b04
28f6e6f8
eddeec0b
1ae1fe11
fb12e217
1be21818
f016ee17
01eaf621
05020919
fd14e801
03cfe9d4
ee1ee125
1b2039f1
06e61ee2
daf21be6
19e6e81a
f4fed2e7
360becd3
0ded0e2e
1b0c06fd
03fe11f2
e9241235
1020002a
ed0fe301
f700ee21
181c00f6
f4250f07
f721d73b
03d81930
f11df5eb
03e62a00
002651ae
1939df17
d2110be4
18fa1217
03180200
ea321c02
0c1d1c18
efff130c
f5efeb0d
f90ff90f
00f6e5ef
0aeb4dda
be111ff4
1d2f2308
f12af329
d3f52401
f7f50412
fc19f719
d426e3fd
010c0f30
17f9e731
17e71f04
2e153dde
1917ee1d
281432f2
08f2eb0a
0a133c0f
e5deec02
d7de2533
dae8eb11
f531f53b
10e415e8
2e1d0219
fa0fe411
02e90b0b
e5fa0402
eb2ad9fc
d913f007
1a1d16da
0204e6ff
0b201020
3ef60bd4
d824e511
0ceefee0
0ae91910
fd21f109
091c13f6
f4120e15
1ce7e000
eaf3cd13
03ff153b
f7f716fe
d93bffdb
f1ff29f3
0f3c2a3c
ea16e51e
f5e4eee0
26e31e1a
25301ed9
ff2de1f1
1a37e126
d9dff7fb
df1805d9
011737f9
1f14e7ce
db2be8dd
1201fde1
44f2d000
1fdaf2fe
07152cf7
24f6f40f
000a0014
261e2d18
03e1e5d2
10101df9
e31520ee
d9ff0ee2
e1f408ed
fefde9e7
0527f417
2832f738
091bf0ff
ef0715e9
fa1ceee7
29111cf1
f724df13
30de16e5
f3f9fd24
230b1503
de1d00f6
ff0736e7
10e51513
17161138
e2fe0cf9
0e2ddf39
feda0f0f
d1fa1926
2117061a
2f1af409
f812001f
1fe7f20a
ea17d5e5
e6de1afb
f419fde7
e621f5d7
ec18faed
ee130d00
fffe08df
3000d50d
fe392a08
24f32008
0c0b1a03
0b11ed00
0804182a
21d72204
14eafbd1
de2dedf4
17fa28ed
18fc1d16
1013e3da
1a210a17
f6e2e91e
ebffe414
e8021a13
fc091e14
ca1304f1
100212c7
d4e11be8
17e7db2f
1ceceed7
15f1db16
fd1df3e8
e110041b
0beed8bc
c9f31be4
1ae61312
2520e416
e7f42cff
0717dc02
0012070b
c1f0ff15
f9fa18f4
13dcefd5
e80009f2
15d0f3eb
de0efbe4
c4d003f5
e209f018
f7f033ef
e20deb12
1aed10e2
d4f50b0e
dc09efda
10f61e2d
0d1fc305
d5fe14f7
3efc1a00
d9f30a0d
1710381c
3cdd0ed2
0dd5f4d4
ffe3eae7
d2f7060b
0e21dfe3
0c11e8f6
dad7d1e6
f8f80616
fa03091c
cfdcdb20
e9dd1f0e
38010ef9
e6a8f415
f51efd14
eb03d6d7
071ce9d2
dfccf40b
191bec1a
f11b14f7
220bea19
f00a13df
f40e0d0e
f2041819
f1e921f9
03d90dcf
fce006e0
e1f80b2a
03f7e1fa
f114edf2
322a0406
defdf5d1
1016ddcd
fde40d1d
04fb0a1f
3fff0c19
f9f4081c
ebe21708
dbd5e4eb
12eed8c8
110b2ede
150bffe2
4220e3e2
04100be6
ff0b1114
cbf6cf09
11f80405
dd120e24
d5080507
ec32d5f7
f8ebf4f1
ebecefdd
e516f2d8
ec091308
d0233ad6
150ee706
170b10e9
09030ed0
06f5ddf0
19dbdbed
1d09d7fc
e206e0f6
400ad6fe
e9fae1cb
26e81fd7
32ebe1dd
f1e9daf8
0fed22dd
19fb1ff4
1b48e019
101a0113
020fffed
05f31d0b
ffe2d908
ec12e907
e9f7fcf2
f3ec0209
da09001a
f1ff02d6
201208d7
f8dce107
fdf80af8
efeb06fb
d5fe2014
f80af012
cd10dde2
1222fe16
1a30e401
fad3fbe1
d4f3fefc
e913ecc9
18d4e2ea
17f923d5
defd0821
172101e4
f10defce
1cf9f4ff
08e3ff1c
dcf2cc1b
f5fc10f2
dcf110e1
f7ee2b1f
fbf4f01e
f7ecde21
01ebe20a
dae3e4d9
1b0ee22a
f9f427c8
e7f7e8e2
1518c9db
fae5efe3
e5ebfcf5
e8de0b13
2e38e126
f81006e2
d812e70e
071d0be2
eaf5ebf2
0d171c10
140bf80d
02fcf21e
1dd8fdf4
241cfacf
f302fbf5
e4101924
cae5ecf4
04011c0f
f12102d0
e4dd31f8
f22502f3
eaf50a15
eae2d8f0
f6f10205
ea1be0e9
e3100cda
07ee1f15
0bfde2f3
d9f31ae8
f6e500ed
0600f2ec
11dc16de
e21d0a04
0a0823e2
d80021db
001311d9
140cf81c
19eaf620
cddffbf3
111a07dd
1b0fe21d
05e90ef1
f40b1c06
0b16dc1d
dd06dc13
21f81517
ddf8e702
e90d0dec
203e0e03
09d5ef22
15ead117
f1eef8f4
e216f0df
fa1e0ef7
0414e9f1
2302e9ef
18ff1312
ddf515f5
e5fb12b5
f40cfade
f0d9e608
dfdae714
0ae52130
06edcf14
ebd62c10
fb0decfb
d9fc15e1
02f8f112
c73eedef
e2de0902
04f5ecf0
f1ff17e3
1cfbe8ed
08fd360e
0032f5f6
f8fbfd05
ff04e2ea
cfdee1eb
fcdc12dd
ded8ffe2
fa27f51e
f1f1edf8
c90417f6
0dff01f0
20d5feef
09f31bef
d512f816
f91cf12b
19f21207
f442fa0e
ecdb17e4
081b08fd
1a40dc0d
c3fefc0c
1bf9210a
070313e5
04cdf40e
ccfdd0f8
f4e12bca
0fe4f5eb
fee4dff4
2dddfded
d60521ee
2a0a14f1
ded415e2
dc11ec09
da0f0b2c
0121ec0a
1beaeb31
f21424f7
07e70d2a
1a150515
dc22e223
2f05fe2c
d4f0d917
ddf7e0ad
ec18f0fe
edda12fa
fdf8f5e9
23fcf2f2
fefff226
dad9e907
2009e9d6
dae41918
0c1fe005
04e8fedf
fd0129fb
01fdfe0c
d8eefa1d
b711f416
d610fdf1
2c06ed25
c600f8f5
0106f915
e52a2ddf
ffd81520
ee02d018
02ec16f1
033f0bd4
1eef121e
1acc06ff
07ef2c03
1c1510e2
df121cde
13e90c07
16e4120e
24e7e200
eaeb30fb
0009deea
202903fa
d0e218f1
10f3eaf0
1c21f6e8
ebf0f3e3
e3020bd8
06eb0df4
f601e4f1
d7f21bd5
de1022e8
03f0e221
0d0208dd
d6e70c01
2825fa00
281b03e4
e11206f9
ef12e01b
0bfbe9ff
1cfce43a
091525d7
d627e414
f319f1fc
02122dd2
141f02f1
050e1b0a
130deb18
faf71013
1e3c19db
2e14162a
dbf7c914
14f612f7
e40f2c24
ecd20c00
14daea1d
fb2316fb
1ddb1149
06e9e4eb
f31afada
d7f01019
00f81cdc
381c0010
15e115f8
d911dc10
f400d611
f6060a21
16ee1fdb
fde91419
e119ddda
f229f8d2
ca29ffec
191df4f1
d8f1090d
f6e523f6
0b2bedf0
f70ce4ea
f6fef0d7
0d010e04
e4fa0b0c
d4f211d1
e6ecd0db
23192020
18081602
17fc341a
e1e5f9d9
d1f7f7e0
0fee0812
f30feb28
e508e8dd
e63a09ff
d9f6ee08
f5eee710
e3fa2c1a
1507d713
10150cd7
0af006e5
d41de6eb
120cda04
f8f804d9
2407e528
0e15f9ff
250ce7d9
fa0e08e7
e7f2f611
ebdff600
f228f10f
f30022fa
f0f5e729
fc192412
300a1f10
f832170c
4ae4210d
2c2f10f2
03f4162a
e0e80425
0defddcf
09daf821
f3372203
06ea0817
0b16f90c
fd15f527
d0efd1e0
efe80ba5
0b0b1ff2
0ae50513
011bc1fd
e5130500
13dafc22
f60e2207
e028081a
11232b1b
0708fa15
c11114d6
ff2fece9
ad03f0ef
03f9142a
ffe40a2f
eae51f06
224102ed
1f1bf514
ce13ebc9
091111d2
1708dcf8
ea0b0d1d
3c051a1e
2715d00b
c001e828
e8fd1406
061d2210
1af4dff8
d904e805
34f5fa0a
ef031fe3
0f39f1d7
13da0905
f4eee9ee
0dfaff06
bfd941e0
16eaf808
e7080cea
07f4f501
ec0fd41f
0d3a22e3
dce215ef
d4f2e6e6
fd080916
0b1410ff
24f2e6f7
fc0fee1c
dd3d1304
d7ed27ed
f01027fc
f7331226
1424e319
2f3d2e03
2bf115da
08161fe1
2eeef50b
02d7e002
dcfa08be
1925f5e3
e1332a3e
13e3ee12
feebfc1e
fbdae203
f912f7f1
08e0edac
0b1b19ef
0ded000a
05010c18
f7dbfdf6
dcdbf1fa
c90b20dc
d63bf504
1e120b11
fee9f9f7
ff3d10ff
1d07fa22
c5052110
f8fce306
2e13cb21
23f7281a
ee441ae0
f511fff4
d5dd1fd8
231efe14
e4f20a08
e9052ee3
0f12fa1e
29e6dd1b
edf718e4
12121ff8
e6f91ce5
1513f2fe
d7080fe0
1ef2efe7
fc0a0ef2
db00fafa
db12e6dd
db001702
ff1ae0d5
04e51519
04092104
12f32c0e
e5d813f1
18ee070c
f4f425ee
0109dcfb
e7f11eec
1014e7e0
0715f4db
46f4fd3c
c6ffee0d
0c03dcdf
0c083404
00250224
f8e50c18
2fec1508
2b1e001a
100018e3
edf5070e
f425fe15
08060d01
0722f1d7
06123805
20f400fc
090ada0b
ff060e0a
170911f7
1de9f105
fb2421d5
d3f616ec
0606dee2
2a1dd4ea
0bf1e813
de0eece9
f309041d
0b201718
181d090c
17fce923
01381509
d528f90e
ea08fa2f
e01de0fb
f910ef02
e3dbf828
df12160b
26e947f8
e9e5f9b6
320d1dff
f9dfec2c
f9f31016
f3d5fb00
19e4f8f3
faf019ff
10271213
24e3fee2
dc0314e8
18f3ed1d
07fb09fe
e7112314
00200bf7
d52a0404
e1f701d8
fbf0f6e8
e9dd03dd
22eef5f0
271b38e6
0ce7db09
2024f53b
0ff435d1
f1f4fdd5
0d1cd700
14ea0101
ebe81a20
04fc0515
1cef0601
033415df
27321c40
dfddef19
e6f3d6da
e106feff
fb00e7fe
e00edfcc
18e0eaf0
29e2f4e0
e6f5f1ea
06f91cd8
e00920f6
f2ca101c
f80329f5
ec11f216
e6f0ecf6
ea04f3db
ece4ebca
e4e5fdfa
181a12e4
130addf9
25f9e0c1
da1c1bf7
bfffed14
ef0ced11
e7d2ea10
fef6e0d9
b8ff02df
fddc14fc
cc0bd8e4
e7de0a01
12d613fa
0c1526f5
0f00dc18
f3ead6f0
e9fbdedc
0f1416fe
fc0e131e
e3d6dd1d
ea0ed311
30d8ea03
beeaddc5
15f01dca
ff0f1520
e1ed1dc9
0200f3fe
f5150ae9
0822dd1a
eafee7ef
2208d9f7
fc1ef0d9
f7cc07e8
bc0ff4de
05e514e2
f401d7cd
f8c90ef8
e9fefef7
1ae7e9e5
dc121d11
1326e7f9
10150217
05de22e1
09e8100d
eed70bd9
eccaf91a
1ef3ee1a
0114e6cd
1e06f019
17fa270f
e010f910
d513e9fb
0ad1ee1e
2906f8dd
c81bbff9
fcf2eff7
0e070bdb
f4df112e
e7dbff12
e40fe914
21ef10db
07e8f2d4
17dbf4e2
f001dd12
d70b11d6
eedc05fd
171be8ed
061f1705
1de5d719
bcfbed1b
0c17011f
e200e6ed
da190522
f102edf4
f8170ad2
e6d5ebf1
07bfec10
da15e503
0fe3e5e3
0b0801e9
d31011e9
d9fb03eb
00ededfd
ecf6f3ec
e0fcf613
02d7f4d5
eddb1df2
fcf5041e
09fa0a05
cbdcd7dc
f4ddee0c
0514e8ed
f231d9e5
080c17ec
01d5fb1e
eafbdee6
eac2def4
fbf8f8fe
11e501d9
f70bfadb
04cad617
02ce0fcf
0b20e6cf
dfe8191f
f3db001a
d2dd0d1a
1010eed5
e3e303dd
f119fa0f
e902f0db
d9ff18ee
0a17dfe5
e7cce5fd
1bdeeee3
13dcd6fe
01180cd2
0dea05ed
e9dfff08
f40004ec
fb061af5
f60ce5dd
eae51beb
1d141a21
00150a19
efe2f1cb
e20d02e8
db1df5e9
f4dd0613
daf016c9
f4e205f8
0a1efff7
09fbe514
fd12c40f
e6f5d61d
18f80cd7
0a05f118
f10bfadd
1d11e2e5
cddcbd1b
dccd1f16
e0cc13f5
ec08e711
1beb0218
25e3ee1f
db0bc6e7
05fde908
d6faf9ee
edf0cbe0
eeef1318
c6cee8cd
cbf51a00
f1d10804
fef21714
c80b0d16
fcdbf3f0
f7f415f7
f81c012a
271a0c00
f0ff0e15
0befffdb
26d70af9
d7f10707
0f19f1ec
dc000007
22d6cfd8
e7cd00fa
e52214eb
0afd1313
f3f5f2e3
fadceb12
f027ec10
e3e3f91a
fcdd13d2
11fd0ae0
13f3e0cf
ff0be619
1de1e1de
1a09eb0a
d3e7fa31
d310ddc5
081eff15
1cfc131f
d0e0f7f3
e60218c1
1f0f03ef
e7d6eceb
e411e5f2
e6fdf1ec
f2f2013b
e4edf6f5
081dff0f
f9d8e8d7
15d218f9
ebe4c9e1
e7192304
e8f9f2ef
f7dbe92d
fd0917f8
f0e0f313
e5f004ce
c3231c01
15f00a19
fe110adb
fa0b0a09
120628db
e1121cf6
ef0b10f4
e2e1e1de
f7131319
fb0a06e7
e01a13f4
f00fbe10
d91905db
fc08eaf3
c6e01fde
0ef3211d
d4e403f3
f9e3eae9
e6ebf000
f314dafd
0af9eefd
e7280620
2af20311
e5081303
110407f2
bf19e0d0
f31412d5
e804e4e4
eab90d0f
e5ef08e3
ea11fd13
c6e01a06
010e1be3
2502db01
061814d6
0cfb03e6
d0f70bdc
edf31c1d
d8f110d8
16faf5d2
e606d3db
e2eef214
12e8f312
e10202c9
dce01b0b
3011e217
fdebfd19
edf1dfdd
e1160c16
d9f8dc24
dfdd1c09
e8fdfe0a
0b0b1ee4
dbe9dedc
18fc15c3
f9f8f315
d7120df4
ebefbef2
fa1515fa
0909eb06
e917cee7
cff7e9e9
1a100ff8
ebee0ecf
bdf7e806
e41011f4
dd100318
ffdf191b
18cee209
e5f9dc23
e1061202
fa1904e6
fadd15da
d0e2dc19
e914f0dc
22cee6d7
f5d3e6d6
01d3f510
1cf51813
eafbebf9
f6f6d202
bd10f2e8
17d42815
0e010df1
18ff2010
e423dd29
22fa1e1d
f1e30410
f5d21df3
fc05f8fb
e3e82103
e8e7f7ff
f8dadf13
19e12424
171ff0cf
e9e4011f
ee190800
2205fedb
e415fff5
f3e0d424
04dae007
f607e7ef
d6e912fd
e400f312
d512bac4
eb0df1f5
ead5da07
16d60a00
fbd806f6
1fd8e314
d5050b18
f6ce05ce
edefcdd9
19dd08fe
de0314f1
171dfbe5
0dfed7e4
dfd606d9
082119c3
e4f1d0e3
eef8f7e4
fdd2f810
f3fbeced
09d61ee8
d1f7daf0
e5f3fb03
f7f00bf3
f8ef041c
eedcf027
f82ff404
d207cf05
d8e019fb
f701fd0e
d9150707
16e8eaec
e4eef2fa
e9e4bed2
13d61307
c8fef6cf
fceed3db
fffb02e2
05fe16e3
dff606e1
c90919e9
f123de13
dfe80718
ea1edd1f
fde5defb
fd19f501
18da04ff
e2e40a08
1f06f6ec
e0cb1ded
c5eb0ddf
d806f4fc
0304ffdc
19f1c5f0
17c9d5f9
bf13d3e8
f9fcfef0
0fefe20b
07effae0
ea17fed5
d91b1524
fe12f2e5
11f2fe08
f2c7cd0f
e7e7d020
0803e90e
24f21dfa
23f4d8fe
faeef2ce
ee090ee8
fd14eaf0
f717e8e2
ebec04f5
dee71e1c
d6f60507
fbd6f718
090e260f
17f22af9
d5f119f0
09e6d5b9
14d910f3
dd11d8ec
dd2ecc0a
18dd2105
ee03fff1
04060502
0d0de6df
eee80dd9
0515f119
f7f31305
1df6020f
e313111e
08dc1405
f0d4d606
fbefe911
180df4fc
ee15ffff
e1f01506
e100f2fb
e1d5d8f1
eb10120e
f7eed5eb
24d3f9dc
e40a1ee4
e7fc1600
e115e1f2
03e507cd
e5dc16df
ebedf7f7
fee4e3f1
f705ec02
07cce217
e719e428
eef9d5e2
eaf22503
f00afef0
c5ec1bfc
17fe010f
e7d6f7ed
e7090308
ebe4e8d5
f200e81f
23edf4e1
deddf102
12db1c23
ea18f4f6
100df3d8
20ededd8
0d09eb07
0ed9f6ef
ec192f05
1c1cf5e9
e9e0f601
0a24d927
fd1ae8fa
f7e3edf1
e71d2001
f2db26db
04f909f9
e8e0f105
f328130d
d9f529fc
f3ec0313
100edcbe
da09e2df
130c06e1
f5e8d5f7
27fae6d7
e001ee06
d508ee22
bfd1e3fd
160c0c14
de12e9e9
ec310517
e0ec04d5
07e4ede2
ded3fe1a
edef1d03
d7e2d1f2
f71904d7
0c1b000d
09fdedee
db18d718
060d100b
e3170a1c
de1de01a
12ef12de
f2ff09d1
f0ea220d
07f9dad8
f2d7f9e5
2519e60b
e0d801e9
1922f61f
e90e14db
f2f6ffec
fdfccfe4
0b0419d4
080c1f17
df19e61f
f7fbfff1
f3baedea
14ea1b1b
ec0b211b
f30f08e1
e6151b01
e523f220
0605f201
1ce0ff10
d71c07d7
121a1214
0504e502
22f61af4
db1bf9a4
f00af507
16eb00f6
d3d92410
03cd00e8
fe1efd0d
e713d017
ddd806ba
e0151114
0df2dced
03da01eb
fae0edda
d503fded
e313de03
da12d6aa
f709bb27
e51100d4
0719e8ea
fd1701f7
f9051d0b
dd1beff8
c708dcf0
fa0ad01a
efe821cc
bc1c0ff9
e827f1ec
c119d80c
14ed02f7
18e5ecea
1be0f2e9
f010ece4
1edf02f5
d80b07dc
03f91211
fcd8d8dc
f113c508
ef01fe19
1e04dced
0cd9f208
ffd12900
cf03dee7
cb1ef0fa
ebfc000f
eaf8fad1
1af1d4e0
0734f805
0feeda1e
13ec07d9
05d6fb01
e5e7ce00
cee3071e
cd17f5dd
04e7d6d7
13fc1afc
1600d4f9
1af419e7
db3014ef
122914ea
f00af413
f00d10da
ea01f5cc
21df19ee
dde3e61d
fbe31703
f71521df
001d19fd
e8f0e6f6
f1e5db09
e5eb1b04
fae6ef18
10faff1a
0ffd20e1
f9ff0325
05deedf7
fc020005
21dedd2b
1a08181d
e1e921ed
0f23ef12
1cf3e61a
d51f012b
0924f9dd
dce7e929
ee161b13
f4fb1ce5
02fefd24
fc1af2d6
25f229ff
0d0309e6
eaeb1f08
ec1cebef
0b021806
ff1dfb02
20d6f713
18e4200d
ebdfe8fb
1d0b1812
02ef0e01
23f21d22
fddffedb
ed0ffbe6
12221c23
d804f61f
0312ea1e
e80007fe
1815ddf4
1aedd802
21161ee7
20ea15d8
d80d1b1d
faf1dce9
f308f3f4
18f50100
0c1a1a16
0fe214fd
fa08e219
e209eb15
1200dcdf
1deefdee
19ec160c
1bd5ebf8
f4f804e8
e3d812ed
10d3eae2
10201b20
ee220912
ea28fdf3
14e31e0b
21de1de9
f11a14f8
e706ec0e
fdf2f111
f1eb2206
1017e3d6
ece4e822
e21cdf1f
06e0e6e8
e5041612
1704faf4
00e7f126
040e0fe7
fcf3e804
d6180ce9
1bfff2f9
0c21d8fb
fceefdec
272316f2
15e6030d
defaf4fe
201519f9
06eaf202
16070e07
2106d5f8
dfe5f022
060bf2ed
29dce724
04120ef0
12f9d8ed
f7f3eeec
fe04ec16
f9ef09e2
f5e2e0e7
200a29f8
f20be329
ef11eaf0
f2152017
dad7defb
28152502
0c1529f3
0308f510
24f91eee
e9eee80c
e3e11113
e4ecdee3
07d90a27
e602ecf5
fc15e4fe
0cf0e916
dbf60619
1419d80b
1ee92523
14fde802
e10bf3f2
01160bf6
2c0e00fc
20fcd910
0a1416e9
05e7e725
0cdb1f14
fcf80a15
e9e90907
edef1cf0
e100260a
06071028
d8061805
0afd131b
13f00903
23eef6ec
df1dfae6
ee00e7e8
25f5f200
e9e9fbfa
0505f6fd
fe1818e3
e9efe313
eef81813
13ebf9e6
04041d24
fa0e0517
f0f9f1fe
d60e2113
1be71209
f8fb22ed
e30905ff
ecf2faf4
18dfe30a
effef0e5
15281008
00ff1504
f2181f07
fd16e11f
00fee8ef
29261202
df28eaf6
1c210815
dd0edff0
0118d909
d7f0d711
08f5f20c
ec0003e6
fb25fbf9
26e6050a
070af60a
fb19fe18
f70ee2f3
250b27df
ebfdf100
001c0aff
21151b29
060d2109
f305f2d7
fa08e0e3
02171500
1deae6ee
ed1c1a01
231914f0
04ef1223
1a1b0f1a
1e0ae9d5
1d16f50a
f7070b06
d91d1c18
1a11e4f0
0ffcef09
fffff70a
19190ef8
ebf31f15
f009f4f3
030aed24
25dff522
181ce3e5
1b14e6fe
f0f4e4da
f4fdf1f9
e5f01f10
150310e5
fff2edfd
09edfe05
e6e101e7
e619071c
e3f4fe06
f2e0f408
2605ec19
eff218f7
da0a1ff0
0f19e0e1
0b1fe0db
e1e2f0ec
2513f9ee
f8fe2400
ed1015fb
f40fe91c
e1eef0eb
0ae6e0f2
e8f7e4df
e5dd2020
0822f808
e1e8f91d
01221814
09e801ed
f0f905f0
e5eb090f
f9f7e11d
eefff0f1
faffe0ff
13fdf610
e006ee2b
23dd19fb
ed14e319
12d7e90a
de021713
27d9121e
e3e20e10
e613e103
eb08f9f4
01f4e0ed
f1edeeda
ecf6ffe0
181bf7f6
2102fee1
190ae81d
0d16ddfe
100bef25
df00f3ff
e7010f21
18ea10db
05fae915
1ef10f12
f41d26eb
2720f31c
2005e41b
f00c05ea
dee61adb
040efe0d
e5e1e6dd
fdeaf61f
ec0bfcdd
1e1420f8
f3f51d0f
f819f2f3
f9dce81b
0314070d
19eee820
07f6ff1e
e4fd241a
1809f0f7
02ef1df4
f70f13f9
de131615
081bf519
08eef205
f5f4fa29
23ffd4fa
0b29e9f6
e81dd918
11f21a13
2508dcec
0706fd0d
0e11f928
e2e628ea
e415e104
e42723f8
da0ff7e1
1909f91d
0f0cdffa
0019de19
eb0fe4da
17eb2606
e805051c
0af10914
12d5defb
1adbdbfb
1f25d8ee
16e722fe
fcfcfe13
0803f80b
0b0219fc
e414f21d
131ff1d9
000c0019
f3dffb1e
22ed0f1a
da1e04fc
12e4ea14
dc0be10d
e01a020e
282e1706
0ae92903
e5f80bf9
e21ff911
e4dee606
09f709e7
ee09df1e
fa2919fe
e6fffa20
15e2ec0d
f70803f8
e6dce420
0219ea14
ffefebfc
1ce6ea01
0e1614f3
fdfc1100
09de21e9
fa110b11
25e2f3f3
ef21f212
1c0ff818
04290bfe
e2e01522
1e09e2fd
17e61cf8
19e31ffe
2412e10f
e4e8f911
0c1d24e3
fc21f715
1f13e9fe
fa0c1100
1212fc25
f222fc04
001ceefe
f70515f5
d8dae3e0
02de23f2
fce70df6
eafc10ee
09d40505
f4f4f3f4
120a04dd
23071aef
fbe8e608
0703f8df
f2f4e219
e9eeede9
f8001efe
0ef9e0e2
f103f707
d62420e3
15071f0a
e500e6ed
0eda1c0b
0c0df01e
08f5f0e6
fd200fdc
0609ed19
0bf01a0c
fd181f09
f2d9f812
011e22eb
1d151afa
0fdbf1fa
04e3fe04
2bdae702
e4dae60f
d22a02f6
e3ea0ef4
17e6231a
1d0a1e1f
f20ad70c
23e3260f
17f3f916
fc1410ec
eb070ee3
d6ee031d
0efd0a24
11e61ee5
0cf2f52b
0016051f
0119f30c
18fef510
e5f4ec0d
1b13e4e6
0706f327
d8fcf3fa
f4032324
1cf0f323
1d152523
171a090f
fcf4e40f
efdd1e04
04e701e0
ddf7e800
e9f11aff
0613f20b
e0fe1616
06f0f20b
18110c19
f8fc0420
f5ecf6f5
d3200429
dde5f7d8
14d3e200
e0e21a08
fbd7d702
ffefeedf
10f3d506
171fda04
24f8281b
19e5fafc
e72005ee
19de10e2
28ffe41b
0ef61a24
0e22000e
09f3dc19
04dbe8ed
dfeae20f
e808040c
0f1105f8
1b1b01e4
2603ffd7
fe17fa19
f6eae51e
e61fdb1f
12ef0320
18f50fd7
2a02f8fa
072712f6
d9e11f20
f912fb04
f6f21c01
f9f10a09
dbeeeb1c
e3f5f104
070d0dfb
1ce619d5
0fe5dcfc
fcf522f6
0b121420
08fb25e9
0a08f607
e5f418ed
f21605d7
f6090d1b
10d707d9
04030af2
f0f4d418
0b0bd6e9
0e040112
eff1210e
f717eae3
f8271d08
e7d8e70f
e5060c14
f817f0f6
1c10da1c
1d0a1e10
01e2ddfd
fd26fd10
041c1325
e8edf8fe
ece7e31c
0d10e7e2
0900210c
f9e2f2fd
14ecfb2b
1806e203
d7f616e6
08fc05dc
e10114eb
18e5f9d6
1b191e11
04fe02f2
fae5f7f2
02f30e0c
26f2e320
15e7d6f9
162304ef
011ef9e7
d4eb12e8
ee0913fb
fa181622
1f191f22
dd19e023
f81effed
e20a0419
1807f21b
0305fdf6
11f0ff1f
f0f2fff5
010fe608
f2061c04
04eaf2e0
eeece1e8
0a1b01fb
e3dcdaf5
d9f9fe1d
f6ffe606
1feaf01d
f7ed1303
21ed1ef1
04f5f7ef
05fd14eb
e022f40f
dafffc0b
f205071d
1d0716e0
ff061904
e81102f0
27f3e11c
d7e1040c
fb18ecda
f5fef20b
200a1f11
2224f4ed
e50afa25
fdeb2424
1d09fee0
fce5f426
0807031c
e9e3f41d
efeaefe7
ef0e1f24
eb1fdefa
1a1e0e04
eb1cf0fa
fb0511e7
04f3f71f
0506e220
f026e026
dcfcfae0
eddf18fa
ed15fb0c
0bfb0407
1fe4f123
2be6e81e
f5d9041f
f8e0eadb
12fee8e0
0929e500
05ed2705
f4f2ed18
0af5f2fb
04fafc18
0b19e6fb
182ae9ff
091d1ce2
07fbed14
effaef0e
f3f9251a
da06fa0d
1e12ff1b
de1cdcef
21f809e0
0ceed71d
22fbd4fe
f918ef0c
f9f517d9
f700e7e4
112cfff0
0e1ef02a
d7f6faec
e40f28f5
e5150012
efedec1b
ee0dfb16
f2f127e3
1e1e34e3
231c0e1e
0e020517
e419fb07
1de20df8
0dea0515
11e9f4cf
e9ea1b0e
1405ce24
1f0003eb
f9dc05fe
fcd71af5
da04e7dc
091f1709
23dc3007
1a01fb2c
e90ed2fb
1acfff20
0205ef21
0b10d3ee
0bfa0025
18e5ebf7
feec1eed
f9240b0d
f3f0220d
021306f6
181ddb3a
231acad1
100c19d6
0d01ce0a
08d6ede9
30e6feea
f810f1df
2218f901
defe0cff
f41cfd0f
e827fdde
00e0ee10
f60be8fb
dc13d416
f31af1e4
f0ff07fc
20071d17
18fff6db
08f6ff25
1b1b13c4
25f22eec
1edfde0a
010ef60b
22e90bea
04da15d5
ffebd42a
0ae70026
eaf704ef
f3fd1d16
e4f6ca2c
191810f4
2d0404fb
da29f00c
1a130619
d922eceb
0503d927
db1ddf08
ecf8e6bf
da15432c
2416ec02
ff10f8e0
120b26fc
16e92fe3
d9d7110b
04f70cbf
10efe80a
fbe00f37
391de622
04f00702
fc131722
0e0d1c14
f815e12d
dd1032dd
0f1ee9fc
1a2526f8
13120b25
c7f62d11
0001e80b
d7fedfe9
f2fa0c1c
0b1cd820
13da2c15
0bf22ce5
1309fad5
14ea0708
13f3e5fc
1e03ef03
f3ce0d1e
f91008dd
1c00f215
13f5040b
f9fdd4fe
fe161cd0
cde6da0a
ea1e00f5
1a0a1f1e
0e131ef8
1617101c
ef1904e0
1dfb1a1a
2c1ee8f8
1aeceb30
dedee61d
0c0b0a12
f9fa12fa
e9e3ec16
f5da0f0c
25e4ff00
eefefcec
dd0b0218
1a16f70d
e4ee0307
dbf110f6
e426c00d
09f2fbfb
f10fddf4
e707032b
1a1d09e1
151317fc
01071b02
eaeb3425
d72202f9
ffff0d20
0302d5f0
1dfd0f24
f219f9ed
15e817da
18df0af7
fa10fee4
f92bde1b
0006f6f6
fc18dd08
d3081c0f
1bfa1210
e7f2f003
0ef5d80b
0bef2708
1c0d0525
2138faec
25fdde13
e20402f8
07dc20ed
0c26da20
e1e91ee3
d9e31013
110fdafc
f2ed28e1
21f91ff5
ce0adadc
e1d8ff0a
16cff213
d3ff120f
d21a07ff
041bfe02
eb25031f
0a06df25
d71aefed
f717f7e6
e816e1f0
09e2e313
ebdc21fb
f8ecf7fd
11fafce1
06df1a15
f9fddd0a
0dd2d82d
f5e3e1f1
faf7cbcb
df2e340a
d52321fe
e8c90dfe
e805ddd8
fe1d2bdc
0c091502
ebfefd21
09f11df9
f42125f7
0724140b
e316ea29
30052c09
04eb1dfa
fb12f708
d21e1c05
fb2fe210
fdfb0e35
0e1efc12
f106f0f0
1f1bf0f0
041919ef
03f93223
23d5ec06
0df31e0c
e2f61505
08f9ed02
0bcf0113
2fea0fd6
f0f720fd
0607eaef
e0171eff
d4ede522
20042a0e
fe11e6fd
16260e12
f8d5e826
0839e71c
e4160c20
edf3e3f6
1b010ffa
e737d6e7
e81ff203
2ae2f100
1402fc07
07140c1e
fef2ec12
1b12f207
d3f0121f
18d60aec
06fa2f27
2328e706
2df70e13
d0dbfbea
20fe14e2
02211aef
230efbe5
13fd1ae8
fdeee5ed
ef0af2df
19dd1be3
0de7f8d3
18fb00e6
e7e7eefd
202205dc
0f2a03ee
10e7e8de
09e61814
0af01c01
19f603e8
06dee125
101f10f7
d31ee2dc
1d2f00ec
e935e701
d8e600ea
3a1fdf16
dc1a1b09
0a38e801
def4fbee
3e030205
e7f1290c
031c05c1
e9e317f8
16e801ec
f4102013
d906e5ea
f8e51500
eedae3d5
dc0705dc
01112c23
240a1029
3a37f5ea
07d6e11e
fbfc04dc
d20b2ee7
caf4e2fd
14172503
12f3d61e
021111d8
11141de8
ff200b2b
1524ec1d
1cfeeb14
f722fe27
d6f8e0ec
0de2f5e4
d6fa0c0d
05141fd9
12e90a11
fd18e3dc
1cd80502
f5dfe726
f020f106
36f6fedd
290f191c
fbf7d42b
0aec1b13
e808ec14
e1f308e9
ece21a0d
131412f9
f70617de
fae3e3f0
180809ef
f608de26
1904e50e
10d2d2f4
e233da0a
16f93517
0605df13
dc0de31a
24080dd7
1900fce7
0b0ddc0d
2515241f
1d1c1bf5
f727f8ea
e7f2e610
f3230c2b
12d615e0
e4f02531
fc032011
131a04dc
1321ef17
da19f803
0a22d801
f51134ec
dbf802f9
13e9ef09
e5e3f3ee
26ea1f06
1911d5f7
d91d03c4
24e712fa
100f10f6
fe11e0e9
11d015fb
ede90005
0e1ee6e2
ec22f31b
eb26f516
e2f9ed1f
2b2cf1e9
0e000fff
ef23f3f4
1be10222
1b1bfbf0
1020f3f2
00e2e015
2ada31df
08f31d27
1ff2fde5
f8f405da
f81318ff
0e16f9e3
fe0901ee
eed7ef07
e91008f8
cf1013f9
f3fa092b
17f9150e
1e08e7fe
d81210fc
f20212f8
e8e217fa
e6e8d107
fad7f7f3
09e0f4d8
ed0c18e9
04e91906
ff18d8e3
db12f924
052b1e04
0ce3ede4
fc03f0f7
f6eedfe8
f208e0ef
33f003ea
1aedfb1c
03f9d806
163bf51e
14fb1424
f607e6ec
27e41215
14072a0e
0deb0de4
f616e606
f11b0429
e804f128
d8f22506
faf13c28
f7f017d7
f9360dd6
0aec2717
1ae1e811
0af70cdc
e01b12d6
1b022e1e
ee0cfb18
3504f6fa
fde02130
d316151e
10fb0ee0
04001526
ef143e06
2fdd1354
e73609d3
20fbe21f
f5092a3c
f92efb32
17f8e922
f7e71732
e3eaf224
43f60dff
25dde013
2827defb
e2ebf900
e50c20fa
181a2ce0
f7ece01d
cbdd13fb
1f3b1e11
02271d13
030400ed
e716f8e9
1ed7e70f
21f30705
f800251c
daf8da0d
e4efe8e0
e50d09f1
0ce1f2ec
f7f2e80e
05f92601
f0f5d4fa
0d28ef19
091b50d5
13d803e6
0800f000
100c19fa
0bebff28
0d0e182c
f2d70225
0024e4cc
112005eb
e1402c29
fd30fe3d
170be102
0f32fef9
12ecf006
fc22f712
1e29072d
d9fb2614
d52d0ef8
f20d3af1
e10a18b5
1603d4ec
08e126da
f602fffa
f2d705e8
f3f5e7cd
251d1ffe
eb11dd14
181b22f7
e9f50b1b
11d90ddf
d0e031f5
05fa1801
f71dfc12
0011042a
181e0a06
e2050cfd
0bf500fc
1020d53a
261f191b
0d112a2a
f5eaeee7
0eeb16ea
ff10f427
ff0cf602
0a1913ec
0613320f
1d08f9f3
fc000415
dc00fdde
fb23f312
102110ec
e3f319e8
031ff907
36f7f726
e8160be2
ff212015
d6eb17ec
1debf7e5
07f513ea
eae027e7
3903f309
f9f43417
e4d805fe
1707eaf6
1b3c2aef
04dfd91a
090cf319
f3e0f70c
18ddecdb
31f2f330
20dfdd39
111a07e0
012e32eb
fa20071c
ec03fd33
191720dc
3d161102
edf0111e
0706ede9
fe032a34
e7db1615
05120f22
04ddf1f5
f822f0d3
e9f417f6
e80ff9f8
1bd4f439
0a2bea1b
04182cda
eaeaece3
1ee81cee
e6e426ff
ffe723da
dde201e1
05e9fefe
f9f802fc
22380efd
dbd90f07
141108d6
f20fe10a
f6f50e19
e2f0f008
0227f417
e2321006
eb06fde3
26f60e02
ddda1420
310b25da
cf1add0d
15012413
fdebfb1b
faf90906
0b220608
f41de806
02e40309
0717faf0
fc1b1cf6
271aee1f
101809f6
f404fff0
faf4f11e
06f3e0d4
d315001a
00d7f2de
fbd6f1e7
17e62926
d118e000
ddfbd307
0c3d0dcd
15150607
fd14f01c
f5d2e41d
dae0fc00
1311def8
37f0091e
1e1cd9f9
240af813
